"TreeID","IndicatorName.x","SurveyID.x","FormularString.x","Latest...1.x","Sample.Size.x","Overall.Mean.x","Max.Leaf.Size.x","Max.Leaf.Access.x","Min.Leaf.Size.x","Min.Leaf.Access.x","Max.Leaf.Characteristics.x","Min.Leaf.Characteristics.x","InUse.x.x","Country_ISO.x","Year.x","IndicatorName.y","Country_ISO.y","Year.y","Analysis","Sample.Size","Overall.Mean","Max.Leaf.Size","Max.Leaf.Access","Min.Leaf.Size","Min.Leaf.Access","Max.Leaf.Characteristics","Min.Leaf.Characteristics","Year.y.1","Religion_data","Ethnicity_data","Language_data","mean.diff"
"AFG+2010+BasicWater+Ethnicity+HighestEducation+PoorerHousehold+Residence","BasicWater","AFG2010","Ethnicity+HighestEducation+PoorerHousehold+Residence","0","13116.000075",0.502815056136693,"0.099809073994687","0.838062903083656","0.091133523724076","0.215105771661879","MAX-leaf // PoorerHousehold ~ 0 // Residence ~ Urban // HighestEducation ~ Secondary + Higher","MIN-leaf // PoorerHousehold~1 // Ethnicity~MinorEthnicity + Uzbek/Turkmen","Y","AFG","2010","BasicWater","AFG","2010","BasicWater~PoorerHousehold+Residence+HighestEducation+Ethnicity","13116.000075",0.538217161606718,"0.122234511804849","0.866110666766571","0.273097815227025","0.273666579073341","MAX-leaf//PoorerHousehold~0//Residence~Urban//HighestEducation~Secondary+Higher","MIN-leaf//PoorerHousehold~1//Ethnicity~Dari+MinorEthnicity","2010",NA,"Ready","NN",-0.035402105470025
"AFG+2010+BasicWater+HighestEducation+PoorerHousehold+Residence","BasicWater","AFG2010","HighestEducation+PoorerHousehold+Residence","0","13116.000075",0.502815056136693,"0.099809073994687","0.838062903083656","0.421629490269734","0.295816194013101","MAX-leaf // PoorerHousehold ~ 0 // Residence ~ Urban // HighestEducation ~ Secondary + Higher","MIN-leaf // PoorerHousehold~1","Y","AFG","2010","BasicWater","AFG","2010","BasicWater~PoorerHousehold+Residence+HighestEducation","13116.000075",0.538217161606718,"0.179010546399372","0.841284251626932","0.315802051411624","0.318326414863167","MAX-leaf//PoorerHousehold~0//Residence~Urban","MIN-leaf//PoorerHousehold~1//HighestEducation~Lower","2010",NA,"Ready","NN",-0.035402105470025
"ARM+2010+HigherEducation2535+PoorerHousehold+Residence+Sex","HigherEducation2535","ARM61","PoorerHousehold+Residence+Sex","0","3871.368746",0.298184802001292,"0.310472793954823","0.404054620126352","0.175257357930843","0.095160882483714","MAX-leaf // PoorerHousehold ~ 0 // Sex ~ Male","MIN-leaf // PoorerHousehold~1 // Sex~Male","Y","ARM","2010","HigherEducation2535","ARM","2010","HigherEducation2535 ~ PoorerHousehold + Residence + Sex","3871.368746",0.516634940308008,"0.341068452692417","0.710992736431909","0.175257357930843","0.192328192933389","MAX-leaf // PoorerHousehold ~ 0 // Sex ~ Female","MIN-leaf // PoorerHousehold~1 // Sex~Male","2010","","","",-0.218450138306716
"BGD+2019+ContraceptiveMethod+aGroup+Education+Ethnicity+NUnder5+PoorerHousehold+Religion+Residence","ContraceptiveMethod","BGD2019","aGroup+Education+Ethnicity+NUnder5+PoorerHousehold+Religion+Residence","1","37696.6137570694",0.801665518366682,"0.076352077151176","0.891167882425989","0.104881808575773","0.73430645323646","MAX-leaf // PoorerHousehold ~ 1 // aGroup ~ 15-24 + 25-34 // NUnder5 ~ 0","MIN-leaf // PoorerHousehold~0 // aGroup~15-24 + 35+ // Residence~Rural // NUnder5~1 + 2 + 3 + 4 + 5 + 6","Y","BGD","2019","ContraceptiveMethod","BGD","2019","ContraceptiveMethod~PoorerHousehold+Residence+aGroup+NUnder5+Education+Religion+Ethnicity","38855.7605358874",0.777750196919147,"0.061417506413986","0.878889728362802","0.072835736112974","0.679986488905862","MAX-leaf//PoorerHousehold~1//aGroup~25-34//NUnder5~0","MIN-leaf//PoorerHousehold~0//Residence~Rural//NUnder5~1+2+3+4+5+6//aGroup~15-24","2019","Ready","Ready","NN",0.0239153214475349
"BGD+2019+ContraceptiveMethod+aGroup+Education+NUnder5+PoorerHousehold+Residence","ContraceptiveMethod","BGD2019","aGroup+Education+NUnder5+PoorerHousehold+Residence","1","37696.6137570694",0.801665518366682,"0.153266822287087","0.86611145878257","0.104881808575773","0.73430645323646","MAX-leaf // PoorerHousehold ~ 1 // aGroup ~ 25-34","MIN-leaf // PoorerHousehold~0 // aGroup~15-24 + 35+ // Residence~Rural // NUnder5~1 + 2 + 3 + 4 + 5 + 6","Y","BGD","2019","ContraceptiveMethod","BGD","2019","ContraceptiveMethod~PoorerHousehold+Residence+aGroup+NUnder5+Education","38855.7605358874",0.777750196919147,"0.151510773597261","0.850012569314937","0.204523678303259","0.705954091897073","MAX-leaf//PoorerHousehold~1//aGroup~25-34","MIN-leaf//PoorerHousehold~0//Residence~Rural//NUnder5~1+2+3+4+5+6","2019","Ready","Ready","NN",0.0239153214475349
"BGD+2019+HigherEducation2535+Ethnicity+PoorerHousehold+Religion+Residence+Sex","HigherEducation2535","BGD2019","Ethnicity+PoorerHousehold+Religion+Residence+Sex","1","39393.8475074861",0.139375946403001,"0.108525700928527","0.272053090532122","0.179776856997748","0.019126880636952","MAX-leaf // PoorerHousehold ~ 0 // Sex ~ Male // Residence ~ Urban","MIN-leaf // PoorerHousehold~1 // Sex~Female","Y","BGD","2019","HigherEducation2535","BGD","2019","HigherEducation2535~PoorerHousehold+Residence+Sex+Religion+Ethnicity","44744.644462426",0.122708646918002,"0.103180056290946","0.251928813183278","0.196188674112388","0.015430902842974","MAX-leaf//PoorerHousehold~0//Sex~Male//Residence~Urban","MIN-leaf//PoorerHousehold~1//Sex~Female","2019","Ready","Ready","NN",0.016667299484999
"BGD+2019+HigherEducation2535+PoorerHousehold+Residence+Sex","HigherEducation2535","BGD2019","PoorerHousehold+Residence+Sex","1","39393.8475074861",0.139375946403001,"0.312411381544465","0.241808540954776","0.179776856997748","0.019126880636952","MAX-leaf // PoorerHousehold ~ 0 // Sex ~ Male","MIN-leaf // PoorerHousehold~1 // Sex~Female","Y","BGD","2019","HigherEducation2535","BGD","2019","HigherEducation2535~PoorerHousehold+Residence+Sex","44744.644462426",0.122708646918002,"0.295892093261774","0.224777305899959","0.196188674112388","0.015430902842974","MAX-leaf//PoorerHousehold~0//Sex~Male","MIN-leaf//PoorerHousehold~1//Sex~Female","2019","Ready","Ready","NN",0.016667299484999
"BGD+2019+HigherEducation35plus+Ethnicity+PoorerHousehold+Religion+Residence+Sex","HigherEducation35plus","BGD2019","Ethnicity+PoorerHousehold+Religion+Residence+Sex","1","48882.9912988377",0.092508652445143,"0.150289767559638","0.243136565521657","0.107177602803313","0.00396263129721","MAX-leaf // Residence ~ Urban // Sex ~ Male","MIN-leaf // Residence~Rural // PoorerHousehold~1 // Sex~Female","Y","BGD","2019","HigherEducation35plus","BGD","2019","HigherEducation35plus~PoorerHousehold+Residence+Sex+Religion+Ethnicity","89852.9174417914",0.050327799934516,"0.109063400849718","0.182274638509658","0.185227163486723","0.001247408271046","MAX-leaf//Residence~Urban//Sex~Male","MIN-leaf//Residence~Rural//PoorerHousehold~1//Sex~Female","2019","Ready","Ready","NN",0.042180852510627
"BGD+2019+HigherEducation35plus+PoorerHousehold+Residence+Sex","HigherEducation35plus","BGD2019","PoorerHousehold+Residence+Sex","1","48882.9912988377",0.092508652445143,"0.150289767559636","0.243136565521661","0.107177602803313","0.00396263129721","MAX-leaf // Residence ~ Urban // Sex ~ Male","MIN-leaf // Residence~Rural // PoorerHousehold~1 // Sex~Female","Y","BGD","2019","HigherEducation35plus","BGD","2019","HigherEducation35plus~PoorerHousehold+Residence+Sex","89852.9174417914",0.050327799934516,"0.210910033171922","0.134979945061628","0.185227163486723","0.001247408271046","MAX-leaf//Residence~Urban","MIN-leaf//Residence~Rural//PoorerHousehold~1//Sex~Female","2019","Ready","Ready","NN",0.042180852510627
"BGD+2019+ProfessionalHelp+aGroup+Education+Ethnicity+MarriageStatus+NUnder5+PoorerHousehold+Religion+Residence","ProfessionalHelp","BGD2019","aGroup+Education+Ethnicity+MarriageStatus+NUnder5+PoorerHousehold+Religion+Residence","1","9183.04151671749",0.589752345396147,"0.078800848163357","0.865454254192066","0.062826861598719","0.208652113719405","MAX-leaf // PoorerHousehold ~ 0 // Education ~ Secondary // Residence ~ Urban // aGroup ~ 25-34 + 35+","MIN-leaf // PoorerHousehold~1 // Education~Lower // NUnder5~2 + 3 + 4 + 5","Y","BGD","2019","ProfessionalHelp","BGD","2019","ProfessionalHelp~PoorerHousehold+Residence+aGroup+MarriageStatus+NUnder5+Education+Religion+Ethnicity","9183.04151671749",0.911444010767541,"0.144636864265835","0.956475463042762","0.062826861598719","0.855185601709738","MAX-leaf//PoorerHousehold~0//Education~Secondary//Residence~Urban","MIN-leaf//PoorerHousehold~1//Education~Lower//NUnder5~2+3+4+5","2019","Ready","Ready","NN",-0.321691665371394
"BGD+2019+ProfessionalHelp+aGroup+Education+MarriageStatus+NUnder5+PoorerHousehold+Residence","ProfessionalHelp","BGD2019","aGroup+Education+MarriageStatus+NUnder5+PoorerHousehold+Residence","1","9183.04151671749",0.589752345396147,"0.144636864265835","0.843744169353893","0.204069459739668","0.29634127363043","MAX-leaf // PoorerHousehold ~ 0 // Education ~ Secondary // Residence ~ Urban","MIN-leaf // PoorerHousehold~1 // Education~Lower","Y","BGD","2019","ProfessionalHelp","BGD","2019","ProfessionalHelp~PoorerHousehold+Residence+aGroup+MarriageStatus+NUnder5+Education","9183.04151671749",0.911444010767541,"0.144636864265835","0.956475463042762","0.204069459739668","0.869796797901913","MAX-leaf//PoorerHousehold~0//Education~Secondary//Residence~Urban","MIN-leaf//PoorerHousehold~1//Education~Lower","2019","Ready","Ready","NN",-0.321691665371394
"BGD+2019+SecondaryEducation2035+Ethnicity+PoorerHousehold+Religion+Residence+Sex","SecondaryEducation2035","BGD2019","Ethnicity+PoorerHousehold+Religion+Residence+Sex","1","60423.8790782157",0.271423363902594,"0.102302674144962","0.423896860990445","0.176802660752779","0.075914782478133","MAX-leaf // PoorerHousehold ~ 0 // Sex ~ Male // Residence ~ Urban","MIN-leaf // PoorerHousehold~1 // Sex~Female","Y","BGD","2019","SecondaryEducation2035","BGD","2019","SecondaryEducation2035~PoorerHousehold+Residence+Sex+Religion+Ethnicity","66966.4441368085",0.244905530386946,"0.09889664388647","0.395655308092466","0.189605302023331","0.063872811744871","MAX-leaf//PoorerHousehold~0//Sex~Male//Residence~Urban","MIN-leaf//PoorerHousehold~1//Sex~Female","2019","Ready","Ready","NN",0.026517833515648
"BGD+2019+SecondaryEducation2035+PoorerHousehold+Residence+Sex","SecondaryEducation2035","BGD2019","PoorerHousehold+Residence+Sex","1","60423.8790782157",0.271423363902594,"0.307802962329206","0.405289005092384","0.176802660752777","0.075914782478134","MAX-leaf // PoorerHousehold ~ 0 // Sex ~ Male","MIN-leaf // PoorerHousehold~1 // Sex~Female","Y","BGD","2019","SecondaryEducation2035","BGD","2019","SecondaryEducation2035~PoorerHousehold+Residence+Sex","66966.4441368085",0.244905530386946,"0.295627312138173","0.380753957710814","0.189605302023331","0.063872811744871","MAX-leaf//PoorerHousehold~0//Sex~Male","MIN-leaf//PoorerHousehold~1//Sex~Female","2019","Ready","Ready","NN",0.026517833515648
"BGD+2019+SecondaryEducation35plus+Ethnicity+PoorerHousehold+Religion+Residence+Sex","SecondaryEducation35plus","BGD2019","Ethnicity+PoorerHousehold+Religion+Residence+Sex","1","52315.1092325491",0.162667907429445,"0.148893135260237","0.353164523759047","0.109788094146421","0.013080627437356","MAX-leaf // Residence ~ Urban // Sex ~ Male","MIN-leaf // Residence~Rural // PoorerHousehold~1 // Sex~Female","Y","BGD","2019","SecondaryEducation35plus","BGD","2019","SecondaryEducation35plus~PoorerHousehold+Residence+Sex+Religion+Ethnicity","94143.2346071058",0.090394061573483,"0.096163990207101","0.301591383224444","0.198199305104368","0.004414509738334","MAX-leaf//PoorerHousehold~0//Residence~Urban//Sex~Male","MIN-leaf//PoorerHousehold~1//Sex~Female","2019","Ready","Ready","NN",0.072273845855962
"BGD+2019+SecondaryEducation35plus+PoorerHousehold+Residence+Sex","SecondaryEducation35plus","BGD2019","PoorerHousehold+Residence+Sex","1","52315.1092325491",0.162667907429445,"0.148893135260236","0.353164523759052","0.109788094146421","0.013080627437356","MAX-leaf // Residence ~ Urban // Sex ~ Male","MIN-leaf // Residence~Rural // PoorerHousehold~1 // Sex~Female","Y","BGD","2019","SecondaryEducation35plus","BGD","2019","SecondaryEducation35plus~PoorerHousehold+Residence+Sex","94143.2346071058",0.090394061573483,"0.184781788684491","0.236550477897821","0.198199305104368","0.004414509738334","MAX-leaf//PoorerHousehold~0//Residence~Urban","MIN-leaf//PoorerHousehold~1//Sex~Female","2019","Ready","Ready","NN",0.072273845855962
"BTN+2010+ContraceptiveMethod+aGroup+Education+NUnder5+PoorerHousehold+Residence","ContraceptiveMethod","BTN2010","aGroup+Education+NUnder5+PoorerHousehold+Residence","1","8400.593145",0.780597514224693,"0.108230798862239","0.877396516067233","0.176182760366262","0.661602608550047","MAX-leaf // aGroup ~ 35+ // PoorerHousehold ~ 1 // NUnder5 ~ 0","MIN-leaf // aGroup~15-24","Y","BTN","2010","ContraceptiveMethod","BTN","2010","ContraceptiveMethod~PoorerHousehold+Residence+aGroup+NUnder5+Education","8703.583988",0.768888233999541,"0.290721946555428","0.815411983238833","0.253326037301404","0.726968345914721","MAX-leaf//aGroup~15-24+25-34//NUnder5~1","MIN-leaf//aGroup~35+//PoorerHousehold~0","2010",NA,NA,NA,0.0117092802251521
"BTN+2010+ContraceptiveMethod+aGroup+Education+NUnder5+PoorerHousehold+Residence","ContraceptiveMethod","BTN2010","aGroup+Education+NUnder5+PoorerHousehold+Residence","1","8400.593145",0.780597514224693,"0.108230798862239","0.877396516067233","0.176182760366262","0.661602608550047","MAX-leaf // aGroup ~ 35+ // PoorerHousehold ~ 1 // NUnder5 ~ 0","MIN-leaf // aGroup~15-24","Y","BTN","2010","ContraceptiveMethod","BTN","2010","ContraceptiveMethod~PoorerHousehold+Residence+aGroup+NUnder5+Education","8703.583988",0.768888233999541,"0.290721946555428","0.815411983238833","0.253326037301404","0.726968345914721","MAX-leaf//aGroup~15-24+25-34//NUnder5~1","MIN-leaf//aGroup~35+//PoorerHousehold~0","2010",NA,NA,NA,0.0117092802251521
"BTN+2010+ContraceptiveMethod+aGroup+Education+NUnder5+PoorerHousehold+Residence","ContraceptiveMethod","BTN2010","aGroup+Education+NUnder5+PoorerHousehold+Residence","1","8400.593145",0.780597514224693,"0.163628745408072","0.860684092155064","0.176182760366262","0.661602608550047","MAX-leaf // aGroup ~ 35+ // PoorerHousehold ~ 1","MIN-leaf // aGroup~15-24","Y","BTN","2010","ContraceptiveMethod","BTN","2010","ContraceptiveMethod~PoorerHousehold+Residence+aGroup+NUnder5+Education","8703.583988",0.768888233999541,"0.290721946555428","0.815411983238833","0.253326037301404","0.726968345914721","MAX-leaf//aGroup~15-24+25-34//NUnder5~1","MIN-leaf//aGroup~35+//PoorerHousehold~0","2010",NA,NA,NA,0.0117092802251521
"BTN+2010+ContraceptiveMethod+aGroup+Education+NUnder5+PoorerHousehold+Residence","ContraceptiveMethod","BTN2010","aGroup+Education+NUnder5+PoorerHousehold+Residence","1","8400.593145",0.780597514224693,"0.163628745408072","0.860684092155064","0.176182760366262","0.661602608550047","MAX-leaf // aGroup ~ 35+ // PoorerHousehold ~ 1","MIN-leaf // aGroup~15-24","Y","BTN","2010","ContraceptiveMethod","BTN","2010","ContraceptiveMethod~PoorerHousehold+Residence+aGroup+NUnder5+Education","8703.583988",0.768888233999541,"0.290721946555428","0.815411983238833","0.253326037301404","0.726968345914721","MAX-leaf//aGroup~15-24+25-34//NUnder5~1","MIN-leaf//aGroup~35+//PoorerHousehold~0","2010",NA,NA,NA,0.0117092802251521
"GEO+2018+SecondaryEducation2035+PoorerHousehold+Residence+Sex","SecondaryEducation2035","GEO2018","PoorerHousehold+Residence+Sex","1","8818.77600392399",0.772942216430352,"0.340075509993513","0.842529653122989","0.162819461085116","0.642150214735969","MAX-leaf // PoorerHousehold ~ 0 // Sex ~ FEMALE","MIN-leaf // PoorerHousehold~1 // Sex~FEMALE","Y","GEO","2018","SecondaryEducation2035","GEO","2018","SecondaryEducation2035~PoorerHousehold+Residence+Sex","8818.77600392399",0.746402149868048,"0.340075509993513","0.830854673105467","0.162819461085116","0.594023792309915","MAX-leaf//PoorerHousehold~0//Sex~Female","MIN-leaf//PoorerHousehold~1//Sex~Female","2018","Ready","Ready","NN",0.026540066562304
"IDN+2012+BasicWater+HighestEducation+PoorerHousehold+Residence","BasicWater","IDN63","HighestEducation+PoorerHousehold+Residence","0","43852.000687",0.666620736341137,"0.127582313038194","0.6969788636702","0.175398869002577","0.631751115252052","MAX-leaf // Residence ~ Urban // PoorerHousehold ~ 0 // HighestEducation ~ Higher","MIN-leaf // Residence~Rural // HighestEducation~Secondary + Higher // PoorerHousehold~1","Y","IDN","2012","BasicWater","IDN","2012","BasicWater ~ PoorerHousehold + Residence + HighestEducation","43852.000687",0.733168875406207,"0.127582313038194","0.929620403880811","0.139951804612175","0.478932442158923","MAX-leaf // PoorerHousehold ~ 0 // Residence ~ Urban // HighestEducation ~ Higher","MIN-leaf // PoorerHousehold~1 // Residence~Rural // HighestEducation~Lower","2012","","","",-0.06654813906507
"IDN+2017+Covid+aGroupPR+EducationPR+PoorerHousehold+Residence+Sex","Covid","IDN71","aGroupPR+EducationPR+PoorerHousehold+Residence+Sex","1","188565.613132",0.473064839868526,"0.120066623086526","0.655413379781661","0.171416697859828","0.219788429913574","MAX-leaf // PoorerHousehold ~ 0 // aGroupPR ~ 25-59 + 60+ // Residence ~ Rural","MIN-leaf // PoorerHousehold~1 // aGroupPR~0-24","Y","IDN","2017","Covid","IDN","2017","Covid ~ PoorerHousehold + Residence + aGroupPR + EducationPR + Sex","188565.613132",0.451023117457078,"0.175708703085791","0.642505215901373","0.088397780046624","0.176521115800045","MAX-leaf // PoorerHousehold ~ 0 // aGroupPR ~ 25-59 + 60+ // Sex ~ Female","MIN-leaf // PoorerHousehold~1 // aGroupPR~0-24 // Sex~Male","2017","","","",0.022041722411448
"IDN+2017+SafeSanitation+HighestEducation+PoorerHousehold+Residence","SafeSanitation","IDN71","HighestEducation+PoorerHousehold+Residence","1","47963.001382",0.714531182151198,"0.190514275643918","0.932947493558129","0.145825191094585","0.427401818064118","MAX-leaf // PoorerHousehold ~ 0 // HighestEducation ~ Higher","MIN-leaf // PoorerHousehold~1 // HighestEducation~Lower","Y","IDN","2017","SafeSanitation","IDN","2017","SafeSanitation ~ PoorerHousehold + Residence + HighestEducation","47963.001382",0.797609571496853,"0.190540381474744","0.978340717991339","0.145825191094585","0.525495598937681","MAX-leaf // PoorerHousehold ~ 0 // HighestEducation ~ Higher","MIN-leaf // PoorerHousehold~1 // HighestEducation~Lower","2017","","","",-0.0830783893456549
"IDN+2017+SafeSanitationPR+aGroupPR+EducationPR+PoorerHousehold+Residence+Sex","SafeSanitationPR","IDN71","aGroupPR+EducationPR+PoorerHousehold+Residence+Sex","1","188565.613132",0.905884926640485,"0.228726359311396","0.986580353174175","0.112183528940627","0.754789819308114","MAX-leaf // PoorerHousehold ~ 0 // EducationPR ~ Secondary + Higher // aGroupPR ~ 25-59 + 60+","MIN-leaf // PoorerHousehold~1 // EducationPR~Lower // aGroupPR~25-59","Y","IDN","2017","SafeSanitationPR","IDN","2017","SafeSanitationPR ~ PoorerHousehold + Residence + aGroupPR + EducationPR + Sex","188565.613132",0.809876713349089,"0.109890957549584","0.974310236042609","0.112183528940627","0.53670399522477","MAX-leaf // PoorerHousehold ~ 0 // EducationPR ~ Secondary + Higher // aGroupPR ~ 25-59 + 60+ // Sex ~ Female","MIN-leaf // PoorerHousehold~1 // EducationPR~Lower // aGroupPR~25-59","2017","","","",0.0960082132913961
"KAZ+2010+BasicWater+Ethnicity+HighestEducation+PoorerHousehold+Religion+Residence","BasicWater","KAZ2010","Ethnicity+HighestEducation+PoorerHousehold+Religion+Residence","0.5","15800",0.92257191718002,"0.536110603009134","0.988912776907772","0.183142473202096","0.773353757844236","MAX-leaf // PoorerHousehold ~ 0 // Residence ~ Urban","MIN-leaf // PoorerHousehold~1 // Residence~Rural // Ethnicity~Kazakh","Y","KAZ","2010","BasicWater","KAZ","2010","BasicWater ~ PoorerHousehold + Residence + HighestEducation + Religion + Ethnicity","15800",0.940455081196754,"0.536110603009128","0.990977265563575","0.183142473202096","0.8190944678064","MAX-leaf // PoorerHousehold ~ 0 // Residence ~ Urban","MIN-leaf // PoorerHousehold~1 // Residence~Rural // Ethnicity~Kazakh","2010","Ready","Ready","NN",-0.0178831640167341
"KAZ+2010+BasicWater+HighestEducation+PoorerHousehold+Residence","BasicWater","KAZ2010","HighestEducation+PoorerHousehold+Residence","0.5","15800",0.92257191718002,"0.536110603009134","0.988912776907772","0.332404642386573","0.810181485945115","MAX-leaf // PoorerHousehold ~ 0 // Residence ~ Urban","MIN-leaf // PoorerHousehold~1","Y","KAZ","2010","BasicWater","KAZ","2010","BasicWater ~ PoorerHousehold + Residence + HighestEducation","15800",0.940455081196754,"0.536110603009128","0.990977265563575","0.332404642386572","0.854771264238787","MAX-leaf // PoorerHousehold ~ 0 // Residence ~ Urban","MIN-leaf // PoorerHousehold~1","2010","Ready","Ready","NN",-0.0178831640167341
"KAZ+2010+ContraceptiveMethod+aGroup+Education+Ethnicity+NUnder5+PoorerHousehold+Religion+Residence","ContraceptiveMethod","KAZ2010","aGroup+Education+Ethnicity+NUnder5+PoorerHousehold+Religion+Residence","0","5824.93831535719",0.720750352377936,"0.055880050234479","0.784442925105384","0.110927963935074","0.555241415310239","MAX-leaf // aGroup ~ 25-34 + 35+ // NUnder5 ~ 0 + 1 // Education ~ Lower // Ethnicity ~ MinorEthnicity","MIN-leaf // aGroup~15-24","Y","KAZ","2010","ContraceptiveMethod","KAZ","2010","ContraceptiveMethod ~ PoorerHousehold + Residence + aGroup + NUnder5 + Education + Religion + Ethnicity","7579.00548435548",0.655871077003683,"0.055851870296363","0.837535519789743","0.071009715963041","0.518303744186354","MAX-leaf // aGroup ~ 15-24 // NUnder5 ~ 0 + 1 // Residence ~ Urban","MIN-leaf // aGroup~35+ // Education~Lower + Secondary // Residence~Urban // Ethnicity~Russian","2010","Ready","Ready","NN",0.0648792753742531
"KAZ+2010+ContraceptiveMethod+aGroup+Education+NUnder5+PoorerHousehold+Residence","ContraceptiveMethod","KAZ2010","aGroup+Education+NUnder5+PoorerHousehold+Residence","0","5824.93831535719",0.720750352377936,"0.512660736208024","0.761693894749241","0.110927963935074","0.555241415310239","MAX-leaf // aGroup ~ 25-34 + 35+ // NUnder5 ~ 0 + 1 // Education ~ Lower","MIN-leaf // aGroup~15-24","Y","KAZ","2010","ContraceptiveMethod","KAZ","2010","ContraceptiveMethod ~ PoorerHousehold + Residence + aGroup + NUnder5 + Education","7579.00548435548",0.655871077003683,"0.22543496832009","0.805375097961803","0.208852253485752","0.543077047831133","MAX-leaf // aGroup ~ 15-24 + 25-34 // NUnder5 ~ 0 + 1 // Residence ~ Urban","MIN-leaf // aGroup~35+ // Education~Lower + Secondary // Residence~Urban","2010","Ready","Ready","NN",0.0648792753742531
"KAZ+2010+SecondaryEducation2035+Ethnicity+PoorerHousehold+Religion+Residence+Sex","SecondaryEducation2035","KAZ2010","Ethnicity+PoorerHousehold+Religion+Residence+Sex","0","13460.5755563363",0.992131840294871,"0.632935168654889","0.995980266935024","0.094266253446463","0.971947555918217","MAX-leaf // PoorerHousehold ~ 0","MIN-leaf // PoorerHousehold~1 // Ethnicity~MinorEthnicity + Russian","Y","KAZ","2010","SecondaryEducation2035","KAZ","2010","SecondaryEducation2035 ~ PoorerHousehold + Residence + Sex + Religion + Ethnicity","13460.5755563363",0.886803347236118,"0.184165522313884","0.952621015948352","0.094266253446463","0.7262107535413","MAX-leaf // PoorerHousehold ~ 0 // Ethnicity ~ Kazakh // Sex ~ Female","MIN-leaf // PoorerHousehold~1 // Ethnicity~MinorEthnicity + Russian","2010","Ready","Ready","NN",0.105328493058753
"KAZ+2010+SecondaryEducation2035+PoorerHousehold+Residence+Sex","SecondaryEducation2035","KAZ2010","PoorerHousehold+Residence+Sex","0","13460.5755563363",0.992131840294871,"0.632935168654889","0.995980266935024","0.192752999742283","0.982460939385743","MAX-leaf // PoorerHousehold ~ 0","MIN-leaf // PoorerHousehold~1 // Sex~Male","Y","KAZ","2010","SecondaryEducation2035","KAZ","2010","SecondaryEducation2035 ~ PoorerHousehold + Residence + Sex","13460.5755563363",0.886803347236118,"0.256400744384299","0.930735756372876","0.192752999742283","0.828563524950108","MAX-leaf // PoorerHousehold ~ 0 // Residence ~ Urban // Sex ~ Female","MIN-leaf // PoorerHousehold~1 // Sex~Male","2010","Ready","Ready","NN",0.105328493058753
"KAZ+2015+BasicWater+Ethnicity+HighestEducation+PoorerHousehold+Residence","BasicWater","KAZ2015","Ethnicity+HighestEducation+PoorerHousehold+Residence","1","16500",0.960736378001772,"0.539419519395968","0.995019212843459","0.206411766295854","0.883333872467308","MAX-leaf // PoorerHousehold ~ 0 // Residence ~ Urban","MIN-leaf // PoorerHousehold~1 // Residence~Rural // HighestEducation~Lower + Secondary","Y","KAZ","2015","BasicWater","KAZ","2015","BasicWater ~ PoorerHousehold + Residence + HighestEducation + Ethnicity","16500",0.985480599246133,"0.655699250559622","0.995877257119767","0.144817917687536","0.958862980753595","MAX-leaf // PoorerHousehold ~ 0","MIN-leaf // PoorerHousehold~1 // HighestEducation~Lower + Secondary // Ethnicity~Kazakh","2015",NA,"Ready","NN",-0.0247442212443609
"KAZ+2015+BasicWater+HighestEducation+PoorerHousehold+Residence","BasicWater","KAZ2015","HighestEducation+PoorerHousehold+Residence","1","16500",0.960736378001772,"0.539419519395968","0.995019212843459","0.344300749440377","0.897854256018531","MAX-leaf // PoorerHousehold ~ 0 // Residence ~ Urban","MIN-leaf // PoorerHousehold~1","Y","KAZ","2015","BasicWater","KAZ","2015","BasicWater ~ PoorerHousehold + Residence + HighestEducation","16500",0.985480599246133,"0.655699250559622","0.995877257119767","0.344300749440379","0.965680814357059","MAX-leaf // PoorerHousehold ~ 0","MIN-leaf // PoorerHousehold~1","2015",NA,"Ready","NN",-0.0247442212443609
"KGZ+2014+BasicWater+HighestEducation+PoorerHousehold+Residence","BasicWater","KGZ2014","HighestEducation+PoorerHousehold+Residence","0.5","6934",0.86846797079226,"0.36945398224842","0.996170541696955","0.344832092958136","0.668982230328657","MAX-leaf // PoorerHousehold ~ 0 // Residence ~ Urban","MIN-leaf // PoorerHousehold~1","Y","KGZ","2014","BasicWater","KGZ","2014","BasicWater ~ PoorerHousehold + Residence + HighestEducation","6934",0.888922268946296,"0.36945398224842","0.996597747569492","0.344832092958136","0.71603037900268","MAX-leaf // PoorerHousehold ~ 0 // Residence ~ Urban","MIN-leaf // PoorerHousehold~1","2014","Ready",NA,NA,-0.020454298154036
"KGZ+2014+ContraceptiveMethod+aGroup+Education+NUnder5+PoorerHousehold+Residence","ContraceptiveMethod","KGZ2014","aGroup+Education+NUnder5+PoorerHousehold+Residence","0.5","2674.4331013031",0.710896118237976,"0.410588058142044","0.805864469542142","0.175136046550514","0.518296875873271","MAX-leaf // aGroup ~ 35+","MIN-leaf // aGroup~15-24","Y","KGZ","2014","ContraceptiveMethod","KGZ","2014","ContraceptiveMethod ~ PoorerHousehold + Residence + aGroup + NUnder5 + Education","2823.60037178142",0.698418590424496,"0.114279612290006","0.839349847239152","0.133557480744265","0.577061329188506","MAX-leaf // NUnder5 ~ 0 // Residence ~ Urban","MIN-leaf // NUnder5~2 + 3 + 4 + 5 // PoorerHousehold~1","2014","Ready",NA,NA,0.01247752781348
"KGZ+2018+BasicWater+Ethnicity+HighestEducation+PoorerHousehold+Residence","BasicWater","KGZ2018","Ethnicity+HighestEducation+PoorerHousehold+Residence","1","6968.00000000001",0.92595862660228,"0.408042964892676","0.998557140267948","0.192303072357699","0.774043434994713","MAX-leaf // PoorerHousehold ~ 0 // Residence ~ URBAN","MIN-leaf // PoorerHousehold~1 // Ethnicity~Kyrgyz // HighestEducation~Lower + Secondary","Y","KGZ","2018","BasicWater","KGZ","2018","BasicWater ~ PoorerHousehold + Residence + HighestEducation + Ethnicity","6968.00000000001",0.939782396009257,"0.408042964892677","0.998946698251986","0.202949324482967","0.810149527754757","MAX-leaf // PoorerHousehold ~ 0 // Residence ~ Urban","MIN-leaf // PoorerHousehold~1 // Ethnicity~Kyrgyz + MinorEthnicity // HighestEducation~Lower + Secondary","2018",NA,"Ready","NN",-0.0138237694069769
"KGZ+2018+BasicWater+HighestEducation+PoorerHousehold+Residence","BasicWater","KGZ2018","HighestEducation+PoorerHousehold+Residence","1","6968.00000000001",0.92595862660228,"0.408042964892676","0.998557140267948","0.35100964163592","0.826241782206636","MAX-leaf // PoorerHousehold ~ 0 // Residence ~ URBAN","MIN-leaf // PoorerHousehold~1","Y","KGZ","2018","BasicWater","KGZ","2018","BasicWater ~ PoorerHousehold + Residence + HighestEducation","6968.00000000001",0.939782396009257,"0.408042964892677","0.998946698251986","0.351009641635919","0.857682430121471","MAX-leaf // PoorerHousehold ~ 0 // Residence ~ Urban","MIN-leaf // PoorerHousehold~1","2018",NA,"Ready","NN",-0.0138237694069769
"KGZ+2018+ContraceptiveMethod+aGroup+Education+Ethnicity+NUnder5+PoorerHousehold+Residence","ContraceptiveMethod","KGZ2018","aGroup+Education+Ethnicity+NUnder5+PoorerHousehold+Residence","1","2092.48100719186",0.751507628377114,"0.11441895283315","0.898375051351289","0.125189351445834","0.604732143781717","MAX-leaf // aGroup ~ 15-24 + 25-34 // NUnder5 ~ 0 + 1 // Education ~ Higher","MIN-leaf // aGroup~35+ // PoorerHousehold~1 // NUnder5~0","Y","KGZ","2018","ContraceptiveMethod","KGZ","2018","ContraceptiveMethod ~ PoorerHousehold + Residence + aGroup + NUnder5 + Education + Ethnicity","2701.18513849693",0.59967365088278,"0.086210303114985","0.878622505236718","0.103365829386707","0.314221967452713","MAX-leaf // NUnder5 ~ 0 // Education ~ Higher","MIN-leaf // NUnder5~1 + 2 + 3 + 4 + 7 // aGroup~15-24 // Residence~Rural","2018",NA,"Ready","NN",0.151833977494334
"KGZ+2018+ContraceptiveMethod+aGroup+Education+NUnder5+PoorerHousehold+Residence","ContraceptiveMethod","KGZ2018","aGroup+Education+NUnder5+PoorerHousehold+Residence","1","2092.48100719186",0.751507628377114,"0.11441895283315","0.898375051351289","0.205258689874032","0.626786344297165","MAX-leaf // aGroup ~ 15-24 + 25-34 // NUnder5 ~ 0 + 1 // Education ~ Higher","MIN-leaf // aGroup~35+ // PoorerHousehold~1","Y","KGZ","2018","ContraceptiveMethod","KGZ","2018","ContraceptiveMethod ~ PoorerHousehold + Residence + aGroup + NUnder5 + Education","2701.18513849693",0.59967365088278,"0.171062765345392","0.825395288549651","0.142458276700085","0.346478580165682","MAX-leaf // NUnder5 ~ 0 // Residence ~ Rural","MIN-leaf // NUnder5~1 + 2 + 3 + 4 + 5 + 7 // aGroup~15-24","2018",NA,"Ready","NN",0.151833977494334
"KGZ+2018+SafeSanitation+Ethnicity+HighestEducation+PoorerHousehold+Residence","SafeSanitation","KGZ2018","Ethnicity+HighestEducation+PoorerHousehold+Residence","1","6968.00000000001",0.994900662796911,"0.096304822905724","0.999049279456492","0.174274014420099","0.989439634744115","MAX-leaf // Residence ~ RURAL // PoorerHousehold ~ 1 // HighestEducation ~ Lower + Higher","MIN-leaf // Residence~URBAN // Ethnicity~MinorEthnicity + Kyrgyz // HighestEducation~Higher","Y","KGZ","2018","SafeSanitation","KGZ","2018","SafeSanitation ~ PoorerHousehold + Residence + HighestEducation + Ethnicity","6968.00000000001",0.976872547552431,"0.240947393471399","0.997265173613973","0.112043889448242","0.919269329231587","MAX-leaf // Residence ~ Rural // PoorerHousehold ~ 0","MIN-leaf // Residence~Urban // Ethnicity~Kyrgyz // HighestEducation~Lower + Secondary","2018",NA,"Ready","NN",0.01802811524448
"KGZ+2018+SafeSanitation+HighestEducation+PoorerHousehold+Residence","SafeSanitation","KGZ2018","HighestEducation+PoorerHousehold+Residence","1","6968.00000000001",0.994900662796911,"0.240947393471402","0.997976667533605","0.237699482427083","0.991025141819728","MAX-leaf // Residence ~ RURAL // PoorerHousehold ~ 0","MIN-leaf // Residence~URBAN // HighestEducation~Higher","Y","KGZ","2018","SafeSanitation","KGZ","2018","SafeSanitation ~ PoorerHousehold + Residence + HighestEducation","6968.00000000001",0.976872547552431,"0.240947393471399","0.997265173613973","0.206458145873449","0.950780556441424","MAX-leaf // Residence ~ Rural // PoorerHousehold ~ 0","MIN-leaf // Residence~Urban // HighestEducation~Lower + Secondary","2018",NA,"Ready","NN",0.01802811524448
"KIR+2019+BasicWater+Ethnicity+HighestEducation+PoorerHousehold+Religion+Residence","BasicWater","KIR2019","Ethnicity+HighestEducation+PoorerHousehold+Religion+Residence","1","3071",0.760868433439843,"0.453050226231334","0.935185185185188","0.159221812878959","0.53178004132451","MAX-leaf // PoorerHousehold ~ 0 // Residence ~ Urban","MIN-leaf // PoorerHousehold~1 // HighestEducation~Lower","Y","KIR","2019","BasicWater","KIR","2019","BasicWater ~ PoorerHousehold + Residence + HighestEducation + Religion + Ethnicity","3071",0.786677736589859,"0.453050226231334","0.962962962962965","0.159221812878959","0.558070096460621","MAX-leaf // PoorerHousehold ~ 0 // Residence ~ Urban","MIN-leaf // PoorerHousehold~1 // HighestEducation~Lower","2019","Ready","Ready","NN",-0.0258093031500159
"KIR+2019+BasicWater+HighestEducation+PoorerHousehold+Residence","BasicWater","KIR2019","HighestEducation+PoorerHousehold+Residence","1","3071",0.760868433439843,"0.453050226231334","0.935185185185188","0.159221812878959","0.53178004132451","MAX-leaf // PoorerHousehold ~ 0 // Residence ~ Urban","MIN-leaf // PoorerHousehold~1 // HighestEducation~Lower","Y","KIR","2019","BasicWater","KIR","2019","BasicWater ~ PoorerHousehold + Residence + HighestEducation","3071",0.786677736589859,"0.453050226231334","0.962962962962965","0.159221812878959","0.558070096460621","MAX-leaf // PoorerHousehold ~ 0 // Residence ~ Urban","MIN-leaf // PoorerHousehold~1 // HighestEducation~Lower","2019","Ready","Ready","NN",-0.0258093031500159
"KIR+2019+ContraceptiveMethod+aGroup+Education+Ethnicity+NUnder5+PoorerHousehold+Religion+Residence","ContraceptiveMethod","KIR2019","aGroup+Education+Ethnicity+NUnder5+PoorerHousehold+Religion+Residence","1","1651.03961077844",0.510893524517726,"0.094101822705518","0.700151512197299","0.070512336741583","0.298833495996132","MAX-leaf // Religion ~ UnitingChurch // aGroup ~ 35+","MIN-leaf // Religion~LatterDaySaints + RomanCatholic // aGroup~15-24 // Education~Higher","Y","KIR","2019","ContraceptiveMethod","KIR","2019","ContraceptiveMethod ~ PoorerHousehold + Residence + aGroup + NUnder5 + Education + Religion + Ethnicity","1830.48823973884",0.460808994866482,"0.087269886171773","0.680951540810953","0.077712660825427","0.244564351614097","MAX-leaf // Religion ~ UnitingChurch // aGroup ~ 35+","MIN-leaf // Religion~LatterDaySaints + RomanCatholic // aGroup~15-24 // Education~Higher","2019","Ready","Ready","NN",0.0500845296512439
"KIR+2019+ContraceptiveMethod+aGroup+Education+NUnder5+PoorerHousehold+Residence","ContraceptiveMethod","KIR2019","aGroup+Education+NUnder5+PoorerHousehold+Residence","1","1651.03961077844",0.510893524517726,"0.210126264018264","0.625578258826169","0.106724109035936","0.402801289536244","MAX-leaf // NUnder5 ~ 0 // aGroup ~ 25-34 + 35+","MIN-leaf // NUnder5~0 + 1 // aGroup~15-24","Y","KIR","2019","ContraceptiveMethod","KIR","2019","ContraceptiveMethod ~ PoorerHousehold + Residence + aGroup + NUnder5 + Education","1830.48823973884",0.460808994866482,"0.082627513640932","0.628285401077118","0.125186381031641","0.310727846718212","MAX-leaf // aGroup ~ 25-34 + 35+ // NUnder5 ~ 0 // PoorerHousehold ~ 1","MIN-leaf // aGroup~15-24 // Education~Higher","2019","Ready","Ready","NN",0.0500845296512439
"LAO+2011+ContraceptiveMethod+aGroup+Education+NUnder5+PoorerHousehold+Residence","ContraceptiveMethod","LAO2011","aGroup+Education+NUnder5+PoorerHousehold+Residence","0","11361.5632920152",0.615495727591888,"0.101999381978058","0.783646895325745","0.083833126008322","0.468550246344301","MAX-leaf // aGroup ~ 25-34 // NUnder5 ~ 0 // Education ~ Lower","MIN-leaf // aGroup~15-24 // PoorerHousehold~1","Y","LAO","2011","ContraceptiveMethod","LAO","2011","ContraceptiveMethod ~ PoorerHousehold + Residence + aGroup + NUnder5 + Education","12674.2524573306",0.556252371603505,"0.122922932274369","0.772969851351601","0.186200070805931","0.413314116844063","MAX-leaf // NUnder5 ~ 0 // aGroup ~ 25-34","MIN-leaf // NUnder5~2 + 3 + 4 + 5 + 6 + 8 + 9","2011","Ready","Ready","NN",0.0592433559883829
"LAO+2017+ContraceptiveMethod+aGroup+Education+NUnder5+PoorerHousehold+Residence","ContraceptiveMethod","LAO2017","aGroup+Education+NUnder5+PoorerHousehold+Residence","1","12670.4039566565",0.747030156732502,"0.192682768633777","0.822767486285869","0.102816312155823","0.674198814254125","MAX-leaf // Residence ~ RURAL WITH ROAD + RURAL WITHOUT ROAD // NUnder5 ~ 0 + 1 // PoorerHousehold ~ 0 // Education ~ Lower","MIN-leaf // Residence~RURAL WITH ROAD + RURAL WITHOUT ROAD // NUnder5~2 + 3 + 4 + 5 + 6 + 7","Y","LAO","2017","ContraceptiveMethod","LAO","2017","ContraceptiveMethod ~ PoorerHousehold + Residence + aGroup + NUnder5 + Education","14663.4912489376",0.662746147079073,"0.248978954307013","0.821690559427884","0.121158350176641","0.459666965275296","MAX-leaf // aGroup ~ 25-34 + 35+ // NUnder5 ~ 0 // Education ~ Lower","MIN-leaf // aGroup~15-24 // Education~Secondary + Higher","2017","Ready",NA,NA,0.084284009653429
"LAO+2017+SecondaryEducation2035+PoorerHousehold+Residence+Sex","SecondaryEducation2035","LAO2017","PoorerHousehold+Residence+Sex","1","25390.7439713199",0.319742146697209,"0.144259781469494","0.64497181408998","0.1902168919386","0.054142729022172","MAX-leaf // PoorerHousehold ~ 0 // Residence ~ URBAN // Sex ~ MALE","MIN-leaf // PoorerHousehold~1 // Sex~FEMALE","Y","LAO","2017","SecondaryEducation2035","LAO","2017","SecondaryEducation2035 ~ PoorerHousehold + Residence + Sex","25390.7439713199",0.291086738150433,"0.152920901038994","0.581124206237544","0.1902168919386","0.047481231860937","MAX-leaf // PoorerHousehold ~ 0 // Residence ~ Urban // Sex ~ Male","MIN-leaf // PoorerHousehold~1 // Sex~Female","2017","Ready",NA,NA,0.028655408546776
"MNG+2013+BasicWater+Ethnicity+HighestEducation+PoorerHousehold+Religion+Residence","BasicWater","MNG2013","Ethnicity+HighestEducation+PoorerHousehold+Religion+Residence","0","14805",0.598489826925343,"0.369515389512576","0.801364448191461","0.062282638543934","0.278814843753025","MAX-leaf // PoorerHousehold ~ 0 // HighestEducation ~ Higher // Residence ~ Urban","MIN-leaf // PoorerHousehold~1 // Residence~Rural // HighestEducation~Lower // Religion~Buddism","Y","MNG","2013","BasicWater","MNG","2013","BasicWater ~ PoorerHousehold + Residence + HighestEducation + Religion + Ethnicity","14805",0.401030954488201,"0.158397165483749","0.681713744564123","0.073874208967952","0.142537560174831","MAX-leaf // PoorerHousehold ~ 0 // Residence ~ Urban // HighestEducation ~ Higher // Religion ~ NoReligion","MIN-leaf // PoorerHousehold~1 // Ethnicity~Khalkh // HighestEducation~Lower + Secondary // Residence~Urban","2013","Ready","Ready","NN",0.197458872437142
"MNG+2013+BasicWater+HighestEducation+PoorerHousehold+Residence","BasicWater","MNG2013","HighestEducation+PoorerHousehold+Residence","0","14805",0.598489826925343,"0.425368341470998","0.798270900173474","0.122593842558555","0.292190746189736","MAX-leaf // PoorerHousehold ~ 0 // HighestEducation ~ Higher","MIN-leaf // PoorerHousehold~1 // Residence~Rural // HighestEducation~Lower","Y","MNG","2013","BasicWater","MNG","2013","BasicWater ~ PoorerHousehold + Residence + HighestEducation","14805",0.401030954488201,"0.369515389512575","0.672312762037557","0.135806253763714","0.160355669108409","MAX-leaf // PoorerHousehold ~ 0 // Residence ~ Urban // HighestEducation ~ Higher","MIN-leaf // PoorerHousehold~1 // Residence~Urban","2013","Ready","Ready","NN",0.197458872437142
"MNG+2013+ContraceptiveMethod+aGroup+Education+Ethnicity+NUnder5+PoorerHousehold+Religion+Residence","ContraceptiveMethod","MNG2013","aGroup+Education+Ethnicity+NUnder5+PoorerHousehold+Religion+Residence","0","5977.94967207981",0.699595012507127,"0.099300285874635","0.838320429553503","0.167654462320698","0.590669858515572","MAX-leaf // Residence ~ Rural // Education ~ Lower + Secondary // Ethnicity ~ Khalkh // aGroup ~ 35+","MIN-leaf // Residence~Urban // NUnder5~0 // Education~Higher","Y","MNG","2013","ContraceptiveMethod","MNG","2013","ContraceptiveMethod ~ PoorerHousehold + Residence + aGroup + NUnder5 + Education + Religion + Ethnicity","7475.79863243773",0.683113998419869,"0.086816368280312","0.87177664558012","0.200763208613866","0.480251712406752","MAX-leaf // aGroup ~ 15-24 + 25-34 // Residence ~ Rural // Education ~ Secondary","MIN-leaf // aGroup~35+ // Education~Higher // PoorerHousehold~0 // NUnder5~0","2013","Ready","Ready","NN",0.016481014087258
"MNG+2013+ContraceptiveMethod+aGroup+Education+NUnder5+PoorerHousehold+Residence","ContraceptiveMethod","MNG2013","aGroup+Education+NUnder5+PoorerHousehold+Residence","0","5977.94967207981",0.699595012507127,"0.135051945822631","0.827212055459342","0.167654462320698","0.590669858515572","MAX-leaf // Residence ~ Rural // Education ~ Lower + Secondary // aGroup ~ 35+","MIN-leaf // Residence~Urban // NUnder5~0 // Education~Higher","Y","MNG","2013","ContraceptiveMethod","MNG","2013","ContraceptiveMethod ~ PoorerHousehold + Residence + aGroup + NUnder5 + Education","7475.79863243773",0.683113998419869,"0.166690744955454","0.858598094387395","0.200763208613866","0.480251712406752","MAX-leaf // aGroup ~ 15-24 + 25-34 // Residence ~ Rural","MIN-leaf // aGroup~35+ // Education~Higher // PoorerHousehold~0 // NUnder5~0","2013","Ready","Ready","NN",0.016481014087258
"MNG+2013+SafeSanitation+Ethnicity+HighestEducation+PoorerHousehold+Religion+Residence","SafeSanitation","MNG2013","Ethnicity+HighestEducation+PoorerHousehold+Religion+Residence","0","14805",0.260755288808284,"0.158397165483749","0.566611171461178","0.317126052688272","0.009313782464617","MAX-leaf // PoorerHousehold ~ 0 // HighestEducation ~ Higher // Residence ~ Urban // Religion ~ No religion","MIN-leaf // PoorerHousehold~1 // HighestEducation~Lower + Secondary","Y","MNG","2013","SafeSanitation","MNG","2013","SafeSanitation ~ PoorerHousehold + Residence + HighestEducation + Religion + Ethnicity","14805",0.574843141828508,"0.369515389512575","0.796248628836104","0.068246905125209","0.242136470521988","MAX-leaf // PoorerHousehold ~ 0 // HighestEducation ~ Higher // Residence ~ Urban","MIN-leaf // PoorerHousehold~1 // Residence~Rural // Ethnicity~MinorEthnicity","2013","Ready","Ready","NN",-0.314087853020224
"MNG+2013+SafeSanitation+HighestEducation+PoorerHousehold+Residence","SafeSanitation","MNG2013","HighestEducation+PoorerHousehold+Residence","0","14805",0.260755288808284,"0.425368341470998","0.512701127576531","0.400214987071961","0.012310432731359","MAX-leaf // PoorerHousehold ~ 0 // HighestEducation ~ Higher","MIN-leaf // PoorerHousehold~1","Y","MNG","2013","SafeSanitation","MNG","2013","SafeSanitation ~ PoorerHousehold + Residence + HighestEducation","14805",0.574843141828508,"0.425368341471","0.783739811690252","0.264408733308242","0.266706918199351","MAX-leaf // PoorerHousehold ~ 0 // HighestEducation ~ Higher","MIN-leaf // PoorerHousehold~1 // Residence~Rural","2013","Ready","Ready","NN",-0.314087853020224
"MNG+2013+SecondaryEducation2035+Ethnicity+PoorerHousehold+Religion+Residence+Sex","SecondaryEducation2035","MNG2013","Ethnicity+PoorerHousehold+Religion+Residence+Sex","0","12923.9086348999",0.700621843875321,"0.179559317906764","0.939225899067756","0.134258466780648","0.240708961737618","MAX-leaf // PoorerHousehold ~ 0 // Sex ~ Female // Religion ~ MinorReligion + Buddism","MIN-leaf // PoorerHousehold~1 // Residence~Rural // Sex~Male","Y","MNG","2013","SecondaryEducation2035","MNG","2013","SecondaryEducation2035 ~ PoorerHousehold + Residence + Sex + Religion + Ethnicity","12923.9086348999",0.68820888914886,"0.179559317906764","0.934270189903143","0.134258466780648","0.213964266152994","MAX-leaf // PoorerHousehold ~ 0 // Sex ~ Female // Religion ~ Buddhist + MinorReligion","MIN-leaf // PoorerHousehold~1 // Residence~Rural // Sex~Male","2013","Ready","Ready","NN",0.012412954726461
"MNG+2013+SecondaryEducation2035+PoorerHousehold+Residence+Sex","SecondaryEducation2035","MNG2013","PoorerHousehold+Residence+Sex","0","12923.9086348999",0.700621843875321,"0.318908745818012","0.929176341183247","0.134258466780648","0.240708961737618","MAX-leaf // PoorerHousehold ~ 0 // Sex ~ Female","MIN-leaf // PoorerHousehold~1 // Residence~Rural // Sex~Male","Y","MNG","2013","SecondaryEducation2035","MNG","2013","SecondaryEducation2035 ~ PoorerHousehold + Residence + Sex","12923.9086348999",0.68820888914886,"0.318908745818011","0.925846358227682","0.134258466780648","0.213964266152994","MAX-leaf // PoorerHousehold ~ 0 // Sex ~ Female","MIN-leaf // PoorerHousehold~1 // Residence~Rural // Sex~Male","2013","Ready","Ready","NN",0.012412954726461
"MNG+2018+BasicWater+HighestEducation+PoorerHousehold+Residence","BasicWater","MNG2018","HighestEducation+PoorerHousehold+Residence","1","13798",0.732765794443236,"0.386936385337179","0.918893190790051","0.253705575281798","0.372691237438913","MAX-leaf // PoorerHousehold ~ 0 // Residence ~ Urban // HighestEducation ~ Higher","MIN-leaf // PoorerHousehold~1 // Residence~Rural","Y","MNG","2018","BasicWater","MNG","2018","BasicWater ~ PoorerHousehold + Residence + HighestEducation","13798",0.82520011878485,"0.386936385337175","0.971795077624177","0.253705575281798","0.490325936627879","MAX-leaf // Residence ~ Urban // PoorerHousehold ~ 0 // HighestEducation ~ Higher","MIN-leaf // Residence~Rural // PoorerHousehold~1","2018","Ready","Ready","NN",-0.092434324341614
"MNG+2018+ContraceptiveMethod+aGroup+Education+NUnder5+PoorerHousehold+Residence","ContraceptiveMethod","MNG2018","aGroup+Education+NUnder5+PoorerHousehold+Residence","1","5581.19236019881",0.626233327949087,"0.13169374541207","0.761514981264045","0.188983483225398","0.52669631130667","MAX-leaf // Residence ~ Rural // aGroup ~ 25-34","MIN-leaf // Residence~Urban // aGroup~15-24 + 35+ // NUnder5~0","Y","MNG","2018","ContraceptiveMethod","MNG","2018","ContraceptiveMethod ~ PoorerHousehold + Residence + aGroup + NUnder5 + Education","7211.42060131219",0.547315568876965,"0.115635368904849","0.718779260455591","0.221855938398403","0.450605517345485","MAX-leaf // Residence ~ Rural // aGroup ~ 25-34","MIN-leaf // Residence~Urban // aGroup~15-24 + 35+ // NUnder5~0","2018","Ready","Ready","NN",0.0789177590721221
"MNG+2018+MobilePhone+aGroup+Education+PoorerHousehold+Residence+Sex","MobilePhone","MNG2018","aGroup+Education+PoorerHousehold+Residence+Sex","1","15271",0.965440271543417,"0.185710619523143","0.9981688209255","0.082444764556523","0.876124191725096","MAX-leaf // PoorerHousehold ~ 0 // Education ~ Higher // aGroup ~ 25-34","MIN-leaf // PoorerHousehold~1 // Education~Lower + Secondary // Residence~Rural // aGroup~15-24 + 25-34","Y","MNG","2018","MobilePhone","MNG","2018","MobilePhone ~ PoorerHousehold + Residence + aGroup + Education + Sex","15271",0.87070138527255,"0.236959904531929","0.996641621690655","0.165869949577631","0.48006316620608","MAX-leaf // Sex ~ Female // PoorerHousehold ~ 0 // Education ~ Higher","MIN-leaf // Sex~Male // PoorerHousehold~1","2018","Ready","Ready","NN",0.094738886270867
"MNG+2018+SecondaryEducation2035+PoorerHousehold+Residence+Sex","SecondaryEducation2035","MNG2018","PoorerHousehold+Residence+Sex","1","11756.1106954766",0.779346652756262,"0.328547973600606","0.86878725355419","0.11458792430212","0.619408183003156","MAX-leaf // PoorerHousehold ~ 0 // Sex ~ FEMALE","MIN-leaf // PoorerHousehold~1 // Residence~Rural // Sex~MALE","Y","MNG","2018","SecondaryEducation2035","MNG","2018","SecondaryEducation2035 ~ PoorerHousehold + Residence + Sex","11756.1106954766",0.79102720435072,"0.328547973600607","0.945910376841758","0.11458792430212","0.40090686866634","MAX-leaf // PoorerHousehold ~ 0 // Sex ~ Female","MIN-leaf // PoorerHousehold~1 // Residence~Rural // Sex~Male","2018","Ready","Ready","NN",-0.011680551594458
"NPL+2019+BasicWater+HighestEducation+Language+PoorerHousehold+Religion+Residence","BasicWater","NPL2019","HighestEducation+Language+PoorerHousehold+Religion+Residence","1","12655",0.930780055795752,"0.072783022449229","0.99299990969589","0.054235014434114","0.820453610968515","MAX-leaf // PoorerHousehold ~ 0 // Language ~ Bhojpuri + Tharu","MIN-leaf // PoorerHousehold~1 // Language~Nepali // HighestEducation~Lower // Residence~Urban","Y","NPL","2019","BasicWater","NPL","2019","BasicWater ~ PoorerHousehold + Residence + HighestEducation + Religion + Language","12655",0.951178020563767,"0.072783022449229","0.993908971650276","0.10309624381428","0.88142923406416","MAX-leaf // PoorerHousehold ~ 0 // Language ~ Bhojpuri + Tharu","MIN-leaf // PoorerHousehold~1 // Language~MinorLanguage + Nepali // HighestEducation~Lower // Residence~Urban","2019","Ready",NA,"Ready",-0.020397964768015
"NPL+2019+BasicWater+HighestEducation+PoorerHousehold+Residence","BasicWater","NPL2019","HighestEducation+PoorerHousehold+Residence","1","12655",0.930780055795752,"0.116506302456726","0.98078768580702","0.315183509764026","0.868151617429626","MAX-leaf // PoorerHousehold ~ 0 // Residence ~ Rural","MIN-leaf // PoorerHousehold~1 // HighestEducation~Lower","Y","NPL","2019","BasicWater","NPL","2019","BasicWater ~ PoorerHousehold + Residence + HighestEducation","12655",0.951178020563767,"0.116506302456726","0.988760289792539","0.149448730631649","0.900826869027929","MAX-leaf // PoorerHousehold ~ 0 // Residence ~ Rural","MIN-leaf // PoorerHousehold~1 // HighestEducation~Lower // Residence~Urban","2019","Ready",NA,"Ready",-0.020397964768015
"NPL+2019+ContraceptiveMethod+aGroup+Education+Language+NUnder5+PoorerHousehold+Religion+Residence","ContraceptiveMethod","NPL2019","aGroup+Education+Language+NUnder5+PoorerHousehold+Religion+Residence","1","7938.74537920106",0.623181168832404,"0.078587610082466","0.92628875285065","0.076323944416896","0.32415901082624","MAX-leaf // aGroup ~ 35+ // NUnder5 ~ 0 // Language ~ Bhojpuri + Maithili + Tharu","MIN-leaf // aGroup~15-24 // NUnder5~1 + 2 + 3 + 4 + 8 + 5 // Language~Bhojpuri + Maithili + MinorLanguage","Y","NPL","2019","ContraceptiveMethod","NPL","2019","ContraceptiveMethod ~ PoorerHousehold + Residence + aGroup + NUnder5 + Education + Religion + Language","8145.29179229888",0.607378685825701,"0.076594803760683","0.92628875285065","0.086310366156894","0.290254061986582","MAX-leaf // aGroup ~ 35+ // NUnder5 ~ 0 // Language ~ Bhojpuri + Maithili + Tharu","MIN-leaf // aGroup~15-24 // Language~Bhojpuri + Maithili + Nepali // Residence~Urban","2019","Ready",NA,"Ready",0.0158024830067031
"NPL+2019+ContraceptiveMethod+aGroup+Education+NUnder5+PoorerHousehold+Residence","ContraceptiveMethod","NPL2019","aGroup+Education+NUnder5+PoorerHousehold+Residence","1","7938.74537920106",0.623181168832404,"0.108310495157839","0.878175054249111","0.102431549549315","0.364771500823004","MAX-leaf // aGroup ~ 35+ // NUnder5 ~ 0 // PoorerHousehold ~ 1","MIN-leaf // aGroup~15-24 // NUnder5~1 + 2 + 3 + 4 + 5 + 8 // Residence~Urban","Y","NPL","2019","ContraceptiveMethod","NPL","2019","ContraceptiveMethod ~ PoorerHousehold + Residence + aGroup + NUnder5 + Education","8145.29179229888",0.607378685825701,"0.105800861205831","0.876208901296771","0.104467621040433","0.324028942594614","MAX-leaf // aGroup ~ 35+ // NUnder5 ~ 0 // PoorerHousehold ~ 1","MIN-leaf // aGroup~15-24 // Education~Secondary","2019","Ready",NA,"Ready",0.0158024830067031
"PNG+2018+HigherEducation2535+PoorerHousehold+Residence+Sex","HigherEducation2535","PNG70","PoorerHousehold+Residence+Sex","1","12127.7764",0.060597623897485,"0.131207811103772","0.178862366776442","0.201953612535271","0.007559337423082","MAX-leaf // Residence ~ Urban","MIN-leaf // Residence~Rural // PoorerHousehold~1 // Sex~Female","Y","PNG","2018","HigherEducation2535","PNG","2018","HigherEducation2535 ~ PoorerHousehold + Residence + Sex","12127.7764",0.084306554250126,"0.067368947534356","0.236618114424918","0.201953612535271","0.025032223193303","MAX-leaf // Residence ~ Urban // Sex ~ Male","MIN-leaf // Residence~Rural // PoorerHousehold~1 // Sex~Female","2018","","","",-0.023708930352641
"PNG+2018+SecondaryEducation2035+PoorerHousehold+Residence+Sex","SecondaryEducation2035","PNG70","PoorerHousehold+Residence+Sex","1","18735.025461",0.136190252813449,"0.131178929066094","0.312376737061167","0.190997898212038","0.015465164247189","MAX-leaf // PoorerHousehold ~ 0 // Residence ~ Urban","MIN-leaf // PoorerHousehold~1 // Sex~Female","Y","PNG","2018","SecondaryEducation2035","PNG","2018","SecondaryEducation2035 ~ PoorerHousehold + Residence + Sex","18735.025461",0.15792387403791,"0.067081820764866","0.37725387049163","0.190997898212038","0.032583044186466","MAX-leaf // PoorerHousehold ~ 0 // Residence ~ Urban // Sex ~ Male","MIN-leaf // PoorerHousehold~1 // Sex~Female","2018","","","",-0.021733621224461
"THA+2012+ContraceptiveMethod+aGroup+Education+Ethnicity+NUnder5+PoorerHousehold+Religion+Residence","ContraceptiveMethod","THA2012","aGroup+Education+Ethnicity+NUnder5+PoorerHousehold+Religion+Residence","0","13141.1441805169",0.877041704408235,"0.106279314365412","0.946222743406651","0.04923711077181","0.687522585553061","MAX-leaf // Religion ~ Buddhism // Education ~ Lower + Secondary // aGroup ~ 35+ // NUnder5 ~ 1 + 2 + 3 + 4 + 10","MIN-leaf // Religion~MinorReligion + Islam","Y","THA","2012","ContraceptiveMethod","THA","2012","ContraceptiveMethod ~ PoorerHousehold + Residence + aGroup + NUnder5 + Education + Religion + Ethnicity","13259.060899398",0.898311066009865,"0.223704686845492","0.945707725465697","0.050761894712537","0.67968873067576","MAX-leaf // Religion ~ Buddhism // PoorerHousehold ~ 1 // NUnder5 ~ 0","MIN-leaf // Religion~MinorReligion","2012","Ready","Ready","NN",-0.02126936160163
"THA+2012+ContraceptiveMethod+aGroup+Education+NUnder5+PoorerHousehold+Residence","ContraceptiveMethod","THA2012","aGroup+Education+NUnder5+PoorerHousehold+Residence","0","13141.1441805169",0.877041704408235,"0.23345207892678","0.930041170590005","0.20428710193794","0.811422043929824","MAX-leaf // Education ~ Lower + Secondary // aGroup ~ 35+ // PoorerHousehold ~ 1","MIN-leaf // Education~Higher","Y","THA","2012","ContraceptiveMethod","THA","2012","ContraceptiveMethod ~ PoorerHousehold + Residence + aGroup + NUnder5 + Education","13259.060899398",0.898311066009865,"0.229542869743115","0.940925118216266","0.066551777642148","0.829334579508786","MAX-leaf // PoorerHousehold ~ 1 // NUnder5 ~ 0","MIN-leaf // PoorerHousehold~0 // NUnder5~1 + 2 + 3 + 4 // aGroup~15-24 + 25-34 // Residence~Urban","2012","Ready","Ready","NN",-0.02126936160163
"THA+2019+ContraceptiveMethod+aGroup+Education+Language+NUnder5+PoorerHousehold+Religion+Residence","ContraceptiveMethod","THA2019","aGroup+Education+Language+NUnder5+PoorerHousehold+Religion+Residence","1","13014.3423334927",0.896702675836142,"0.140133329776375","0.934359233780276","0.041446409793016","0.744201611736935","MAX-leaf // Religion ~ BUDDHISM + NoReligion // Education ~ Lower + Secondary // Residence ~ Rural // NUnder5 ~ 0 // PoorerHousehold ~ 1","MIN-leaf // Religion~ISLAM","Y","THA","2019","ContraceptiveMethod","THA","2019","ContraceptiveMethod ~ PoorerHousehold + Residence + aGroup + NUnder5 + Education + Language + Religion","13352.5406285526",0.873990644876657,"0.123595750143317","0.929197778459064","0.055674836522338","0.733662579433479","MAX-leaf // Language ~ Thai // Education ~ Lower + Secondary // Residence ~ Rural // aGroup ~ 35+ // PoorerHousehold ~ 1","MIN-leaf // Language~MinorLanguage","2019","Ready",NA,"Ready",0.022712030959485
"THA+2019+ContraceptiveMethod+aGroup+Education+NUnder5+PoorerHousehold+Residence","ContraceptiveMethod","THA2019","aGroup+Education+NUnder5+PoorerHousehold+Residence","1","13014.3423334927",0.896702675836142,"0.15739186436011","0.927141615086169","0.081100788155208","0.843664143702097","MAX-leaf // Education ~ Secondary // NUnder5 ~ 0 // Residence ~ Rural","MIN-leaf // Education~Higher // aGroup~25-34","Y","THA","2019","ContraceptiveMethod","THA","2019","ContraceptiveMethod ~ PoorerHousehold + Residence + aGroup + NUnder5 + Education","13352.5406285526",0.873990644876657,"0.306472373389176","0.908713254417316","0.098235842188118","0.807519936909146","MAX-leaf // Education ~ Lower + Secondary // NUnder5 ~ 0 // Residence ~ Rural","MIN-leaf // Education~Higher // aGroup~15-24 + 25-34","2019","Ready",NA,"Ready",0.022712030959485
"THA+2019+HigherEducation2535+Language+PoorerHousehold+Religion+Residence+Sex","HigherEducation2535","THA2019","Language+PoorerHousehold+Religion+Residence+Sex","1","12565.4472629397",0.427881822348306,"0.197098535602397","0.673622390785328","0.109549520879312","0.114856450367341","MAX-leaf // PoorerHousehold ~ 0 // Residence ~ Urban // Sex ~ Female","MIN-leaf // PoorerHousehold~1 // Residence~Rural // Sex~Male","Y","THA","2019","HigherEducation2535","THA","2019","HigherEducation2535 ~ PoorerHousehold + Residence + Sex + Language + Religion","12921.7912497498",0.416082133627744,"0.192931422856916","0.669194211649966","0.0537339122053","0.058386124824997","MAX-leaf // PoorerHousehold ~ 0 // Residence ~ Urban // Sex ~ Female","MIN-leaf // PoorerHousehold~1 // Language~MinorLanguage","2019","Ready",NA,"Ready",0.011799688720562
"THA+2019+HigherEducation2535+PoorerHousehold+Residence+Sex","HigherEducation2535","THA2019","PoorerHousehold+Residence+Sex","1","12565.4472629397",0.427881822348306,"0.197098535602398","0.673622390785323","0.109549520879311","0.114856450367341","MAX-leaf // PoorerHousehold ~ 0 // Residence ~ Urban // Sex ~ Female","MIN-leaf // PoorerHousehold~1 // Residence~Rural // Sex~Male","Y","THA","2019","HigherEducation2535","THA","2019","HigherEducation2535 ~ PoorerHousehold + Residence + Sex","12921.7912497498",0.416082133627744,"0.192931422856916","0.669194211649966","0.112512380284758","0.108747877966843","MAX-leaf // PoorerHousehold ~ 0 // Residence ~ Urban // Sex ~ Female","MIN-leaf // PoorerHousehold~1 // Residence~Rural // Sex~Male","2019","Ready",NA,"Ready",0.011799688720562
"THA+2019+HigherEducation35plus+Language+PoorerHousehold+Religion+Residence+Sex","HigherEducation35plus","THA2019","Language+PoorerHousehold+Religion+Residence+Sex","1","56942.1225212955",0.197681498797051,"0.147384276410251","0.390959543566813","0.140397004214958","0.024605737965233","MAX-leaf // PoorerHousehold ~ 0 // Residence ~ Urban // Sex ~ Male","MIN-leaf // PoorerHousehold~1 // Residence~Rural // Sex~Female","Y","THA","2019","HigherEducation35plus","THA","2019","HigherEducation35plus ~ PoorerHousehold + Residence + Sex + Language + Religion","60051.2169640983",0.187446727872721,"0.142341182555264","0.383852383331775","0.150011413903747","0.021836436633788","MAX-leaf // PoorerHousehold ~ 0 // Residence ~ Urban // Sex ~ Male","MIN-leaf // PoorerHousehold~1 // Residence~Rural // Sex~Female","2019","Ready",NA,"Ready",0.01023477092433
"THA+2019+HigherEducation35plus+PoorerHousehold+Residence+Sex","HigherEducation35plus","THA2019","PoorerHousehold+Residence+Sex","1","56942.1225212955",0.197681498797051,"0.147384276410252","0.390959543566813","0.140397004214958","0.024605737965233","MAX-leaf // PoorerHousehold ~ 0 // Residence ~ Urban // Sex ~ Male","MIN-leaf // PoorerHousehold~1 // Residence~Rural // Sex~Female","Y","THA","2019","HigherEducation35plus","THA","2019","HigherEducation35plus ~ PoorerHousehold + Residence + Sex","60051.2169640983",0.187446727872721,"0.142341182555264","0.383852383331775","0.150011413903747","0.021836436633788","MAX-leaf // PoorerHousehold ~ 0 // Residence ~ Urban // Sex ~ Male","MIN-leaf // PoorerHousehold~1 // Residence~Rural // Sex~Female","2019","Ready",NA,"Ready",0.01023477092433
"THA+2019+SecondaryEducation2035+Language+PoorerHousehold+Religion+Residence+Sex","SecondaryEducation2035","THA2019","Language+PoorerHousehold+Religion+Residence+Sex","1","17498.665892831",0.63154664710684,"0.197120464751358","0.823489759550523","0.112272192164714","0.319782044544928","MAX-leaf // PoorerHousehold ~ 0 // Residence ~ Urban // Sex ~ Female","MIN-leaf // PoorerHousehold~1 // Sex~Male // Residence~Rural","Y","THA","2019","SecondaryEducation2035","THA","2019","SecondaryEducation2035 ~ PoorerHousehold + Residence + Sex + Language + Religion","17953.8697424576",0.615534362897047,"0.193390961811779","0.818089112874059","0.05479334625721","0.213951118462496","MAX-leaf // PoorerHousehold ~ 0 // Residence ~ Urban // Sex ~ Female","MIN-leaf // PoorerHousehold~1 // Language~MinorLanguage","2019","Ready",NA,"Ready",0.0160122842097931
"THA+2019+SecondaryEducation2035+PoorerHousehold+Residence+Sex","SecondaryEducation2035","THA2019","PoorerHousehold+Residence+Sex","1","17498.665892831",0.63154664710684,"0.197120464751359","0.82348975955052","0.197452547409088","0.350904923842522","MAX-leaf // PoorerHousehold ~ 0 // Residence ~ Urban // Sex ~ Female","MIN-leaf // PoorerHousehold~1 // Sex~Male","Y","THA","2019","SecondaryEducation2035","THA","2019","SecondaryEducation2035 ~ PoorerHousehold + Residence + Sex","17953.8697424576",0.615534362897047,"0.193390961811779","0.818089112874059","0.205803962761634","0.328129547466053","MAX-leaf // PoorerHousehold ~ 0 // Residence ~ Urban // Sex ~ Female","MIN-leaf // PoorerHousehold~1 // Sex~Male","2019","Ready",NA,"Ready",0.0160122842097931
"THA+2019+SecondaryEducation35plus+Language+PoorerHousehold+Religion+Residence+Sex","SecondaryEducation35plus","THA2019","Language+PoorerHousehold+Religion+Residence+Sex","1","58215.9709495244",0.286185160549277,"0.148205375005838","0.510604300212645","0.139127813475075","0.064962018443913","MAX-leaf // PoorerHousehold ~ 0 // Residence ~ Urban // Sex ~ Male","MIN-leaf // PoorerHousehold~1 // Residence~Rural // Sex~Female","Y","THA","2019","SecondaryEducation35plus","THA","2019","SecondaryEducation35plus ~ PoorerHousehold + Residence + Sex + Language + Religion","61354.1222659171",0.271547312184055,"0.14322523397818","0.501334139584313","0.148567099183011","0.05772304386344","MAX-leaf // PoorerHousehold ~ 0 // Residence ~ Urban // Sex ~ Male","MIN-leaf // PoorerHousehold~1 // Residence~Rural // Sex~Female","2019","Ready",NA,"Ready",0.014637848365222
"THA+2019+SecondaryEducation35plus+PoorerHousehold+Residence+Sex","SecondaryEducation35plus","THA2019","PoorerHousehold+Residence+Sex","1","58215.9709495244",0.286185160549277,"0.148205375005839","0.510604300212642","0.139127813475075","0.064962018443913","MAX-leaf // PoorerHousehold ~ 0 // Residence ~ Urban // Sex ~ Male","MIN-leaf // PoorerHousehold~1 // Residence~Rural // Sex~Female","Y","THA","2019","SecondaryEducation35plus","THA","2019","SecondaryEducation35plus ~ PoorerHousehold + Residence + Sex","61354.1222659171",0.271547312184055,"0.14322523397818","0.501334139584313","0.148567099183011","0.05772304386344","MAX-leaf // PoorerHousehold ~ 0 // Residence ~ Urban // Sex ~ Male","MIN-leaf // PoorerHousehold~1 // Residence~Rural // Sex~Female","2019","Ready",NA,"Ready",0.014637848365222
"TKM+2015+ContraceptiveMethod+aGroup+Education+Language+NUnder5+PoorerHousehold+Residence","ContraceptiveMethod","TKM2015","aGroup+Education+Language+NUnder5+PoorerHousehold+Residence","0","3168.49018490003",0.726455217062118,"0.114293799756318","0.869237671090481","0.095307145762389","0.460018715092758","MAX-leaf // aGroup ~ 35+ // Residence ~ Rural // PoorerHousehold ~ 0","MIN-leaf // aGroup~15-24","Y","TKM","2015","ContraceptiveMethod","TKM","2015","ContraceptiveMethod ~ PoorerHousehold + Residence + aGroup + NUnder5 + Education + Language","3101.14683321151",0.75654449357392,"0.068335759374484","0.945818295301448","0.089092926183688","0.504056936862684","MAX-leaf // NUnder5 ~ 0 // aGroup ~ 25-34","MIN-leaf // NUnder5~1 + 2 + 3 + 4 + 5 + 6 + 7 // aGroup~15-24","2015",NA,NA,"Ready",-0.0300892765118019
"TKM+2015+ContraceptiveMethod+aGroup+Education+NUnder5+PoorerHousehold+Residence","ContraceptiveMethod","TKM2015","aGroup+Education+NUnder5+PoorerHousehold+Residence","0","3168.49018490003",0.726455217062118,"0.114293799756318","0.869237671090481","0.095307145762389","0.460018715092758","MAX-leaf // aGroup ~ 35+ // Residence ~ Rural // PoorerHousehold ~ 0","MIN-leaf // aGroup~15-24","Y","TKM","2015","ContraceptiveMethod","TKM","2015","ContraceptiveMethod ~ PoorerHousehold + Residence + aGroup + NUnder5 + Education","3101.14683321151",0.75654449357392,"0.232626831710851","0.910572049422888","0.178688735678529","0.579876204951524","MAX-leaf // NUnder5 ~ 0 // Residence ~ Rural","MIN-leaf // NUnder5~1 + 2 + 3 + 4 + 5 + 6 // aGroup~15-24 + 25-34 // PoorerHousehold~1","2015",NA,NA,"Ready",-0.0300892765118019
"TON+2019+AccessElectricity+Ethnicity+HighestEducation+PoorerHousehold+Religion+Residence","AccessElectricity","TON2019","Ethnicity+HighestEducation+PoorerHousehold+Religion+Residence","1","2498",0.962545439374119,"0.591094899659607","1","0.065677456131429","0.8535653156487","MAX-leaf // PoorerHousehold ~ 0","MIN-leaf // PoorerHousehold~1 // HighestEducation~Lower","Y","TON","2019","AccessElectricity","TON","2019","AccessElectricity ~ PoorerHousehold + Residence + HighestEducation + Religion + Ethnicity","2498",0.982396236359229,"0.591094899659607","1","0.065677456131429","0.908256906657631","MAX-leaf // PoorerHousehold ~ 0","MIN-leaf // PoorerHousehold~1 // HighestEducation~Lower","2019","Ready","Ready","NN",-0.0198507969851101
"TON+2019+AccessElectricity+Ethnicity+HighestEducation+PoorerHousehold+Religion+Residence","AccessElectricity","TON2019","Ethnicity+HighestEducation+PoorerHousehold+Religion+Residence","1","2498",0.962545439374119,"0.591094899659607","1","0.065677456131429","0.8535653156487","MAX-leaf // PoorerHousehold ~ 0","MIN-leaf // PoorerHousehold~1 // HighestEducation~Lower","Y","TON","2019","AccessElectricity","TON","2019","AccessElectricity ~ PoorerHousehold + Residence + HighestEducation + Religion + Ethnicity","2498",0.982396236359229,"0.591094899659607","1","0.065677456131429","0.908256906657631","MAX-leaf // PoorerHousehold ~ 0","MIN-leaf // PoorerHousehold~1 // HighestEducation~Lower","2019","Ready","Ready","NN",-0.0198507969851101
"TON+2019+AccessElectricity+HighestEducation+PoorerHousehold+Residence","AccessElectricity","TON2019","HighestEducation+PoorerHousehold+Residence","1","2498",0.962545439374119,"0.591094899659607","1","0.408905100340392","0.908402803988741","MAX-leaf // PoorerHousehold ~ 0","MIN-leaf // PoorerHousehold~1","Y","TON","2019","AccessElectricity","TON","2019","AccessElectricity ~ PoorerHousehold + Residence + HighestEducation","2498",0.982396236359229,"0.591094899659607","1","0.408905100340392","0.956949024049549","MAX-leaf // PoorerHousehold ~ 0","MIN-leaf // PoorerHousehold~1","2019","Ready","Ready","NN",-0.0198507969851101
"TON+2019+AccessElectricity+HighestEducation+PoorerHousehold+Residence","AccessElectricity","TON2019","HighestEducation+PoorerHousehold+Residence","1","2498",0.962545439374119,"0.591094899659607","1","0.408905100340392","0.908402803988741","MAX-leaf // PoorerHousehold ~ 0","MIN-leaf // PoorerHousehold~1","Y","TON","2019","AccessElectricity","TON","2019","AccessElectricity ~ PoorerHousehold + Residence + HighestEducation","2498",0.982396236359229,"0.591094899659607","1","0.408905100340392","0.956949024049549","MAX-leaf // PoorerHousehold ~ 0","MIN-leaf // PoorerHousehold~1","2019","Ready","Ready","NN",-0.0198507969851101
"TON+2019+ContraceptiveMethod+aGroup+Education+Ethnicity+NUnder5+PoorerHousehold+Religion+Residence","ContraceptiveMethod","TON2019","aGroup+Education+Ethnicity+NUnder5+PoorerHousehold+Religion+Residence","1","937.51524058557",0.459139720899018,"0.063227113896975","0.658315719963648","0.060110292527986","0.211398930921354","MAX-leaf // aGroup ~ 35+ // Religion ~ MinorReligion + RomanCatholic // NUnder5 ~ 1","MIN-leaf // aGroup~15-24 // Religion~LatterDaySaints + MinorReligion","Y","TON","2019","ContraceptiveMethod","TON","2019","ContraceptiveMethod ~ PoorerHousehold + Residence + aGroup + NUnder5 + Education + Religion + Ethnicity","1035.48692754231",0.415698619124717,"0.251390318944984","0.561813977770197","0.070808343584588","0.162480373619705","MAX-leaf // aGroup ~ 35+ // Religion ~ FreeChurchTonga + FreeWesleyanChurch + MinorReligion // Residence ~ Rural","MIN-leaf // aGroup~15-24 // Religion~LatterDaySaints + MinorReligion","2019","Ready","Ready","NN",0.043441101774301
"TON+2019+ContraceptiveMethod+aGroup+Education+Ethnicity+NUnder5+PoorerHousehold+Religion+Residence","ContraceptiveMethod","TON2019","aGroup+Education+Ethnicity+NUnder5+PoorerHousehold+Religion+Residence","1","937.51524058557",0.459139720899018,"0.063227113896975","0.658315719963648","0.060110292527986","0.211398930921354","MAX-leaf // aGroup ~ 35+ // Religion ~ MinorReligion + RomanCatholic // NUnder5 ~ 1","MIN-leaf // aGroup~15-24 // Religion~LatterDaySaints + MinorReligion","Y","TON","2019","ContraceptiveMethod","TON","2019","ContraceptiveMethod ~ PoorerHousehold + Residence + aGroup + NUnder5 + Education + Religion + Ethnicity","1035.48692754231",0.415698619124717,"0.251390318944984","0.561813977770197","0.070808343584588","0.162480373619705","MAX-leaf // aGroup ~ 35+ // Religion ~ FreeChurchTonga + FreeWesleyanChurch + MinorReligion // Residence ~ Rural","MIN-leaf // aGroup~15-24 // Religion~LatterDaySaints + MinorReligion","2019","Ready","Ready","NN",0.043441101774301
"TON+2019+ContraceptiveMethod+aGroup+Education+NUnder5+PoorerHousehold+Residence","ContraceptiveMethod","TON2019","aGroup+Education+NUnder5+PoorerHousehold+Residence","1","937.51524058557",0.459139720899018,"0.29393034336303","0.525796922504044","0.141590266496228","0.302031230294761","MAX-leaf // aGroup ~ 35+ // PoorerHousehold ~ 0","MIN-leaf // aGroup~15-24","Y","TON","2019","ContraceptiveMethod","TON","2019","ContraceptiveMethod ~ PoorerHousehold + Residence + aGroup + NUnder5 + Education","1035.48692754231",0.415698619124717,"0.219908664317554","0.527950577789497","0.15581847342288","0.248484910942672","MAX-leaf // aGroup ~ 35+ // NUnder5 ~ 0","MIN-leaf // aGroup~15-24","2019","Ready","Ready","NN",0.043441101774301
"TON+2019+ContraceptiveMethod+aGroup+Education+NUnder5+PoorerHousehold+Residence","ContraceptiveMethod","TON2019","aGroup+Education+NUnder5+PoorerHousehold+Residence","1","937.51524058557",0.459139720899018,"0.29393034336303","0.525796922504044","0.141590266496228","0.302031230294761","MAX-leaf // aGroup ~ 35+ // PoorerHousehold ~ 0","MIN-leaf // aGroup~15-24","Y","TON","2019","ContraceptiveMethod","TON","2019","ContraceptiveMethod ~ PoorerHousehold + Residence + aGroup + NUnder5 + Education","1035.48692754231",0.415698619124717,"0.219908664317554","0.527950577789497","0.15581847342288","0.248484910942672","MAX-leaf // aGroup ~ 35+ // NUnder5 ~ 0","MIN-leaf // aGroup~15-24","2019","Ready","Ready","NN",0.043441101774301
"TON+2019+ContraceptiveMethod+aGroup+Education+NUnder5+PoorerHousehold+Residence","ContraceptiveMethod","TON2019","aGroup+Education+NUnder5+PoorerHousehold+Residence","1","937.51524058557",0.459139720899018,"0.29393034336303","0.525796922504044","0.141590266496228","0.302031230294761","MAX-leaf // aGroup ~ 35+ // PoorerHousehold ~ 0","MIN-leaf // aGroup~15-24","Y","TON","2019","ContraceptiveMethod","TON","2019","ContraceptiveMethod ~ PoorerHousehold + Residence + aGroup + NUnder5 + Education","1035.48692754231",0.415698619124717,"0.219908664317554","0.527950577789497","0.15581847342288","0.248484910942672","MAX-leaf // aGroup ~ 35+ // NUnder5 ~ 0","MIN-leaf // aGroup~15-24","2019","Ready","Ready","NN",0.043441101774301
"TON+2019+ContraceptiveMethod+aGroup+Education+NUnder5+PoorerHousehold+Residence","ContraceptiveMethod","TON2019","aGroup+Education+NUnder5+PoorerHousehold+Residence","1","937.51524058557",0.459139720899018,"0.29393034336303","0.525796922504044","0.141590266496228","0.302031230294761","MAX-leaf // aGroup ~ 35+ // PoorerHousehold ~ 0","MIN-leaf // aGroup~15-24","Y","TON","2019","ContraceptiveMethod","TON","2019","ContraceptiveMethod ~ PoorerHousehold + Residence + aGroup + NUnder5 + Education","1035.48692754231",0.415698619124717,"0.219908664317554","0.527950577789497","0.15581847342288","0.248484910942672","MAX-leaf // aGroup ~ 35+ // NUnder5 ~ 0","MIN-leaf // aGroup~15-24","2019","Ready","Ready","NN",0.043441101774301
"TON+2019+ContraceptiveMethod+aGroup+Education+NUnder5+PoorerHousehold+Residence","ContraceptiveMethod","TON2019","aGroup+Education+NUnder5+PoorerHousehold+Residence","1","942.918521201088",0.457257470493059,"0.09637359751583","0.579645314374447","0.090263518908367","0.260934499012487","MAX-leaf // aGroup ~ 35+ // NUnder5 ~ 1 // PoorerHousehold ~ 0","MIN-leaf // aGroup~15-24 // NUnder5~0 + 1","Y","TON","2019","ContraceptiveMethod","TON","2019","ContraceptiveMethod ~ PoorerHousehold + Residence + aGroup + NUnder5 + Education","1035.48692754231",0.415698619124717,"0.219908664317554","0.527950577789497","0.15581847342288","0.248484910942672","MAX-leaf // aGroup ~ 35+ // NUnder5 ~ 0","MIN-leaf // aGroup~15-24","2019","Ready","Ready","NN",0.041558851368342
"TON+2019+ContraceptiveMethod+aGroup+Education+NUnder5+PoorerHousehold+Residence","ContraceptiveMethod","TON2019","aGroup+Education+NUnder5+PoorerHousehold+Residence","1","942.918521201088",0.457257470493059,"0.09637359751583","0.579645314374447","0.090263518908367","0.260934499012487","MAX-leaf // aGroup ~ 35+ // NUnder5 ~ 1 // PoorerHousehold ~ 0","MIN-leaf // aGroup~15-24 // NUnder5~0 + 1","Y","TON","2019","ContraceptiveMethod","TON","2019","ContraceptiveMethod ~ PoorerHousehold + Residence + aGroup + NUnder5 + Education","1035.48692754231",0.415698619124717,"0.219908664317554","0.527950577789497","0.15581847342288","0.248484910942672","MAX-leaf // aGroup ~ 35+ // NUnder5 ~ 0","MIN-leaf // aGroup~15-24","2019","Ready","Ready","NN",0.041558851368342
"TON+2019+ContraceptiveMethod+aGroup+Education+NUnder5+PoorerHousehold+Residence","ContraceptiveMethod","TON2019","aGroup+Education+NUnder5+PoorerHousehold+Residence","1","942.918521201088",0.457257470493059,"0.09637359751583","0.579645314374447","0.090263518908367","0.260934499012487","MAX-leaf // aGroup ~ 35+ // NUnder5 ~ 1 // PoorerHousehold ~ 0","MIN-leaf // aGroup~15-24 // NUnder5~0 + 1","Y","TON","2019","ContraceptiveMethod","TON","2019","ContraceptiveMethod ~ PoorerHousehold + Residence + aGroup + NUnder5 + Education","1035.48692754231",0.415698619124717,"0.219908664317554","0.527950577789497","0.15581847342288","0.248484910942672","MAX-leaf // aGroup ~ 35+ // NUnder5 ~ 0","MIN-leaf // aGroup~15-24","2019","Ready","Ready","NN",0.041558851368342
"TON+2019+ContraceptiveMethod+aGroup+Education+NUnder5+PoorerHousehold+Residence","ContraceptiveMethod","TON2019","aGroup+Education+NUnder5+PoorerHousehold+Residence","1","942.918521201088",0.457257470493059,"0.09637359751583","0.579645314374447","0.090263518908367","0.260934499012487","MAX-leaf // aGroup ~ 35+ // NUnder5 ~ 1 // PoorerHousehold ~ 0","MIN-leaf // aGroup~15-24 // NUnder5~0 + 1","Y","TON","2019","ContraceptiveMethod","TON","2019","ContraceptiveMethod ~ PoorerHousehold + Residence + aGroup + NUnder5 + Education","1035.48692754231",0.415698619124717,"0.219908664317554","0.527950577789497","0.15581847342288","0.248484910942672","MAX-leaf // aGroup ~ 35+ // NUnder5 ~ 0","MIN-leaf // aGroup~15-24","2019","Ready","Ready","NN",0.041558851368342
"VNM+2010+ContraceptiveMethod+aGroup+Education+Ethnicity+NUnder5+PoorerHousehold+Religion+Residence","ContraceptiveMethod","VNM2010","aGroup+Education+Ethnicity+NUnder5+PoorerHousehold+Religion+Residence","0","7025.88322316195",0.713243142146485,"0.04714252753151","0.855226939663027","0.095034390526563","0.589016676100039","MAX-leaf // aGroup ~ 35+ // PoorerHousehold ~ 1 // Ethnicity ~ Non-Kinh","MIN-leaf // aGroup~15-24","Y","VNM","2010","ContraceptiveMethod","VNM","2010","ContraceptiveMethod ~ PoorerHousehold + Residence + aGroup + NUnder5 + Education + Religion + Ethnicity","7405.27618947908",0.685465951732772,"0.052046299344508","0.785284617334197","0.087460656079224","0.591134347428044","MAX-leaf // aGroup ~ 15-24 + 25-34 // NUnder5 ~ 0 + 1 // Religion ~ MinorReligion + NoReligion // PoorerHousehold ~ 0 // Education ~ Higher","MIN-leaf // aGroup~35+ // Ethnicity~Kinh // NUnder5~1 + 2 + 3","2010","Ready","Ready","NN",0.027777190413713
"VNM+2010+ContraceptiveMethod+aGroup+Education+NUnder5+PoorerHousehold+Residence","ContraceptiveMethod","VNM2010","aGroup+Education+NUnder5+PoorerHousehold+Residence","0","7025.88322316195",0.713243142146485,"0.1467595992454","0.795737951368777","0.095034390526563","0.589016676100039","MAX-leaf // aGroup ~ 25-34 // PoorerHousehold ~ 1","MIN-leaf // aGroup~15-24","Y","VNM","2010","ContraceptiveMethod","VNM","2010","ContraceptiveMethod ~ PoorerHousehold + Residence + aGroup + NUnder5 + Education","7405.27618947908",0.685465951732772,"0.155297964710686","0.756647440080429","0.343137721626856","0.622351390475507","MAX-leaf // aGroup ~ 15-24 + 25-34 // NUnder5 ~ 0","MIN-leaf // aGroup~35+ // PoorerHousehold~0","2010","Ready","Ready","NN",0.027777190413713
"VNM+2010+SecondaryEducation2035+Ethnicity+PoorerHousehold+Religion+Residence+Sex","SecondaryEducation2035","VNM2010","Ethnicity+PoorerHousehold+Religion+Residence+Sex","0","10931.7019645949",0.242334628303034,"0.192044751495915","0.533755845699995","0.087565625050421","0.032687182088149","MAX-leaf // PoorerHousehold ~ 0 // Residence ~ Urban // Religion ~ No religion","MIN-leaf // PoorerHousehold~1 // Religion~MinorReligion + Buddhism","Y","VNM","2010","SecondaryEducation2035","VNM","2010","SecondaryEducation2035 ~ PoorerHousehold + Residence + Sex + Religion + Ethnicity","10931.7019645949",0.380793175295447,"0.09145838769323","0.712722026774945","0.087565625050421","0.083832480050466","MAX-leaf // PoorerHousehold ~ 0 // Residence ~ Urban // Religion ~ NoReligion // Sex ~ Male","MIN-leaf // PoorerHousehold~1 // Religion~Buddhism + MinorReligion","2010","Ready","Ready","NN",-0.138458546992413
"VNM+2010+SecondaryEducation2035+PoorerHousehold+Residence+Sex","SecondaryEducation2035","VNM2010","PoorerHousehold+Residence+Sex","0","10931.7019645949",0.242334628303034,"0.154550985216129","0.473844411613623","0.182230286671843","0.054145172376652","MAX-leaf // PoorerHousehold ~ 0 // Residence ~ Urban // Sex ~ Female","MIN-leaf // PoorerHousehold~1 // Sex~Female","Y","VNM","2010","SecondaryEducation2035","VNM","2010","SecondaryEducation2035 ~ PoorerHousehold + Residence + Sex","10931.7019645949",0.380793175295447,"0.293073275361204","0.621220683429036","0.182230286671843","0.153168767346638","MAX-leaf // PoorerHousehold ~ 0 // Residence ~ Urban","MIN-leaf // PoorerHousehold~1 // Sex~Female","2010","Ready","Ready","NN",-0.138458546992413
"VNM+2013+SecondaryEducation2035+Ethnicity+PoorerHousehold+Religion+Residence+Sex","SecondaryEducation2035","VNM2013","Ethnicity+PoorerHousehold+Religion+Residence+Sex","1","9153.28683002266",0.484528395238108,"0.153854999491689","0.714508226888313","0.134272152674786","0.205407697871199","MAX-leaf // PoorerHousehold ~ 0 // Residence ~ Urban // Sex ~ Female","MIN-leaf // PoorerHousehold~1 // Ethnicity~Non-Kinh","Y","VNM","2013","SecondaryEducation2035","VNM","2013","SecondaryEducation2035 ~ PoorerHousehold + Residence + Sex + Religion + Ethnicity","9153.28683002266",0.458339057414129,"0.21135523896346","0.732990270861772","0.090278596213931","0.135919442431054","MAX-leaf // PoorerHousehold ~ 0 // Religion ~ NoReligion // Residence ~ Urban","MIN-leaf // PoorerHousehold~1 // Religion~Buddhism + Catholic + MinorReligion","2013","Ready","Ready","NN",0.026189337823979
"VNM+2013+SecondaryEducation2035+PoorerHousehold+Residence+Sex","SecondaryEducation2035","VNM2013","PoorerHousehold+Residence+Sex","1","9153.28683002266",0.484528395238108,"0.153854999491689","0.714508226888313","0.177903285728705","0.223496601846322","MAX-leaf // PoorerHousehold ~ 0 // Residence ~ Urban // Sex ~ Female","MIN-leaf // PoorerHousehold~1 // Sex~Female","Y","VNM","2013","SecondaryEducation2035","VNM","2013","SecondaryEducation2035 ~ PoorerHousehold + Residence + Sex","9153.28683002266",0.458339057414129,"0.153854999491689","0.69120864774915","0.177903285728705","0.201384244891323","MAX-leaf // PoorerHousehold ~ 0 // Residence ~ Urban // Sex ~ Female","MIN-leaf // PoorerHousehold~1 // Sex~Female","2013","Ready","Ready","NN",0.026189337823979
