"TreeID","IndicatorName.x","SurveyID.x","FormularString.x","Latest...1.x","Sample.Size.x","Overall.Mean.x","Max.Leaf.Size.x","Max.Leaf.Access.x","Max.Leaf.Characteristics.x","Max.Leaf.Size","Max.Leaf.Access","Max.Leaf.Characteristics"
"AFG+2010+AccessElectricity+HighestEducation+PoorerHousehold+Residence","AccessElectricity","AFG2010","HighestEducation+PoorerHousehold+Residence","0","13116.000075",0.432169681883751,"0.099809073994687","0.915851644204546","MAX-leaf // PoorerHousehold ~ 0 // Residence ~ Urban // HighestEducation ~ Secondary + Higher","0.179010546399372","0.889084723174649","MAX-leaf//PoorerHousehold~0//Residence~Urban"
"AFG+2010+SafeSanitation+Ethnicity+HighestEducation+PoorerHousehold+Residence","SafeSanitation","AFG2010","Ethnicity+HighestEducation+PoorerHousehold+Residence","0","13116.000075",0.281478264935127,"0.099809073994687","0.559597107170359","MAX-leaf // PoorerHousehold ~ 0 // Residence ~ Urban // HighestEducation ~ Secondary + Higher","0.122234511804849","0.532268570860784","MAX-leaf//PoorerHousehold~0//Residence~Urban//HighestEducation~Secondary+Higher"
"AFG+2010+SafeSanitation+HighestEducation+PoorerHousehold+Residence","SafeSanitation","AFG2010","HighestEducation+PoorerHousehold+Residence","0","13116.000075",0.281478264935127,"0.099809073994687","0.559597107170359","MAX-leaf // PoorerHousehold ~ 0 // Residence ~ Urban // HighestEducation ~ Secondary + Higher","0.179010546399372","0.495150009518721","MAX-leaf//PoorerHousehold~0//Residence~Urban"
"AFG+2010+SecondaryEducation2035+Ethnicity+PoorerHousehold+Residence+Sex","SecondaryEducation2035","AFG2010","Ethnicity+PoorerHousehold+Residence+Sex","0","23946.013054",0.092892700090984,"0.087866152718417","0.255639694214771","MAX-leaf // Sex ~ Male // PoorerHousehold ~ 0 // Residence ~ Urban","0.087866152718417","0.300437862983142","MAX-leaf//Sex~Male//PoorerHousehold~0//Residence~Urban"
"AFG+2010+SecondaryEducation2035+PoorerHousehold+Residence+Sex","SecondaryEducation2035","AFG2010","PoorerHousehold+Residence+Sex","0","23946.013054",0.092892700090984,"0.087866152718417","0.255639694214771","MAX-leaf // Sex ~ Male // PoorerHousehold ~ 0 // Residence ~ Urban","0.087866152718417","0.300437862983142","MAX-leaf//Sex~Male//PoorerHousehold~0//Residence~Urban"
"AFG+2015+HigherEducation2535+PoorerHousehold+Residence+Sex","HigherEducation2535","AFG70","PoorerHousehold+Residence+Sex","1","27691.739467",0.055055699798737,"0.24932711808255","0.115886805910037","MAX-leaf // Residence ~ Urban","0.130891120990048","0.161382402400333","MAX-leaf // Residence ~ Urban // Sex ~ Male"
"ARM+2010+NotStunting+MotherEducation+PoorerHousehold+Residence+Sex+Under5","NotStunting","ARM61","MotherEducation+PoorerHousehold+Residence+Sex+Under5","0","1334.9543",0.806301994008334,"0.128521341142539","0.875274526973715","MAX-leaf // MotherEducation ~ Secondary + Higher // Under5 ~ 0 + 2 + 3 + 4 + 5 // Sex ~ Female","0.279237035305253","0.853378910874758","MAX-leaf // Residence ~ Urban // Sex ~ Female"
"ARM+2010+Overweight+MotherEducation+PoorerHousehold+Residence+Sex+Under5","Overweight","ARM61","MotherEducation+PoorerHousehold+Residence+Sex+Under5","0","1334.9543",0.15389460073652,"0.252103437548386","0.193967902831207","MAX-leaf // Sex ~ Male // Under5 ~ 2 + 3","0.138814824597366","0.212380619962457","MAX-leaf // Sex ~ Male // Under5 ~ 2 + 3 + 4 + 5 // Residence ~ Urban"
"ARM+2010+Stunting+MotherEducation+PoorerHousehold+Residence+Sex+Under5","Stunting","ARM61","MotherEducation+PoorerHousehold+Residence+Sex+Under5","0","1334.9543",0.193698005991666,"0.268888537982161","0.24022940716818","MAX-leaf // MotherEducation ~ Lower // Residence ~ Rural","0.416454071124381","0.221868203361409","MAX-leaf // Residence ~ Rural"
"BGD+2011+NotStunting+MotherEducation+PoorerHousehold+Residence+Sex+Under5","NotStunting","BGD61","MotherEducation+PoorerHousehold+Residence+Sex+Under5","0","8053.204165",0.586015941270998,"0.118004440161862","0.724121513881043","MAX-leaf // PoorerHousehold ~ 0 // MotherEducation ~ Secondary + Higher // Residence ~ Urban","0.293776153879492","0.686856706795169","MAX-leaf // PoorerHousehold ~ 0 // MotherEducation ~ Secondary"
"BGD+2011+NotWasting+MotherEducation+PoorerHousehold+Residence+Sex+Under5","NotWasting","BGD61","MotherEducation+PoorerHousehold+Residence+Sex+Under5","0","8053.204165",0.841444948018402,"0.092263366453469","0.888485726493916","MAX-leaf // MotherEducation ~ Secondary + Higher // Under5 ~ 0 + 1 + 5 // Residence ~ Urban","0.268228622141236","0.870029394201286","MAX-leaf // MotherEducation ~ Secondary // Under5 ~ 0 + 1"
"BGD+2011+SafeSanitation+HighestEducation+PoorerHousehold+Residence","SafeSanitation","BGD61","HighestEducation+PoorerHousehold+Residence","0","17141.000477",0.336522018463275,"0.206989136413639","0.642953976421305","MAX-leaf // PoorerHousehold ~ 0 // HighestEducation ~ Higher","0.091151490666865","0.653394579856238","MAX-leaf // PoorerHousehold ~ 0 // HighestEducation ~ Higher // Residence ~ Urban"
"BGD+2014+NotStunting+MotherEducation+PoorerHousehold+Residence+Sex+Under5","NotStunting","BGD70","MotherEducation+PoorerHousehold+Residence+Sex+Under5","0.5","7396.089136",0.636077618927171,"0.084589998375596","0.805755217711804","MAX-leaf // PoorerHousehold ~ 0 // MotherEducation ~ Higher","0.3187390012007","0.734166777103686","MAX-leaf // PoorerHousehold ~ 0 // MotherEducation ~ Secondary"
"BGD+2014+SafeSanitation+HighestEducation+PoorerHousehold+Residence","SafeSanitation","BGD70","HighestEducation+PoorerHousehold+Residence","0.5","17300.000643",0.450049460093537,"0.217257643023313","0.739735356610615","MAX-leaf // PoorerHousehold ~ 0 // HighestEducation ~ Higher","0.115903486212373","0.759338605923457","MAX-leaf // PoorerHousehold ~ 0 // HighestEducation ~ Higher // Residence ~ Rural"
"BTN+2010+NotStunting+MotherEducation+NUnder5+PoorerHousehold+Residence+Sex","NotStunting","BTN2010","MotherEducation+NUnder5+PoorerHousehold+Residence+Sex","1","5800.4255",0.66290447192193,"0.120289638579101","0.799438942011767","MAX-leaf // PoorerHousehold ~ 0 // MotherEducation ~ Secondary // Residence ~ Urban","0.192779099881193","0.773790122202399","MAX-leaf//PoorerHousehold~0//MotherEducation~Secondary"
"BTN+2010+NotWasting+MotherEducation+NUnder5+PoorerHousehold+Residence+Sex","NotWasting","BTN2010","MotherEducation+NUnder5+PoorerHousehold+Residence+Sex","1","5862.659599",0.940193984303676,"0.057562715914389","0.96938295447234","MAX-leaf // Residence ~ Rural // Sex ~ Female // PoorerHousehold ~ 0 // NUnder5 ~ 2 + 3 + 4","0.154591180125919","0.957760965671748","MAX-leaf//Sex~Female//Residence~Rural//PoorerHousehold~0"
"BTN+2010+Overweight+MotherEducation+NUnder5+PoorerHousehold+Residence+Sex","Overweight","BTN2010","MotherEducation+NUnder5+PoorerHousehold+Residence+Sex","1","5862.659599",0.077159880487886,"0.08743952166137","0.1345309262971","MAX-leaf // Residence ~ Urban // NUnder5 ~ 1 // MotherEducation ~ Secondary","0.291607839509444","0.103084116240021","MAX-leaf//Residence~Urban"
"BTN+2010+SafeSanitation+HighestEducation+PoorerHousehold+Residence","SafeSanitation","BTN2010","HighestEducation+PoorerHousehold+Residence","1","14676.000154",0.578767197320104,"0.10701717133547","0.908181027638024","MAX-leaf // PoorerHousehold ~ 0 // HighestEducation ~ Secondary + Higher // Residence ~ Urban","0.210075321793978","0.832771274393845","MAX-leaf//PoorerHousehold~0//HighestEducation~Secondary+Higher"
"BTN+2010+SafeSanitation+HighestEducation+PoorerHousehold+Residence","SafeSanitation","BTN2010","HighestEducation+PoorerHousehold+Residence","1","14676.000154",0.578767197320104,"0.16675008914694","0.844985577444003","MAX-leaf // PoorerHousehold ~ 0 // HighestEducation ~ Secondary + Higher","0.210075321793978","0.832771274393845","MAX-leaf//PoorerHousehold~0//HighestEducation~Secondary+Higher"
"BTN+2010+Wasting+MotherEducation+NUnder5+PoorerHousehold+Residence+Sex","Wasting","BTN2010","MotherEducation+NUnder5+PoorerHousehold+Residence+Sex","1","5862.659599",0.059806015696324,"0.091109812531349","0.09121598531586","MAX-leaf // Residence ~ Urban // NUnder5 ~ 2 + 3","0.145205751073908","0.066995422334405","MAX-leaf//Sex~Female//Residence~Urban"
"GEO+2018+ContraceptiveMethod+aGroup+Education+NUnder5+PoorerHousehold+Residence","ContraceptiveMethod","GEO2018","aGroup+Education+NUnder5+PoorerHousehold+Residence","1","3204.51801923649",0.484609849905267,"0.206772611441605","0.683442989575127","MAX-leaf // aGroup ~ 15-24 + 25-34 // Education ~ Higher","0.201255099147471","0.648441907252276","MAX-leaf//Education~Higher//aGroup~25-34"
"GEO+2018+NotWasting+MotherEducation+NUnder5+PoorerHousehold+Residence+Sex","NotWasting","GEO2018","MotherEducation+NUnder5+PoorerHousehold+Residence+Sex","1","1948.46017330989",0.99369898591208,"0.0851491936681","0.458781037690689","MAX-leaf // MotherEducation ~ Lower // Residence ~ RURAL // NUnder5 ~ 1","0.104466031945735","1","MAX-leaf//MotherEducation~Secondary//PoorerHousehold~0//Sex~Male"
"GEO+2018+NotWasting+MotherEducation+NUnder5+PoorerHousehold+Residence+Sex","NotWasting","GEO2018","MotherEducation+NUnder5+PoorerHousehold+Residence+Sex","1","1948.46017330989",0.99369898591208,"0.0851491936681","0.458781037690689","MAX-leaf // MotherEducation ~ Lower // Residence ~ RURAL // NUnder5 ~ 1","0.354288423177046","1","MAX-leaf//MotherEducation~Secondary//PoorerHousehold~0//Sex~Male"
"GEO+2018+Overweight+MotherEducation+NUnder5+PoorerHousehold+Residence+Sex","Overweight","GEO2018","MotherEducation+NUnder5+PoorerHousehold+Residence+Sex","1","1948.46017330989",0.061626873027855,"0.096363483906061","0.106817924971876","MAX-leaf // NUnder5 ~ 1 // Sex ~ MALE // MotherEducation ~ Lower","0.305211011043595","0.085680810529437","MAX-leaf//NUnder5~1//Sex~Male"
"GEO+2018+Stunting+MotherEducation+NUnder5+PoorerHousehold+Residence+Sex","Stunting","GEO2018","MotherEducation+NUnder5+PoorerHousehold+Residence+Sex","1","1969.04009757483",0.057629856311701,"0.138610007003547","0.110699388068238","MAX-leaf // NUnder5 ~ 2 + 3 + 4 + 5 // MotherEducation ~ Lower","0.103663287384048","0.146055110750881","MAX-leaf//MotherEducation~Lower"
"IND+2016+CleanFuel+HighestEducation+PoorerHousehold+Residence","CleanFuel","IND71","HighestEducation+PoorerHousehold+Residence","1","601508.990739",0.437673320146985,"0.312380771872014","0.885217337077624","MAX-leaf // PoorerHousehold ~ 0 // Residence ~ Urban","0.142554211953921","0.946196077332303","MAX-leaf // PoorerHousehold ~ 0 // Residence ~ Urban // HighestEducation ~ Higher"
"IND+2016+HigherEducation2535+PoorerHousehold+Residence+Sex","HigherEducation2535","IND71","PoorerHousehold+Residence+Sex","1","507968.667244",0.176490391217253,"0.328798541311946","0.32143599578231","MAX-leaf // PoorerHousehold ~ 0 // Residence ~ Urban","0.165493740856297","0.344504127684172","MAX-leaf // PoorerHousehold ~ 0 // Residence ~ Urban // Sex ~ Male"
"IND+2016+SafeSanitation+HighestEducation+PoorerHousehold+Residence","SafeSanitation","IND71","HighestEducation+PoorerHousehold+Residence","1","601508.990739",0.484221558700495,"0.234708778499798","0.816599701689895","MAX-leaf // PoorerHousehold ~ 0 // HighestEducation ~ Higher","0.142554211953921","0.867722594043428","MAX-leaf // PoorerHousehold ~ 0 // HighestEducation ~ Higher // Residence ~ Urban"
"IND+2016+SecondaryEducation2035+PoorerHousehold+Residence+Sex","SecondaryEducation2035","IND71","PoorerHousehold+Residence+Sex","1","766061.75486",0.321498921833018,"0.323716716169073","0.491866916196201","MAX-leaf // PoorerHousehold ~ 0 // Residence ~ Urban","0.162192106224781","0.514808955839513","MAX-leaf // PoorerHousehold ~ 0 // Residence ~ Urban // Sex ~ Male"
"KAZ+2010+ReasonBeating+aGroup+Education+NUnder5+PoorerHousehold+Residence","ReasonBeating","KAZ2010","aGroup+Education+NUnder5+PoorerHousehold+Residence","0","14014",0.122043458834999,"0.138429652761423","0.179709523644634","MAX-leaf // PoorerHousehold ~ 1 // aGroup ~ 25-34 + 35+ // Education ~ Secondary","0.25243843191909","0.169337192702762","MAX-leaf // PoorerHousehold ~ 1 // aGroup ~ 25-34 + 35+"
"KAZ+2010+Wasting+Ethnicity+MotherEducation+NUnder5+PoorerHousehold+Religion+Residence+Sex","Wasting","KAZ2010","Ethnicity+MotherEducation+NUnder5+PoorerHousehold+Religion+Residence+Sex","0","4954.60613205558",0.040771295857189,"0.049731491457524","0.091207989881076","MAX-leaf // Residence ~ Urban // Religion ~ MinorReligion + Islam // Sex ~ Male // MotherEducation ~ Lower // NUnder5 ~ 2 + 3 + 4 + 5 + 6","0.100362282550552","0.076742692344209","MAX-leaf // Residence ~ Urban // Religion ~ Hristian // Sex ~ Male // MotherEducation ~ Lower + Secondary"
"KAZ+2015+ContraceptiveMethod+aGroup+Education+Ethnicity+NUnder5+PoorerHousehold+Residence","ContraceptiveMethod","KAZ2015","aGroup+Education+Ethnicity+NUnder5+PoorerHousehold+Residence","1","5876.78004375741",0.761480341452003,"0.149203599545907","0.829835115460996","MAX-leaf // aGroup ~ 35+ // Education ~ Higher","0.137733165609392","0.885268501374677","MAX-leaf // aGroup ~ 15-24 + 25-34 // NUnder5 ~ 0"
"KAZ+2015+ContraceptiveMethod+aGroup+Education+NUnder5+PoorerHousehold+Residence","ContraceptiveMethod","KAZ2015","aGroup+Education+NUnder5+PoorerHousehold+Residence","1","5876.78004375741",0.761480341452003,"0.149203599545907","0.829835115460996","MAX-leaf // aGroup ~ 35+ // Education ~ Higher","0.137733165609392","0.885268501374677","MAX-leaf // aGroup ~ 15-24 + 25-34 // NUnder5 ~ 0"
"KAZ+2015+Covid+aGroupHL+EducationHL+PoorerHousehold+Residence+Sex","Covid","KAZ2015","aGroupHL+EducationHL+PoorerHousehold+Residence+Sex","1","56803.4951634802",0.580450827909879,"0.155498241856602","0.762406624652712","MAX-leaf // PoorerHousehold ~ 0 // aGroupHL ~ 25-59 + 60+ // EducationHL ~ Higher // Sex ~ Female","0.206189267256754","0.750376264231134","MAX-leaf // PoorerHousehold ~ 0 // aGroupHL ~ 25-59 + 60+ // Sex ~ Female"
"KAZ+2015+HigherEducation2535+Ethnicity+PoorerHousehold+Residence+Sex","HigherEducation2535","KAZ2015","Ethnicity+PoorerHousehold+Residence+Sex","1","9556.97357086062",0.423824226965414,"0.186645265981242","0.661546651612481","MAX-leaf // PoorerHousehold ~ 0 // Ethnicity ~ Kazakh // Residence ~ Urban // Sex ~ Female","0.160252534778265","0.69162101692257","MAX-leaf // PoorerHousehold ~ 0 // Ethnicity ~ Kazakh // Residence ~ Urban // Sex ~ Female"
"KAZ+2015+NotOverweight+Ethnicity+MotherEducation+NUnder5+PoorerHousehold+Residence+Sex","NotOverweight","KAZ2015","Ethnicity+MotherEducation+NUnder5+PoorerHousehold+Residence+Sex","1","5218.47093504193",0.904872835871926,"0.162476583153612","0.940698810752531","MAX-leaf // Residence ~ Rural // NUnder5 ~ 1 // PoorerHousehold ~ 1","0.121909606130773","0.954363813911117","MAX-leaf // Residence ~ Rural // Ethnicity ~ MinorEthnicity"
"KAZ+2015+Stunting+Ethnicity+MotherEducation+NUnder5+PoorerHousehold+Residence+Sex","Stunting","KAZ2015","Ethnicity+MotherEducation+NUnder5+PoorerHousehold+Residence+Sex","1","5276.72038708947",0.083700251805585,"0.050235795313405","0.122802211352344","MAX-leaf // MotherEducation ~ Secondary // PoorerHousehold ~ 1 // Residence ~ Urban","0.088574077968925","0.158004880234268","MAX-leaf // Ethnicity ~ MinorEthnicity // Sex ~ Female"
"KGZ+2014+Stunting+MotherEducation+NUnder5+PoorerHousehold+Residence+Sex","Stunting","KGZ2014","MotherEducation+NUnder5+PoorerHousehold+Residence+Sex","0","4412.32075353446",0.132625184626219,"0.116683420127707","0.206718303579936","MAX-leaf // PoorerHousehold ~ 1 // MotherEducation ~ Lower","0.134101514358637","0.192952028345407","MAX-leaf // PoorerHousehold ~ 1 // Sex ~ Male // NUnder5 ~ 2 + 3 + 4"
"KGZ+2018+NotOverweight+MotherEducation+NUnder5+PoorerHousehold+Residence+Sex","NotOverweight","KGZ2018","MotherEducation+NUnder5+PoorerHousehold+Residence+Sex","1","3410.66805306364",0.928577130393411,"0.141679082158836","0.959331059141415","MAX-leaf // NUnder5 ~ 2 + 3 + 4 + 7 // MotherEducation ~ Secondary // PoorerHousehold ~ 1","0.55592616170832","0.935943259368368","MAX-leaf // NUnder5 ~ 2 + 3 + 4 + 5 + 7"
"KGZ+2018+NotStunting+Ethnicity+MotherEducation+NUnder5+PoorerHousehold+Residence+Sex","NotStunting","KGZ2018","Ethnicity+MotherEducation+NUnder5+PoorerHousehold+Residence+Sex","1","3422.18784548227",0.882026700731327,"0.06710701783984","0.942596805878647","MAX-leaf // PoorerHousehold ~ 0 // Ethnicity ~ MinorEthnicity + Kyrgyz + Russian // Residence ~ URBAN // MotherEducation ~ Lower","0.231099522364837","0.920569243236296","MAX-leaf // PoorerHousehold ~ 0 // Ethnicity ~ Kyrgyz + MinorEthnicity + Russian // Residence ~ Urban"
"KGZ+2018+Overweight+Ethnicity+MotherEducation+NUnder5+PoorerHousehold+Residence+Sex","Overweight","KGZ2018","Ethnicity+MotherEducation+NUnder5+PoorerHousehold+Residence+Sex","1","3410.66805306364",0.071422869606589,"0.116632875499164","0.108933759246359","MAX-leaf // Ethnicity ~ MinorEthnicity + Kyrgyz + Russian // MotherEducation ~ Lower // Sex ~ FEMALE","0.063583998444413","0.123552831826249","MAX-leaf // Ethnicity ~ Kyrgyz + MinorEthnicity + Russian // PoorerHousehold ~ 0 // MotherEducation ~ Secondary // Residence ~ Rural // NUnder5 ~ 1"
"KGZ+2018+Stunting+Ethnicity+MotherEducation+NUnder5+PoorerHousehold+Residence+Sex","Stunting","KGZ2018","Ethnicity+MotherEducation+NUnder5+PoorerHousehold+Residence+Sex","1","3422.18784548227",0.117973299268673,"0.076904638906193","0.199857820810456","MAX-leaf // PoorerHousehold ~ 1 // Sex ~ MALE // MotherEducation ~ Lower","0.238505226033326","0.165060985982308","MAX-leaf // PoorerHousehold ~ 1 // Sex ~ Male"
"KHM+2010+NotStunting+MotherEducation+PoorerHousehold+Residence+Sex+Under5","NotStunting","KHM61","MotherEducation+PoorerHousehold+Residence+Sex+Under5","0","4015.877264",0.599207202762759,"0.140973642564989","0.732235262322157","MAX-leaf // PoorerHousehold ~ 0 // Residence ~ Urban","0.063640432761991","0.75550741016333","MAX-leaf // PoorerHousehold ~ 0 // Residence ~ Urban // MotherEducation ~ Secondary"
"KHM+2010+Stunting+MotherEducation+PoorerHousehold+Residence+Sex+Under5","Stunting","KHM61","MotherEducation+PoorerHousehold+Residence+Sex+Under5","0","4015.877264",0.400792797237241,"0.250294196242149","0.494648470508262","MAX-leaf // PoorerHousehold ~ 1 // Sex ~ Male","0.121130372773265","0.518526551558142","MAX-leaf // PoorerHousehold ~ 1 // Sex ~ Male // Under5 ~ 0 + 1"
"KHM+2010+Wasting+MotherEducation+PoorerHousehold+Residence+Sex+Under5","Wasting","KHM61","MotherEducation+PoorerHousehold+Residence+Sex+Under5","0","4015.877264",0.108893898456554,"0.150324123551202","0.138587263721074","MAX-leaf // MotherEducation ~ Lower // Under5 ~ 1 + 2 // Sex ~ Male // PoorerHousehold ~ 0","0.075141962804768","0.121850146920956","MAX-leaf // Sex ~ Female // Residence ~ Urban"
"KHM+2014+Wasting+MotherEducation+PoorerHousehold+Residence+Sex+Under5","Wasting","KHM72","MotherEducation+PoorerHousehold+Residence+Sex+Under5","1","4949.044968",0.099201806444366,"0.242153395806445","0.126487260234301","MAX-leaf // PoorerHousehold ~ 1 // Under5 ~ 0 + 1 + 4","0.122239834334033","0.139570641532026","MAX-leaf // PoorerHousehold ~ 1 // Sex ~ Male // Under5 ~ 0 + 1"
"KIR+2019+ProfessionalHelp+aGroup+Education+Ethnicity+MarriageStatus+NUnder5+PoorerHousehold+Religion+Residence","ProfessionalHelp","KIR2019","aGroup+Education+Ethnicity+MarriageStatus+NUnder5+PoorerHousehold+Religion+Residence","1","870.557543462405",0.99358258218301,"0.085788701300867","0.066651618357051","0.967073618455957","0.066651618357051","1","MAX-leaf // NUnder5 ~ 2 // Education ~ Lower + Secondary // aGroup ~ 25-34"
"KIR+2019+ProfessionalHelp+aGroup+Education+Ethnicity+MarriageStatus+NUnder5+PoorerHousehold+Religion+Residence","ProfessionalHelp","KIR2019","aGroup+Education+Ethnicity+MarriageStatus+NUnder5+PoorerHousehold+Religion+Residence","1","870.557543462405",0.99358258218301,"0.085788701300867","0.066651618357051","0.967073618455957","0.085788701300867","1","MAX-leaf // NUnder5 ~ 2 // Education ~ Lower + Secondary // aGroup ~ 25-34"
"KIR+2019+ProfessionalHelp+aGroup+Education+Ethnicity+MarriageStatus+NUnder5+PoorerHousehold+Religion+Residence","ProfessionalHelp","KIR2019","aGroup+Education+Ethnicity+MarriageStatus+NUnder5+PoorerHousehold+Religion+Residence","1","870.557543462405",0.99358258218301,"0.085788701300867","0.066651618357051","0.967073618455957","0.18672014829662","1","MAX-leaf // NUnder5 ~ 2 // Education ~ Lower + Secondary // aGroup ~ 25-34"
"LAO+2011+BasicWater+HighestEducation+PoorerHousehold+Residence","BasicWater","LAO2011","HighestEducation+PoorerHousehold+Residence","0","18843",0.753689752288368,"0.149409073950102","0.979538540059779","MAX-leaf // PoorerHousehold ~ 0 // Residence ~ Urban // HighestEducation ~ Secondary + Higher","0.186217539667537","0.953811182020287","MAX-leaf // PoorerHousehold ~ 0 // HighestEducation ~ Secondary + Higher // Residence ~ Urban"
"LAO+2011+SafeSanitation+HighestEducation+PoorerHousehold+Residence","SafeSanitation","LAO2011","HighestEducation+PoorerHousehold+Residence","0","18843",0.593241977811164,"0.149409073950102","0.953536766882452","MAX-leaf // PoorerHousehold ~ 0 // Residence ~ Urban // HighestEducation ~ Secondary + Higher","0.186217539667537","0.941024586187669","MAX-leaf // PoorerHousehold ~ 0 // HighestEducation ~ Secondary + Higher // Residence ~ Urban"
"LAO+2017+CleanFuel+HighestEducation+PoorerHousehold+Residence","CleanFuel","LAO2017","HighestEducation+PoorerHousehold+Residence","1","22287",0.074263225725018,"0.121530618315232","0.268043206746609","MAX-leaf // Residence ~ URBAN // HighestEducation ~ Higher","0.177849313353817","0.204575266346326","MAX-leaf // HighestEducation ~ Higher"
"LAO+2017+HigherEducation2535+PoorerHousehold+Residence+Sex","HigherEducation2535","LAO2017","PoorerHousehold+Residence+Sex","1","17399.5093989723",0.156065331356449,"0.161545963816705","0.374984033914704","MAX-leaf // Residence ~ URBAN // Sex ~ MALE","0.157554909645243","0.386402889810077","MAX-leaf // PoorerHousehold ~ 0 // Residence ~ Urban // Sex ~ Male"
"LAO+2017+Overweight+MotherEducation+NUnder5+PoorerHousehold+Residence+Sex","Overweight","LAO2017","MotherEducation+NUnder5+PoorerHousehold+Residence+Sex","1","11358.7298482253",0.035450924783676,"0.196442547301174","0.052939092201155","MAX-leaf // Residence ~ URBAN + RURAL WITHOUT ROAD // Sex ~ MALE","0.103239750096672","0.067090287879902","MAX-leaf // Residence ~ Urban // MotherEducation ~ Secondary + Higher // Sex ~ Male"
"MDV+2017+BankAccount+aGroup+Education+PoorerHousehold+Residence+Sex","BankAccount","MDV71","aGroup+Education+PoorerHousehold+Residence+Sex","1","12040.999853",0.670854544773326,"0.225378444824404","0.900009676938577","MAX-leaf // aGroup ~ 25-34 + 35+ // Sex ~ Male","0.125436124943036","0.937413183641971","MAX-leaf // aGroup ~ 25-34 + 35+ // Sex ~ Male // PoorerHousehold ~ 0"
NA,NA,NA,NA,NA,NA,NA,NA,NA,NA,NA,NA,NA
"MDV+2017+NotWasting+MotherEducation+PoorerHousehold+Residence+Sex+Under5","NotWasting","MDV71","MotherEducation+PoorerHousehold+Residence+Sex+Under5","1","2271.698668",0.907737431925985,"0.150378368756432","0.950725162766879","MAX-leaf // Under5 ~ 1 + 2 + 4 + 7 // MotherEducation ~ Higher","0.377392073199035","0.92662297801686","MAX-leaf // Under5 ~ 0 + 1 + 2 // Sex ~ Female"
"MNG+2018+AccessElectricity+HighestEducation+PoorerHousehold+Residence","AccessElectricity","MNG2018","HighestEducation+PoorerHousehold+Residence","1","13798",0.978839847906711,"0.076999457301287","0.5194601886919","MAX-leaf // Residence ~ Urban // PoorerHousehold ~ 0","0.51946018869189","1","MAX-leaf // Residence ~ Urban // PoorerHousehold ~ 0"
"MNG+2018+AccessElectricity+HighestEducation+PoorerHousehold+Residence","AccessElectricity","MNG2018","HighestEducation+PoorerHousehold+Residence","1","13798",0.978839847906711,"0.076999457301287","0.5194601886919","MAX-leaf // Residence ~ Urban // PoorerHousehold ~ 0","0.076999457301287","1","MAX-leaf // Residence ~ Urban // PoorerHousehold ~ 0"
"MNG+2018+Stunting+MotherEducation+NUnder5+PoorerHousehold+Residence+Sex","Stunting","MNG2018","MotherEducation+NUnder5+PoorerHousehold+Residence+Sex","1","5914.57097502619",0.095043984120457,"0.08225231194253","0.191705076139936","MAX-leaf // MotherEducation ~ Lower // NUnder5 ~ 2 + 3 + 4","0.091695419389492","0.176726077053491","MAX-leaf // PoorerHousehold ~ 1 // Sex ~ Male // NUnder5 ~ 2 + 3 + 4"
"NPL+2011+CleanFuel+HighestEducation+PoorerHousehold+Residence","CleanFuel","NPL61","HighestEducation+PoorerHousehold+Residence","0","10826.000151",0.236210997074833,"0.134218820869479","0.720279034561695","MAX-leaf // PoorerHousehold ~ 0 // Residence ~ Urban","0.054685960072272","0.875668012361512","MAX-leaf // PoorerHousehold ~ 0 // Residence ~ Urban // HighestEducation ~ Higher"
"NPL+2011+NotStunting+MotherEducation+PoorerHousehold+Residence+Sex+Under5","NotStunting","NPL61","MotherEducation+PoorerHousehold+Residence+Sex+Under5","0","2536.231928",0.586614482522199,"0.174668554602313","0.755434059684408","MAX-leaf // PoorerHousehold ~ 0 // Under5 ~ 0 + 1 + 3 + 5 // MotherEducation ~ Secondary + Higher","0.126226599967319","0.772697690918805","MAX-leaf // PoorerHousehold ~ 0 // Under5 ~ 0 + 1 // MotherEducation ~ Secondary"
"NPL+2011+Stunting+MotherEducation+PoorerHousehold+Residence+Sex+Under5","Stunting","NPL61","MotherEducation+PoorerHousehold+Residence+Sex+Under5","0","2536.231928",0.413385517477801,"0.230649753889541","0.549720798753099","MAX-leaf // PoorerHousehold ~ 1 // Under5 ~ 1 + 3","0.461148757764552","0.515545042104307","MAX-leaf // PoorerHousehold ~ 1"
"NPL+2016+BankAccount+aGroup+Education+PoorerHousehold+Residence+Sex","BankAccount","NPL7H","aGroup+Education+PoorerHousehold+Residence+Sex","0.5","16924.999832",0.403895140789033,"0.254147700661555","0.671301000198053","MAX-leaf // aGroup ~ 25-34 + 35+ // Education ~ Secondary + Higher","0.098779937937668","0.734884774229084","MAX-leaf // aGroup ~ 35+ // Education ~ Secondary + Higher"
"NPL+2016+NotStunting+MotherEducation+PoorerHousehold+Residence+Sex+Under5","NotStunting","NPL7H","MotherEducation+PoorerHousehold+Residence+Sex+Under5","0.5","2490.497211",0.635978510638051,"0.104560923356922","0.788949380214228","MAX-leaf // MotherEducation ~ Higher // PoorerHousehold ~ 0","0.191846191551507","0.749127799551356","MAX-leaf // PoorerHousehold ~ 0 // MotherEducation ~ Secondary"
"NPL+2016+SafeSanitation+HighestEducation+PoorerHousehold+Residence","SafeSanitation","NPL7H","HighestEducation+PoorerHousehold+Residence","0.5","11040.000096",0.617486596079827,"0.272731925255232","0.718600702218912","MAX-leaf // HighestEducation ~ Higher","0.0987786663512","0.736050982543327","MAX-leaf // HighestEducation ~ Secondary // PoorerHousehold ~ 1 // Residence ~ Rural"
"NPL+2016+Stunting+MotherEducation+PoorerHousehold+Residence+Sex+Under5","Stunting","NPL7H","MotherEducation+PoorerHousehold+Residence+Sex+Under5","0.5","2490.497211",0.364021489361949,"0.135622928428969","0.522559489520226","MAX-leaf // MotherEducation ~ Lower // PoorerHousehold ~ 1 // Under5 ~ 2 + 3","0.150546106353379","0.50248713737208","MAX-leaf // PoorerHousehold ~ 1 // MotherEducation ~ Lower // Under5 ~ 2 + 3 + 4"
"NPL+2016+Wasting+MotherEducation+PoorerHousehold+Residence+Sex+Under5","Wasting","NPL7H","MotherEducation+PoorerHousehold+Residence+Sex+Under5","0.5","2487.432358",0.097517481920608,"0.282807282673454","0.124667429669953","MAX-leaf // MotherEducation ~ Lower // PoorerHousehold ~ 0","0.174083508887119","0.141253437221085","MAX-leaf // MotherEducation ~ Lower // Residence ~ Rural // PoorerHousehold ~ 0"
"NPL+2019+HigherEducation2535+Language+PoorerHousehold+Religion+Residence+Sex","HigherEducation2535","NPL2019","Language+PoorerHousehold+Religion+Residence+Sex","1","8908.06825362932",0.141786354016999,"0.237907295691067","0.249003532220451","MAX-leaf // PoorerHousehold ~ 0 // Residence ~ Urban // Sex ~ Male","0.113727605571235","0.298795951436535","MAX-leaf // PoorerHousehold ~ 0 // Language ~ Nepali // Residence ~ Urban // Sex ~ Male"
"NPL+2019+HigherEducation35plus+Language+PoorerHousehold+Religion+Residence+Sex","HigherEducation35plus","NPL2019","Language+PoorerHousehold+Religion+Residence+Sex","1","19428.5723029537",0.040567373992865,"0.223177369626705","0.115126176945356","MAX-leaf // PoorerHousehold ~ 0 // Sex ~ Male // Residence ~ Urban","0.10705384696911","0.138699920712323","MAX-leaf // PoorerHousehold ~ 0 // Sex ~ Male // Residence ~ Urban // Language ~ Nepali"
"NPL+2019+SecondaryEducation2035+Language+PoorerHousehold+Religion+Residence+Sex","SecondaryEducation2035","NPL2019","Language+PoorerHousehold+Religion+Residence+Sex","1","13407.2978045598",0.317054261005706,"0.235093664915967","0.486407102073704","MAX-leaf // PoorerHousehold ~ 0 // Residence ~ Urban // Sex ~ Male","0.178433220825579","0.541323073650539","MAX-leaf // PoorerHousehold ~ 0 // Language ~ MinorLanguage + Nepali // Residence ~ Urban // Sex ~ Male"
"NPL+2019+SecondaryEducation35plus+Language+PoorerHousehold+Religion+Residence+Sex","SecondaryEducation35plus","NPL2019","Language+PoorerHousehold+Religion+Residence+Sex","1","20358.7395832538",0.080670901403414,"0.223972722095095","0.196869105864549","MAX-leaf // PoorerHousehold ~ 0 // Sex ~ Male // Residence ~ Urban","0.107919901697094","0.229691156351525","MAX-leaf // PoorerHousehold ~ 0 // Sex ~ Male // Residence ~ Urban // Language ~ Nepali"
"PAK+2013+NotOverweight+MotherEducation+PoorerHousehold+Residence+Sex+Under5","NotOverweight","PAK61","MotherEducation+PoorerHousehold+Residence+Sex+Under5","0","3487.767426",0.967212041104716,"0.090931860202539","0.98892700274363","MAX-leaf // MotherEducation ~ Lower + Secondary // Under5 ~ 1 // Sex ~ Male","0.152819931176225","0.970956446488674","MAX-leaf // Residence ~ Urban // Sex ~ Male"
"PAK+2013+NotStunting+MotherEducation+PoorerHousehold+Residence+Sex+Under5","NotStunting","PAK61","MotherEducation+PoorerHousehold+Residence+Sex+Under5","0","3487.767426",0.549338289507839,"0.080822548515883","0.803809001525885","MAX-leaf // MotherEducation ~ Secondary + Higher // Under5 ~ 0 + 3 + 4 + 6 + 8","0.171991369472695","0.76764450699828","MAX-leaf // PoorerHousehold ~ 0 // MotherEducation ~ Secondary"
"PAK+2013+Overweight+MotherEducation+PoorerHousehold+Residence+Sex+Under5","Overweight","PAK61","MotherEducation+PoorerHousehold+Residence+Sex+Under5","0","3487.767426",0.032787958895284,"0.085169816022016","0.06138017147204","MAX-leaf // MotherEducation ~ Higher","0.151216873598956","0.049745496896693","MAX-leaf // Residence ~ Urban // Sex ~ Female"
"PAK+2013+Wasting+MotherEducation+PoorerHousehold+Residence+Sex+Under5","Wasting","PAK61","MotherEducation+PoorerHousehold+Residence+Sex+Under5","0","3487.767426",0.108265892440272,"0.197162799294978","0.1652064686476","MAX-leaf // PoorerHousehold ~ 1 // Under5 ~ 1 + 3 + 6","0.422672411299706","0.140750314193679","MAX-leaf // PoorerHousehold ~ 1"
"PHL+2017+BankAccount+aGroup+Education+PoorerHousehold+Residence","BankAccount","PHL70","aGroup+Education+PoorerHousehold+Residence","1","25073.999827",0.222655224915026,"0.243583360977105","0.531105225269514","MAX-leaf // Education ~ Higher // aGroup ~ 25-34 + 35+","0.137101911690142","0.569796743444807","MAX-leaf // Education ~ Higher // aGroup ~ 25-34 + 35+ // Residence ~ Urban"
"PHL+2017+HigherEducation2535+PoorerHousehold+Residence+Sex","HigherEducation2535","PHL70","PoorerHousehold+Residence+Sex","1","18288.9087",0.393611495146236,"0.311512513100359","0.562673845907758","MAX-leaf // PoorerHousehold ~ 0 // Sex ~ Female","0.125836566891496","0.577302475549975","MAX-leaf // PoorerHousehold ~ 0 // Sex ~ Female // Residence ~ Rural"
"PNG+2018+NotStunting+MotherEducation+PoorerHousehold+Residence+Sex+Under5","NotStunting","PNG70","MotherEducation+PoorerHousehold+Residence+Sex+Under5","1","3822.216189",0.568003211395534,"0.194834915445962","0.700782549329906","MAX-leaf // PoorerHousehold ~ 0 // MotherEducation ~ Secondary + Higher","0.081576015217908","0.711958694214761","MAX-leaf // PoorerHousehold ~ 0 // MotherEducation ~ Secondary // Sex ~ Female"
"PNG+2018+Wasting+MotherEducation+PoorerHousehold+Residence+Sex+Under5","Wasting","PNG70","MotherEducation+PoorerHousehold+Residence+Sex+Under5","1","3892.227949",0.091299002436715,"0.17332106362715","0.134041261485416","MAX-leaf // PoorerHousehold ~ 1 // Under5 ~ 2 + 5 + 6","0.253842362509585","0.121857281907749","MAX-leaf // PoorerHousehold ~ 1 // Under5 ~ 2 + 3 + 4 + 5 + 6"
"TJK+2012+NotStunting+MotherEducation+PoorerHousehold+Residence+Sex+Under5","NotStunting","TJK61","MotherEducation+PoorerHousehold+Residence+Sex+Under5","0","5119.801641",0.736048455436635,"0.207338583686351","0.800291113294221","MAX-leaf // PoorerHousehold ~ 0 // Under5 ~ 0 + 1 + 2 + 5 + 6 // Sex ~ Male","0.095853710048061","0.824465030892123","MAX-leaf // PoorerHousehold ~ 0 // Under5 ~ 0 + 1 + 2 // MotherEducation ~ Lower"
"TJK+2012+Stunting+MotherEducation+PoorerHousehold+Residence+Sex+Under5","Stunting","TJK61","MotherEducation+PoorerHousehold+Residence+Sex+Under5","0","5119.801641",0.263951544563365,"0.159557832760185","0.327436559673845","MAX-leaf // PoorerHousehold ~ 1 // Under5 ~ 0 + 2 + 7","0.410786333040281","0.308822788937917","MAX-leaf // PoorerHousehold ~ 1"
"TJK+2012+Wasting+MotherEducation+PoorerHousehold+Residence+Sex+Under5","Wasting","TJK61","MotherEducation+PoorerHousehold+Residence+Sex+Under5","0","5119.801641",0.100394765274462,"0.093646261441167","0.134623795810754","MAX-leaf // MotherEducation ~ Lower","0.082173292932073","0.115763689636229","MAX-leaf // Under5 ~ 0 + 1 // PoorerHousehold ~ 0 // Sex ~ Male"
"TJK+2017+InternetUse+aGroup+Education+PoorerHousehold+Residence","InternetUse","TJK70","aGroup+Education+PoorerHousehold+Residence","1","10718.000007",0.124036340840805,"0.173514834743925","0.376769893726624","MAX-leaf // Education ~ Higher","0.074018301500455","0.542811402498613","MAX-leaf // Education ~ Higher // Residence ~ Urban"
"TJK+2017+Overweight+MotherEducation+PoorerHousehold+Residence+Sex+Under5","Overweight","TJK70","MotherEducation+PoorerHousehold+Residence+Sex+Under5","1","6727.313569",0.033368384080448,"0.074373815620189","0.068829573417506","MAX-leaf // Residence ~ Urban // Under5 ~ 1 + 5 + 6","0.151147761371728","0.057664585738519","MAX-leaf // Residence ~ Urban // Under5 ~ 0 + 1 + 2"
"TJK+2017+Stunting+MotherEducation+PoorerHousehold+Residence+Sex+Under5","Stunting","TJK70","MotherEducation+PoorerHousehold+Residence+Sex+Under5","1","6739.584307",0.178505955441563,"0.211527558980054","0.236352801227662","MAX-leaf // PoorerHousehold ~ 1 // Under5 ~ 0 + 2 + 4 + 5 + 6 + 8","0.14584949549174","0.225666459685062","MAX-leaf // PoorerHousehold ~ 1 // Under5 ~ 2"
"TKM+2019+ContraceptiveMethod+aGroup+Education+NUnder5+PoorerHousehold+Residence","ContraceptiveMethod","TKM2019","aGroup+Education+NUnder5+PoorerHousehold+Residence","1","3036.085552",0.797248535834408,"0.199620506280121","0.896610197387511","MAX-leaf // NUnder5 ~ 0 // Residence ~ Rural","0.388298324560287","0.930288286507631","MAX-leaf // NUnder5 ~ 0"
"TKM+2019+InternetUse+aGroup+Education+PoorerHousehold+Residence","InternetUse","TKM2019","aGroup+Education+PoorerHousehold+Residence","1","7558.000004",0.526893682176823,"0.147709917227991","0.780276356533348","MAX-leaf // Education ~ Secondary + Higher","0.116929234523985","0.746116219785876","MAX-leaf // Residence ~ Urban // aGroup ~ 15-24"
"TKM+2019+MobilePhone+aGroup+Education+PoorerHousehold+Residence","MobilePhone","TKM2019","aGroup+Education+PoorerHousehold+Residence","1","7558.000004",0.910630526509325,"0.122703054049905","0.992184738376047","MAX-leaf // PoorerHousehold ~ 0 // Education ~ Secondary + Higher","0.293441561501223","0.976912311378695","MAX-leaf // PoorerHousehold ~ 0 // aGroup ~ 25-34 + 35+ // Residence ~ Urban"
"TLS+2016+SafeSanitation+HighestEducation+PoorerHousehold+Residence","SafeSanitation","TLS71","HighestEducation+PoorerHousehold+Residence","1","11501.999758",0.500915938203935,"0.223663705279655","0.77615781279273","MAX-leaf // PoorerHousehold ~ 0 // Residence ~ Urban","0.111714152932953","0.825401123430132","MAX-leaf // PoorerHousehold ~ 0 // Residence ~ Urban // HighestEducation ~ Higher"
"TON+2019+BankCardHH+Ethnicity+HighestEducation+PoorerHousehold+Religion+Residence","BankCardHH","TON2019","Ethnicity+HighestEducation+PoorerHousehold+Religion+Residence","1","2498",0.86102391158961,"0.067294395652616","0.972527768859199","MAX-leaf // PoorerHousehold ~ 0 // HighestEducation ~ Lower + Secondary // Religion ~ LatterDaySaints","0.055325826725379","0.989324492813854","MAX-leaf // PoorerHousehold ~ 0 // HighestEducation ~ Higher // Religion ~ FreeChurchTonga + FreeWesleyanChurch + LatterDaySaints // Residence ~ Urban"
"TON+2019+BankCardHH+Ethnicity+HighestEducation+PoorerHousehold+Religion+Residence","BankCardHH","TON2019","Ethnicity+HighestEducation+PoorerHousehold+Religion+Residence","1","2498",0.86102391158961,"0.067294395652616","0.972527768859199","MAX-leaf // PoorerHousehold ~ 0 // HighestEducation ~ Lower + Secondary // Religion ~ LatterDaySaints","0.055325826725379","0.989324492813854","MAX-leaf // PoorerHousehold ~ 0 // HighestEducation ~ Higher // Religion ~ FreeChurchTonga + FreeWesleyanChurch + LatterDaySaints // Residence ~ Urban"
"TON+2019+BasicWater+Ethnicity+HighestEducation+PoorerHousehold+Religion+Residence","BasicWater","TON2019","Ethnicity+HighestEducation+PoorerHousehold+Religion+Residence","1","2498",0.98746411689792,"0.117600264025912","0.221824231900712","MAX-leaf // PoorerHousehold ~ 0 // Religion ~ FreeChurchTonga + FreeWesleyanChurch + RomanCatholic // Residence ~ Urban","0.117600264025912","1","MAX-leaf // PoorerHousehold ~ 0 // Religion ~ FreeChurchTonga + FreeWesleyanChurch + RomanCatholic // Residence ~ Urban"
"TON+2019+BasicWater+Ethnicity+HighestEducation+PoorerHousehold+Religion+Residence","BasicWater","TON2019","Ethnicity+HighestEducation+PoorerHousehold+Religion+Residence","1","2498",0.98746411689792,"0.117600264025912","0.221824231900712","MAX-leaf // PoorerHousehold ~ 0 // Religion ~ FreeChurchTonga + FreeWesleyanChurch + RomanCatholic // Residence ~ Urban","0.221824231900712","1","MAX-leaf // PoorerHousehold ~ 0 // Religion ~ FreeChurchTonga + FreeWesleyanChurch + RomanCatholic // Residence ~ Urban"
"TON+2019+BasicWater+Ethnicity+HighestEducation+PoorerHousehold+Religion+Residence","BasicWater","TON2019","Ethnicity+HighestEducation+PoorerHousehold+Religion+Residence","1","2498",0.98746411689792,"0.117600264025912","0.221824231900712","MAX-leaf // PoorerHousehold ~ 0 // Religion ~ FreeChurchTonga + FreeWesleyanChurch + RomanCatholic // Residence ~ Urban","0.117600264025912","1","MAX-leaf // PoorerHousehold ~ 0 // Religion ~ FreeChurchTonga + FreeWesleyanChurch + RomanCatholic // Residence ~ Urban"
"TON+2019+BasicWater+Ethnicity+HighestEducation+PoorerHousehold+Religion+Residence","BasicWater","TON2019","Ethnicity+HighestEducation+PoorerHousehold+Religion+Residence","1","2498",0.98746411689792,"0.117600264025912","0.221824231900712","MAX-leaf // PoorerHousehold ~ 0 // Religion ~ FreeChurchTonga + FreeWesleyanChurch + RomanCatholic // Residence ~ Urban","0.221824231900712","1","MAX-leaf // PoorerHousehold ~ 0 // Religion ~ FreeChurchTonga + FreeWesleyanChurch + RomanCatholic // Residence ~ Urban"
"TON+2019+InternetUse+aGroup+Education+PoorerHousehold+Residence+Sex","InternetUse","TON2019","aGroup+Education+PoorerHousehold+Residence+Sex","1","4135",0.800358435177991,"0.074002418379686","0.905228758169935","MAX-leaf // aGroup ~ 25-34 // Sex ~ Male","0.26467229678008","0.882565068333515","MAX-leaf // aGroup ~ 25-34"
"TON+2019+InternetUse+aGroup+Education+PoorerHousehold+Residence+Sex","InternetUse","TON2019","aGroup+Education+PoorerHousehold+Residence+Sex","1","4135",0.800358435177991,"0.074002418379686","0.905228758169935","MAX-leaf // aGroup ~ 25-34 // Sex ~ Male","0.26467229678008","0.882565068333515","MAX-leaf // aGroup ~ 25-34"
"TON+2019+InternetUse+aGroup+Education+PoorerHousehold+Residence+Sex","InternetUse","TON2019","aGroup+Education+PoorerHousehold+Residence+Sex","1","4135",0.800358435177991,"0.074002418379686","0.905228758169935","MAX-leaf // aGroup ~ 25-34 // Sex ~ Male","0.26467229678008","0.882565068333515","MAX-leaf // aGroup ~ 25-34"
"TON+2019+InternetUse+aGroup+Education+PoorerHousehold+Residence+Sex","InternetUse","TON2019","aGroup+Education+PoorerHousehold+Residence+Sex","1","4135",0.800358435177991,"0.074002418379686","0.905228758169935","MAX-leaf // aGroup ~ 25-34 // Sex ~ Male","0.26467229678008","0.882565068333515","MAX-leaf // aGroup ~ 25-34"
"TON+2019+NotOverweight+MotherEducation+NUnder5+PoorerHousehold+Residence+Sex","NotOverweight","TON2019","MotherEducation+NUnder5+PoorerHousehold+Residence+Sex","1","1270.53453023488",0.884355926481458,"0.06105216388719","0.98142992239492","MAX-leaf // Residence ~ Rural // NUnder5 ~ 3 + 4 + 5 // Sex ~ Female","0.126177849994498","0.947237149033723","MAX-leaf // Residence ~ Rural // NUnder5 ~ 3 + 4 + 5"
"TON+2019+NotOverweight+MotherEducation+NUnder5+PoorerHousehold+Residence+Sex","NotOverweight","TON2019","MotherEducation+NUnder5+PoorerHousehold+Residence+Sex","1","1270.53453023488",0.884355926481458,"0.06105216388719","0.98142992239492","MAX-leaf // Residence ~ Rural // NUnder5 ~ 3 + 4 + 5 // Sex ~ Female","0.126177849994498","0.947237149033723","MAX-leaf // Residence ~ Rural // NUnder5 ~ 3 + 4 + 5"
"TON+2019+NotOverweight+MotherEducation+NUnder5+PoorerHousehold+Residence+Sex","NotOverweight","TON2019","MotherEducation+NUnder5+PoorerHousehold+Residence+Sex","1","1270.53453023488",0.884355926481458,"0.06105216388719","0.98142992239492","MAX-leaf // Residence ~ Rural // NUnder5 ~ 3 + 4 + 5 // Sex ~ Female","0.126177849994498","0.947237149033723","MAX-leaf // Residence ~ Rural // NUnder5 ~ 3 + 4 + 5"
"TON+2019+NotOverweight+MotherEducation+NUnder5+PoorerHousehold+Residence+Sex","NotOverweight","TON2019","MotherEducation+NUnder5+PoorerHousehold+Residence+Sex","1","1270.53453023488",0.884355926481458,"0.06105216388719","0.98142992239492","MAX-leaf // Residence ~ Rural // NUnder5 ~ 3 + 4 + 5 // Sex ~ Female","0.126177849994498","0.947237149033723","MAX-leaf // Residence ~ Rural // NUnder5 ~ 3 + 4 + 5"
"TON+2019+NotWasting+Ethnicity+MotherEducation+NUnder5+PoorerHousehold+Religion+Residence+Sex","NotWasting","TON2019","Ethnicity+MotherEducation+NUnder5+PoorerHousehold+Religion+Residence+Sex","1","1270.53453023488",0.989392916224609,"0.095175946635053","0.082589781815793","MAX-leaf // Religion ~ FreeChurchTonga + LatterDaySaints + MinorReligion // Residence ~ Rural // PoorerHousehold ~ 0 // Sex ~ Female","0.095175946635053","1","MAX-leaf // Religion ~ FreeChurchTonga + LatterDaySaints + MinorReligion // Residence ~ Rural // PoorerHousehold ~ 0 // Sex ~ Female"
"TON+2019+NotWasting+Ethnicity+MotherEducation+NUnder5+PoorerHousehold+Religion+Residence+Sex","NotWasting","TON2019","Ethnicity+MotherEducation+NUnder5+PoorerHousehold+Religion+Residence+Sex","1","1270.53453023488",0.989392916224609,"0.095175946635053","0.082589781815793","MAX-leaf // Religion ~ FreeChurchTonga + LatterDaySaints + MinorReligion // Residence ~ Rural // PoorerHousehold ~ 0 // Sex ~ Female","0.197216145421821","1","MAX-leaf // Religion ~ FreeChurchTonga + LatterDaySaints + MinorReligion // Residence ~ Rural // PoorerHousehold ~ 0 // Sex ~ Female"
"TON+2019+NotWasting+Ethnicity+MotherEducation+NUnder5+PoorerHousehold+Religion+Residence+Sex","NotWasting","TON2019","Ethnicity+MotherEducation+NUnder5+PoorerHousehold+Religion+Residence+Sex","1","1270.53453023488",0.989392916224609,"0.095175946635053","0.082589781815793","MAX-leaf // Religion ~ FreeChurchTonga + LatterDaySaints + MinorReligion // Residence ~ Rural // PoorerHousehold ~ 0 // Sex ~ Female","0.197216145421821","1","MAX-leaf // Religion ~ FreeChurchTonga + LatterDaySaints + MinorReligion // Residence ~ Rural // PoorerHousehold ~ 0 // Sex ~ Female"
"TON+2019+NotWasting+Ethnicity+MotherEducation+NUnder5+PoorerHousehold+Religion+Residence+Sex","NotWasting","TON2019","Ethnicity+MotherEducation+NUnder5+PoorerHousehold+Religion+Residence+Sex","1","1270.53453023488",0.989392916224609,"0.095175946635053","0.082589781815793","MAX-leaf // Religion ~ FreeChurchTonga + LatterDaySaints + MinorReligion // Residence ~ Rural // PoorerHousehold ~ 0 // Sex ~ Female","0.082589781815793","1","MAX-leaf // Religion ~ FreeChurchTonga + LatterDaySaints + MinorReligion // Residence ~ Rural // PoorerHousehold ~ 0 // Sex ~ Female"
"TON+2019+NotWasting+Ethnicity+MotherEducation+NUnder5+PoorerHousehold+Religion+Residence+Sex","NotWasting","TON2019","Ethnicity+MotherEducation+NUnder5+PoorerHousehold+Religion+Residence+Sex","1","1270.53453023488",0.989392916224609,"0.095175946635053","0.082589781815793","MAX-leaf // Religion ~ FreeChurchTonga + LatterDaySaints + MinorReligion // Residence ~ Rural // PoorerHousehold ~ 0 // Sex ~ Female","0.082589781815793","1","MAX-leaf // Religion ~ FreeChurchTonga + LatterDaySaints + MinorReligion // Residence ~ Rural // PoorerHousehold ~ 0 // Sex ~ Female"
"TON+2019+NotWasting+Ethnicity+MotherEducation+NUnder5+PoorerHousehold+Religion+Residence+Sex","NotWasting","TON2019","Ethnicity+MotherEducation+NUnder5+PoorerHousehold+Religion+Residence+Sex","1","1270.53453023488",0.989392916224609,"0.095175946635053","0.082589781815793","MAX-leaf // Religion ~ FreeChurchTonga + LatterDaySaints + MinorReligion // Residence ~ Rural // PoorerHousehold ~ 0 // Sex ~ Female","0.095175946635053","1","MAX-leaf // Religion ~ FreeChurchTonga + LatterDaySaints + MinorReligion // Residence ~ Rural // PoorerHousehold ~ 0 // Sex ~ Female"
"TON+2019+NoViolenceJustifiedAgainstWomen+aGroup+Education+NUnder5+PoorerHousehold+Residence","NoViolenceJustifiedAgainstWomen","TON2019","aGroup+Education+NUnder5+PoorerHousehold+Residence","1","2903",0.61895621621357,"0.050063186047059","0.89430085975633","MAX-leaf // Residence ~ Urban // NUnder5 ~ 0 // aGroup ~ 15-24","0.12599359666638","0.82358234669324","MAX-leaf // Residence ~ Urban // NUnder5 ~ 0"
"TON+2019+NoViolenceJustifiedAgainstWomen+aGroup+Education+NUnder5+PoorerHousehold+Residence","NoViolenceJustifiedAgainstWomen","TON2019","aGroup+Education+NUnder5+PoorerHousehold+Residence","1","2903",0.61895621621357,"0.050063186047059","0.89430085975633","MAX-leaf // Residence ~ Urban // NUnder5 ~ 0 // aGroup ~ 15-24","0.12599359666638","0.82358234669324","MAX-leaf // Residence ~ Urban // NUnder5 ~ 0"
"TON+2019+NoViolenceJustifiedAgainstWomen+aGroup+Education+NUnder5+PoorerHousehold+Residence","NoViolenceJustifiedAgainstWomen","TON2019","aGroup+Education+NUnder5+PoorerHousehold+Residence","1","2903",0.61895621621357,"0.050063186047059","0.89430085975633","MAX-leaf // Residence ~ Urban // NUnder5 ~ 0 // aGroup ~ 15-24","0.12599359666638","0.82358234669324","MAX-leaf // Residence ~ Urban // NUnder5 ~ 0"
"TON+2019+NoViolenceJustifiedAgainstWomen+aGroup+Education+NUnder5+PoorerHousehold+Residence","NoViolenceJustifiedAgainstWomen","TON2019","aGroup+Education+NUnder5+PoorerHousehold+Residence","1","2903",0.61895621621357,"0.050063186047059","0.89430085975633","MAX-leaf // Residence ~ Urban // NUnder5 ~ 0 // aGroup ~ 15-24","0.12599359666638","0.82358234669324","MAX-leaf // Residence ~ Urban // NUnder5 ~ 0"
"TON+2019+ProfessionalHelp+aGroup+Education+Ethnicity+MarriageStatus+NUnder5+PoorerHousehold+Religion+Residence","ProfessionalHelp","TON2019","aGroup+Education+Ethnicity+MarriageStatus+NUnder5+PoorerHousehold+Religion+Residence","1","421.267786162657",0.978981423574364,"c(0.126420120895388","0.207832958582027","MAX-leaf // aGroup ~ 25-34 + 35+ // PoorerHousehold ~ 0 // Religion ~ FreeChurchTonga + LatterDaySaints + MinorReligion","0.207832958582027","1","MAX-leaf // aGroup ~ 25-34 + 35+ // PoorerHousehold ~ 0 // Religion ~ FreeChurchTonga + LatterDaySaints + MinorReligion"
"TON+2019+ProfessionalHelp+aGroup+Education+Ethnicity+MarriageStatus+NUnder5+PoorerHousehold+Religion+Residence","ProfessionalHelp","TON2019","aGroup+Education+Ethnicity+MarriageStatus+NUnder5+PoorerHousehold+Religion+Residence","1","421.267786162657",0.978981423574364,"c(0.126420120895388","0.207832958582027","MAX-leaf // aGroup ~ 25-34 + 35+ // PoorerHousehold ~ 0 // Religion ~ FreeChurchTonga + LatterDaySaints + MinorReligion","0.237945902675054","1","MAX-leaf // aGroup ~ 25-34 + 35+ // PoorerHousehold ~ 0 // Religion ~ FreeChurchTonga + LatterDaySaints + MinorReligion"
"TON+2019+ProfessionalHelp+aGroup+Education+Ethnicity+MarriageStatus+NUnder5+PoorerHousehold+Religion+Residence","ProfessionalHelp","TON2019","aGroup+Education+Ethnicity+MarriageStatus+NUnder5+PoorerHousehold+Religion+Residence","1","421.267786162657",0.978981423574364,"c(0.126420120895388","0.207832958582027","MAX-leaf // aGroup ~ 25-34 + 35+ // PoorerHousehold ~ 0 // Religion ~ FreeChurchTonga + LatterDaySaints + MinorReligion","0.207832958582027","1","MAX-leaf // aGroup ~ 25-34 + 35+ // PoorerHousehold ~ 0 // Religion ~ FreeChurchTonga + LatterDaySaints + MinorReligion"
"TON+2019+ProfessionalHelp+aGroup+Education+Ethnicity+MarriageStatus+NUnder5+PoorerHousehold+Religion+Residence","ProfessionalHelp","TON2019","aGroup+Education+Ethnicity+MarriageStatus+NUnder5+PoorerHousehold+Religion+Residence","1","421.267786162657",0.978981423574364,"c(0.126420120895388","0.207832958582027","MAX-leaf // aGroup ~ 25-34 + 35+ // PoorerHousehold ~ 0 // Religion ~ FreeChurchTonga + LatterDaySaints + MinorReligion","0.126420120895388","1","MAX-leaf // aGroup ~ 25-34 + 35+ // PoorerHousehold ~ 0 // Religion ~ FreeChurchTonga + LatterDaySaints + MinorReligion"
"TON+2019+ProfessionalHelp+aGroup+Education+Ethnicity+MarriageStatus+NUnder5+PoorerHousehold+Religion+Residence","ProfessionalHelp","TON2019","aGroup+Education+Ethnicity+MarriageStatus+NUnder5+PoorerHousehold+Religion+Residence","1","421.267786162657",0.978981423574364,"c(0.126420120895388","0.207832958582027","MAX-leaf // aGroup ~ 25-34 + 35+ // PoorerHousehold ~ 0 // Religion ~ FreeChurchTonga + LatterDaySaints + MinorReligion","0.237945902675054","1","MAX-leaf // aGroup ~ 25-34 + 35+ // PoorerHousehold ~ 0 // Religion ~ FreeChurchTonga + LatterDaySaints + MinorReligion"
"TON+2019+ProfessionalHelp+aGroup+Education+Ethnicity+MarriageStatus+NUnder5+PoorerHousehold+Religion+Residence","ProfessionalHelp","TON2019","aGroup+Education+Ethnicity+MarriageStatus+NUnder5+PoorerHousehold+Religion+Residence","1","421.267786162657",0.978981423574364,"c(0.126420120895388","0.207832958582027","MAX-leaf // aGroup ~ 25-34 + 35+ // PoorerHousehold ~ 0 // Religion ~ FreeChurchTonga + LatterDaySaints + MinorReligion","0.126420120895388","1","MAX-leaf // aGroup ~ 25-34 + 35+ // PoorerHousehold ~ 0 // Religion ~ FreeChurchTonga + LatterDaySaints + MinorReligion"
"TON+2019+ReasonBeating+aGroup+Education+NUnder5+PoorerHousehold+Residence","ReasonBeating","TON2019","aGroup+Education+NUnder5+PoorerHousehold+Residence","1","2903",0.38104378378643,"0.050393180208563","0.570567374143305","MAX-leaf // Residence ~ Rural // aGroup ~ 25-34 + 35+ // PoorerHousehold ~ 1 // NUnder5 ~ 2 + 3 + 4 + 5","0.217284650927576","0.514003557811354","MAX-leaf // Residence ~ Rural // aGroup ~ 25-34 + 35+ // PoorerHousehold ~ 1"
"TON+2019+ReasonBeating+aGroup+Education+NUnder5+PoorerHousehold+Residence","ReasonBeating","TON2019","aGroup+Education+NUnder5+PoorerHousehold+Residence","1","2903",0.38104378378643,"0.050393180208563","0.570567374143305","MAX-leaf // Residence ~ Rural // aGroup ~ 25-34 + 35+ // PoorerHousehold ~ 1 // NUnder5 ~ 2 + 3 + 4 + 5","0.217284650927576","0.514003557811354","MAX-leaf // Residence ~ Rural // aGroup ~ 25-34 + 35+ // PoorerHousehold ~ 1"
"TON+2019+ReasonBeating+aGroup+Education+NUnder5+PoorerHousehold+Residence","ReasonBeating","TON2019","aGroup+Education+NUnder5+PoorerHousehold+Residence","1","2903",0.38104378378643,"0.050393180208563","0.570567374143305","MAX-leaf // Residence ~ Rural // aGroup ~ 25-34 + 35+ // PoorerHousehold ~ 1 // NUnder5 ~ 2 + 3 + 4 + 5","0.217284650927576","0.514003557811354","MAX-leaf // Residence ~ Rural // aGroup ~ 25-34 + 35+ // PoorerHousehold ~ 1"
"TON+2019+ReasonBeating+aGroup+Education+NUnder5+PoorerHousehold+Residence","ReasonBeating","TON2019","aGroup+Education+NUnder5+PoorerHousehold+Residence","1","2903",0.38104378378643,"0.050393180208563","0.570567374143305","MAX-leaf // Residence ~ Rural // aGroup ~ 25-34 + 35+ // PoorerHousehold ~ 1 // NUnder5 ~ 2 + 3 + 4 + 5","0.217284650927576","0.514003557811354","MAX-leaf // Residence ~ Rural // aGroup ~ 25-34 + 35+ // PoorerHousehold ~ 1"
"VNM+2010+BankCardHH+Ethnicity+HighestEducation+PoorerHousehold+Religion+Residence","BankCardHH","VNM2010","Ethnicity+HighestEducation+PoorerHousehold+Religion+Residence","0","11614",0.228366091068986,"0.136495072246669","0.685140689691461","MAX-leaf // HighestEducation ~ Secondary + Higher // Residence ~ Urban","0.105310795207673","0.722299494563937","MAX-leaf // HighestEducation ~ Higher // Residence ~ Urban"
"VNM+2010+BankCardHH+HighestEducation+PoorerHousehold+Residence","BankCardHH","VNM2010","HighestEducation+PoorerHousehold+Residence","0","11614",0.228366091068986,"0.136495072246669","0.685140689691461","MAX-leaf // HighestEducation ~ Secondary + Higher // Residence ~ Urban","0.184278676726207","0.603958954142122","MAX-leaf // HighestEducation ~ Higher"
"VNM+2010+ReasonBeating+aGroup+Education+Ethnicity+NUnder5+PoorerHousehold+Religion+Residence","ReasonBeating","VNM2010","aGroup+Education+Ethnicity+NUnder5+PoorerHousehold+Religion+Residence","0","11663",0.358383973573618,"0.106069347667281","0.509959383846255","MAX-leaf // Education ~ Lower // PoorerHousehold ~ 1 // NUnder5 ~ 1 + 2 + 3 + 4","0.054940967883438","0.521875988933964","MAX-leaf // Education ~ Lower // PoorerHousehold ~ 1 // Ethnicity ~ MinorEthnicity"
"VNM+2013+ContraceptiveMethod+aGroup+Education+NUnder5+PoorerHousehold+Residence","ContraceptiveMethod","VNM2013","aGroup+Education+NUnder5+PoorerHousehold+Residence","1","5803.04166569837",0.690735324939136,"0.136414461807089","0.775425689568973","MAX-leaf // PoorerHousehold ~ 1 // aGroup ~ 25-34","0.098654230744084","0.794134255805394","MAX-leaf // PoorerHousehold ~ 1 // NUnder5 ~ 0 // Education ~ Lower"
"VNM+2013+Covid+aGroupHL+EducationHL+PoorerHousehold+Residence+Sex","Covid","VNM2013","aGroupHL+EducationHL+PoorerHousehold+Residence+Sex","1","38506.1347546342",0.437437835729284,"0.117306977719472","0.713417323689043","MAX-leaf // PoorerHousehold ~ 0 // EducationHL ~ Higher","0.121952518049743","0.688502757460311","MAX-leaf // PoorerHousehold ~ 0 // EducationHL ~ Secondary + Higher // Sex ~ Male"
"VNM+2013+HigherEducation2535+Ethnicity+PoorerHousehold+Religion+Residence+Sex","HigherEducation2535","VNM2013","Ethnicity+PoorerHousehold+Religion+Residence+Sex","1","6286.63083616877",0.183965731383238,"0.300765232107472","0.360472635537981","MAX-leaf // PoorerHousehold ~ 0 // Residence ~ Urban","0.116844402391287","0.420137236692614","MAX-leaf // PoorerHousehold ~ 0 // Residence ~ Urban // Religion ~ NoReligion // Sex ~ Female"
"VNM+2013+NotCrowdedHL+aGroupHL+EducationHL+PoorerHousehold+Residence+Sex","NotCrowdedHL","VNM2013","aGroupHL+EducationHL+PoorerHousehold+Residence+Sex","1","38506.1347546342",0.567577742708762,"0.117306977719472","0.757559892627997","MAX-leaf // PoorerHousehold ~ 0 // EducationHL ~ Higher","0.121952518049743","0.740175223838475","MAX-leaf // PoorerHousehold ~ 0 // EducationHL ~ Secondary + Higher // Sex ~ Male"
"VNM+2013+ReasonBeating+aGroup+Education+Ethnicity+NUnder5+PoorerHousehold+Religion+Residence","ReasonBeating","VNM2013","aGroup+Education+Ethnicity+NUnder5+PoorerHousehold+Religion+Residence","1","9827",0.28247184772415,"0.09487339990568","0.407666772863838","MAX-leaf // Education ~ Lower // PoorerHousehold ~ 1 // Ethnicity ~ Non-Kinh","0.074274273323539","0.432179008985256","MAX-leaf // PoorerHousehold ~ 1 // Education ~ Lower // Ethnicity ~ Kinh"
"VNM+2013+ReasonBeating+aGroup+Education+NUnder5+PoorerHousehold+Residence","ReasonBeating","VNM2013","aGroup+Education+NUnder5+PoorerHousehold+Residence","1","9827",0.28247184772415,"0.136650832499244","0.400682473184995","MAX-leaf // Education ~ Lower // PoorerHousehold ~ 1 // aGroup ~ 15-24 + 25-34","0.135459285860398","0.418761032680141","MAX-leaf // PoorerHousehold ~ 1 // Education ~ Lower"
