Source,Type,Country,Year,Latest = 1,Additional variables,Analysis,Sample Size,Overall Mean,Max Leaf Size,Max Leaf Access,Min Leaf Size,Min Leaf Access,Gap,Max Leaf Characteristics,Min Leaf Characteristics,Most imp. Var.,2nd var,3rd var,4th var,5th var,,
DHS,Household,Afghanistan,2015,1,No,Covid ~ PoorerHousehold + Residence + aGroupPR + EducationPR + Sex,197709.733669,0.01933922711363,0.12512213655304,0.063889282405979,0.386266624292015,0.001075441178684,0.062813841227295,MAX-leaf // Residence ~ Urban // Sex ~ Male,MIN-leaf // Residence~Rural // PoorerHousehold~1,Residence,PoorerHousehold,EducationPR,Sex,aGroupPR,,
DHS,Household,Afghanistan,2015,1,No,LearningPR ~ PoorerHousehold + Residence + aGroupPR + EducationPR + Sex,197709.733669,0.947337938310963,0.232300563395106,0.992796037960952,0.129633430147192,0.892616305709386,0.100179732251566,MAX-leaf // PoorerHousehold ~ 0 // Residence ~ Urban,MIN-leaf // PoorerHousehold~1 // aGroupPR~25-59 + 60+,PoorerHousehold,Residence,EducationPR,aGroupPR,Sex,,
DHS,Household,Afghanistan,2015,1,No,WaterOnsitePR ~ PoorerHousehold + Residence + aGroupPR + EducationPR + Sex,197709.733669,0.362004355419463,0.246311374808354,0.716760959483776,0.125393286546557,0.122173576775214,0.594587382708562,MAX-leaf // Residence ~ Urban,MIN-leaf // Residence~Rural // PoorerHousehold~1 // aGroupPR~25-59 + 60+,Residence,PoorerHousehold,EducationPR,Sex,aGroupPR,,
DHS,Household,Afghanistan,2015,1,No,SafeSanitationPR ~ PoorerHousehold + Residence + aGroupPR + EducationPR + Sex,197709.733669,0.26597214752227,0.12512213655304,0.556499891518146,0.386266624292015,0.115710448740113,0.440789442778033,MAX-leaf // Residence ~ Urban // Sex ~ Male,MIN-leaf // Residence~Rural // PoorerHousehold~1,Residence,PoorerHousehold,EducationPR,Sex,aGroupPR,,
DHS,Household,Afghanistan,2015,1,No,HandWashPR ~ PoorerHousehold + Residence + aGroupPR + EducationPR + Sex,197709.733669,0.274204577022807,0.246311374808354,0.546654954468761,0.278505372488056,0.110120434719156,0.436534519749605,MAX-leaf // Residence ~ Urban,MIN-leaf // Residence~Rural // PoorerHousehold~1 // aGroupPR~0-24 + 60+,Residence,PoorerHousehold,EducationPR,Sex,aGroupPR,,
DHS,Household,Afghanistan,2015,1,No,NotCrowdedPR ~ PoorerHousehold + Residence + aGroupPR + EducationPR + Sex,197709.733669,0.177096553352396,0.194541980641137,0.22337727395222,0.118223444896913,0.144252562460986,0.079124711491234,MAX-leaf // aGroupPR ~ 25-59 + 60+ // PoorerHousehold ~ 0,MIN-leaf // aGroupPR~0-24 // EducationPR~Lower // PoorerHousehold~1 // Sex~Male,aGroupPR,PoorerHousehold,EducationPR,Residence,Sex,,
DHS,Household,Armenia,2016,1,No,Covid ~ PoorerHousehold + Residence + aGroupPR + EducationPR + Sex,28055.337956,0.510840702916393,0.273554269067678,0.710618073150452,0.120733700635235,0.278575972649634,0.432042100500818,MAX-leaf // Residence ~ Urban // EducationPR ~ Higher,MIN-leaf // Residence~Rural // EducationPR~Lower + Secondary // aGroupPR~0-24,Residence,PoorerHousehold,EducationPR,aGroupPR,,,
DHS,Household,Armenia,2016,1,No,LearningPR ~ PoorerHousehold + Residence + aGroupPR + EducationPR + Sex,28055.337956,0.999779540171297,0.804891337164237,0.999941956863445,0.195108662835744,0.999109514624396,0.000832442239049,MAX-leaf // aGroupPR ~ 0-24 + 25-59,MIN-leaf // aGroupPR~60+,aGroupPR,,,,,,
DHS,Household,Armenia,2016,1,No,WaterOnsitePR ~ PoorerHousehold + Residence + aGroupPR + EducationPR + Sex,28055.337956,0.971173770236938,0.27603944023579,0.99202326284157,0.11223474527159,0.933454109470561,0.058569153371009,MAX-leaf // PoorerHousehold ~ 0 // EducationPR ~ Higher,MIN-leaf // PoorerHousehold~1 // EducationPR~Lower + Secondary // aGroupPR~0-24,PoorerHousehold,Residence,EducationPR,aGroupPR,,,
DHS,Household,Armenia,2016,1,No,SafeSanitationPR ~ PoorerHousehold + Residence + aGroupPR + EducationPR + Sex,28055.337956,0.766388326482507,0.273554269067678,0.978174675065509,0.195819138932349,0.435786608594215,0.542388066471294,MAX-leaf // Residence ~ Urban // EducationPR ~ Higher,MIN-leaf // Residence~Rural // EducationPR~Lower + Secondary // aGroupPR~25-59 + 60+,Residence,PoorerHousehold,EducationPR,aGroupPR,,,
DHS,Household,Armenia,2016,1,No,HandWashPR ~ PoorerHousehold + Residence + aGroupPR + EducationPR + Sex,28055.337956,0.933212462707145,0.27603944023579,0.97185797028935,0.153690459254577,0.861217833270645,0.110640137018705,MAX-leaf // PoorerHousehold ~ 0 // EducationPR ~ Higher,MIN-leaf // PoorerHousehold~1 // EducationPR~Lower + Secondary // Sex~Female,PoorerHousehold,Residence,EducationPR,Sex,aGroupPR,,
DHS,Household,Armenia,2016,1,No,NotCrowdedPR ~ PoorerHousehold + Residence + aGroupPR + EducationPR + Sex,28055.337956,0.697597514907655,0.186333626499125,0.816429263196008,0.155188747390187,0.481377443241334,0.335051819954674,MAX-leaf // EducationPR ~ Secondary + Higher // aGroupPR ~ 60+,MIN-leaf // EducationPR~Lower,EducationPR,aGroupPR,Residence,PoorerHousehold,Sex,,
DHS,Household,Bangladesh,2014,0,No,Covid ~ PoorerHousehold + Residence + aGroupPR + EducationPR + Sex,81203.001996,0.115284692448453,0.144000588741487,0.278979499891979,0.396799113136058,0.008340471572593,0.270639028319386,MAX-leaf // PoorerHousehold ~ 0 // EducationPR ~ Secondary + Higher // aGroupPR ~ 25-59 + 60+,MIN-leaf // PoorerHousehold~1,PoorerHousehold,EducationPR,aGroupPR,Sex,,,
DHS,Household,Bangladesh,2014,0,No,LearningPR ~ PoorerHousehold + Residence + aGroupPR + EducationPR + Sex,81203.001996,0.919813809084044,0.266006996577103,0.994046710072903,0.178701281619062,0.803533192549027,0.190513517523876,MAX-leaf // PoorerHousehold ~ 0 // EducationPR ~ Secondary + Higher,MIN-leaf // PoorerHousehold~1 // aGroupPR~25-59 + 60+,PoorerHousehold,aGroupPR,EducationPR,Residence,Sex,,
DHS,Household,Bangladesh,2014,0,No,WaterOnsitePR ~ PoorerHousehold + Residence + aGroupPR + EducationPR + Sex,81203.001996,0.750586351401175,0.154731224648803,0.860816092717776,0.218097831517033,0.611503691756856,0.24931240096092,MAX-leaf // PoorerHousehold ~ 0 // Residence ~ Rural // EducationPR ~ Secondary + Higher,MIN-leaf // PoorerHousehold~1 // aGroupPR~0-24,PoorerHousehold,Residence,aGroupPR,EducationPR,,,
DHS,Household,Bangladesh,2014,0,No,SafeSanitationPR ~ PoorerHousehold + Residence + aGroupPR + EducationPR + Sex,81203.001996,0.484120171110626,0.154731224648803,0.712185621862793,0.126707664249984,0.275820613555655,0.436365008307138,MAX-leaf // PoorerHousehold ~ 0 // EducationPR ~ Secondary + Higher // Residence ~ Rural,MIN-leaf // PoorerHousehold~1 // aGroupPR~0-24 + 60+ // Sex~Female,PoorerHousehold,EducationPR,Residence,aGroupPR,Sex,,
DHS,Household,Bangladesh,2014,0,No,HandWashPR ~ PoorerHousehold + Residence + aGroupPR + EducationPR + Sex,81203.001996,0.281592354826074,0.111275771928298,0.67350384402685,0.251081962868885,0.061060628458758,0.612443215568092,MAX-leaf // PoorerHousehold ~ 0 // EducationPR ~ Secondary + Higher // Residence ~ Urban,MIN-leaf // PoorerHousehold~1 // aGroupPR~0-24 + 60+,PoorerHousehold,EducationPR,Residence,aGroupPR,,,
DHS,Household,Bangladesh,2014,0,No,NotCrowdedPR ~ PoorerHousehold + Residence + aGroupPR + EducationPR + Sex,81203.001996,0.407676169295203,0.154731224648803,0.59108761389906,0.11239917000174,0.23939186315288,0.35169575074618,MAX-leaf // PoorerHousehold ~ 0 // EducationPR ~ Secondary + Higher // Residence ~ Rural,MIN-leaf // PoorerHousehold~1 // aGroupPR~0-24 // Sex~Female,PoorerHousehold,EducationPR,Residence,aGroupPR,Sex,,
DHS,Household,Maldives,2017,1,No,Covid ~ PoorerHousehold + Residence + aGroupPR + EducationPR + Sex,33260.722675,0.408042920041574,0.062001234794277,0.579577449521347,0.413235178631027,0.299482774167811,0.280094675353536,MAX-leaf // Residence ~ Rural // aGroupPR ~ 25-59 + 60+ // EducationPR ~ Lower // PoorerHousehold ~ 0,MIN-leaf // Residence~Urban,Residence,PoorerHousehold,EducationPR,aGroupPR,Sex,,
DHS,Household,Maldives,2017,1,No,LearningPR ~ PoorerHousehold + Residence + aGroupPR + EducationPR + Sex,33260.722675,0.999824211937391,0.189688576542621,0.603678451643905,0.086928234580219,0.998194297928973,-0.394515846285068,MAX-leaf // PoorerHousehold ~ 1 // aGroupPR ~ 0-24,MIN-leaf // PoorerHousehold~1 // aGroupPR~25-59 + 60+ // Sex~Male,Sex,aGroupPR,PoorerHousehold,Residence,,,
DHS,Household,Maldives,2017,1,No,WaterOnsitePR ~ PoorerHousehold + Residence + aGroupPR + EducationPR + Sex,33260.722675,0.973654671530675,0.391718205834221,0.99465046234148,0.189688576542621,0.941326960790857,0.053323501550623,MAX-leaf // PoorerHousehold ~ 0 // Residence ~ Urban,MIN-leaf // PoorerHousehold~1 // aGroupPR~0-24,PoorerHousehold,Residence,aGroupPR,Sex,,,
DHS,Household,Maldives,2017,1,No,SafeSanitationPR ~ PoorerHousehold + Residence + aGroupPR + EducationPR + Sex,33260.722675,0.983165913336548,0.391718205834221,0.993048529395758,0.066320180669376,0.965426161685284,0.027622367710474,MAX-leaf // PoorerHousehold ~ 0 // Residence ~ Urban,MIN-leaf // PoorerHousehold~1 // aGroupPR~25-59 // Sex~Male,PoorerHousehold,Residence,aGroupPR,Sex,EducationPR,,
DHS,Household,Maldives,2017,1,No,HandWashPR ~ PoorerHousehold + Residence + aGroupPR + EducationPR + Sex,33260.722675,0.957352069711155,0.158535405364577,0.980056132546783,0.117915443820103,0.921078620068556,0.058977512478227,MAX-leaf // PoorerHousehold ~ 0 // Sex ~ Female // EducationPR ~ Lower,MIN-leaf // PoorerHousehold~1 // Sex~Male // aGroupPR~0-24 + 60+,PoorerHousehold,Residence,Sex,aGroupPR,EducationPR,,
DHS,Household,Maldives,2017,1,No,NotCrowdedPR ~ PoorerHousehold + Residence + aGroupPR + EducationPR + Sex,33260.722675,0.444070014122145,0.137782469875328,0.632142769547218,0.413235178631027,0.309315669533445,0.322827100013773,MAX-leaf // Residence ~ Rural // aGroupPR ~ 25-59 + 60+ // EducationPR ~ Lower // PoorerHousehold ~ 1,MIN-leaf // Residence~Urban,Residence,PoorerHousehold,EducationPR,aGroupPR,Sex,,
DHS,Household,Myanmar,2016,1,No,Covid ~ PoorerHousehold + Residence + aGroupPR + EducationPR + Sex,54256.841588,0.096359583989428,0.143690775445432,0.240447534021762,0.197556416117863,0.007661464181246,0.232786069840516,MAX-leaf // PoorerHousehold ~ 0 // Residence ~ Urban // EducationPR ~ Secondary + Higher,MIN-leaf // PoorerHousehold~1 // aGroupPR~0-24,PoorerHousehold,Residence,EducationPR,aGroupPR,Sex,,
DHS,Household,Myanmar,2016,1,No,LearningPR ~ PoorerHousehold + Residence + aGroupPR + EducationPR + Sex,54256.841588,0.864427272714178,0.270155884069046,0.992303218322674,0.119971824648924,0.654205919407414,0.33809729891526,MAX-leaf // PoorerHousehold ~ 0 // EducationPR ~ Secondary + Higher,MIN-leaf // PoorerHousehold~1 // aGroupPR~0-24 + 60+ // Sex~Female,PoorerHousehold,Residence,aGroupPR,EducationPR,Sex,,
DHS,Household,Myanmar,2016,1,No,WaterOnsitePR ~ PoorerHousehold + Residence + aGroupPR + EducationPR + Sex,54256.841588,0.477616091474285,0.143690775445432,0.750958118561508,0.201212409319724,0.243588643586754,0.507369474974754,MAX-leaf // PoorerHousehold ~ 0 // Residence ~ Urban // EducationPR ~ Secondary + Higher,MIN-leaf // PoorerHousehold~1 // aGroupPR~25-59 + 60+,PoorerHousehold,Residence,EducationPR,aGroupPR,Sex,,
DHS,Household,Myanmar,2016,1,No,SafeSanitationPR ~ PoorerHousehold + Residence + aGroupPR + EducationPR + Sex,54256.841588,0.491020901387895,0.143690775445432,0.727014484862172,0.197556416117863,0.24795179490519,0.479062689956982,MAX-leaf // PoorerHousehold ~ 0 // Residence ~ Urban // EducationPR ~ Secondary + Higher,MIN-leaf // PoorerHousehold~1 // aGroupPR~0-24,PoorerHousehold,Residence,EducationPR,aGroupPR,Sex,,
DHS,Household,Myanmar,2016,1,No,HandWashPR ~ PoorerHousehold + Residence + aGroupPR + EducationPR + Sex,54256.841588,0.789105960315782,0.143690775445432,0.948427405795926,0.119971824648924,0.610597753024394,0.337829652771532,MAX-leaf // PoorerHousehold ~ 0 // Residence ~ Urban // EducationPR ~ Secondary + Higher,MIN-leaf // PoorerHousehold~1 // aGroupPR~0-24 + 60+ // Sex~Female,PoorerHousehold,Residence,EducationPR,aGroupPR,Sex,,
DHS,Household,Myanmar,2016,1,No,NotCrowdedPR ~ PoorerHousehold + Residence + aGroupPR + EducationPR + Sex,54256.841588,0.305518889578457,0.109458805234131,0.50858674417373,0.098129859150843,0.12888502330834,0.37970172086539,MAX-leaf // aGroupPR ~ 60+,MIN-leaf // aGroupPR~0-24 // PoorerHousehold~1 // Sex~Male,aGroupPR,PoorerHousehold,EducationPR,Residence,Sex,,
DHS,Household,Nepal,2016,1,No,Covid ~ PoorerHousehold + Residence + aGroupPR + EducationPR + Sex,48934.016135,0.169344647701478,0.13217202622725,0.355731959796764,0.146939808867583,0.040645085520004,0.31508687427676,MAX-leaf // PoorerHousehold ~ 0 // EducationPR ~ Secondary + Higher // aGroupPR ~ 25-59 + 60+,MIN-leaf // PoorerHousehold~1 // EducationPR~Lower // aGroupPR~0-24,PoorerHousehold,EducationPR,Residence,aGroupPR,Sex,,
DHS,Household,Nepal,2016,1,No,LearningPR ~ PoorerHousehold + Residence + aGroupPR + EducationPR + Sex,48934.016135,0.962208328458099,0.12407847980941,0.999034899910598,0.150659297586797,0.882467132340318,0.11656776757028,MAX-leaf // PoorerHousehold ~ 0 // EducationPR ~ Secondary + Higher // aGroupPR ~ 25-59,MIN-leaf // PoorerHousehold~1 // EducationPR~Lower // aGroupPR~25-59 + 60+,PoorerHousehold,EducationPR,Residence,aGroupPR,Sex,,
DHS,Household,Nepal,2016,1,No,WaterOnsitePR ~ PoorerHousehold + Residence + aGroupPR + EducationPR + Sex,48934.016135,0.695232192615126,0.188894821988444,0.819685106938566,0.146939808867583,0.515335931443909,0.304349175494657,MAX-leaf // PoorerHousehold ~ 0 // Residence ~ Rural,MIN-leaf // PoorerHousehold~1 // EducationPR~Lower // aGroupPR~0-24,PoorerHousehold,Residence,EducationPR,aGroupPR,Sex,,
DHS,Household,Nepal,2016,1,No,SafeSanitationPR ~ PoorerHousehold + Residence + aGroupPR + EducationPR + Sex,48934.016135,0.646177026217634,0.097977721811612,0.751514066256318,0.167235340778555,0.569001615004461,0.182512451251857,MAX-leaf // EducationPR ~ Secondary + Higher // PoorerHousehold ~ 1,MIN-leaf // EducationPR~Lower // aGroupPR~0-24 // Sex~Female,EducationPR,aGroupPR,PoorerHousehold,Sex,Residence,,
DHS,Household,Nepal,2016,1,No,HandWashPR ~ PoorerHousehold + Residence + aGroupPR + EducationPR + Sex,48934.016135,0.461548856028716,0.106011990282758,0.788021728560467,0.160859334543156,0.205225931240556,0.582795797319911,MAX-leaf // PoorerHousehold ~ 0 // Residence ~ Urban // EducationPR ~ Secondary + Higher // aGroupPR ~ 25-59 + 60+,MIN-leaf // PoorerHousehold~1 // EducationPR~Lower // Residence~Rural,PoorerHousehold,Residence,EducationPR,aGroupPR,Sex,,
DHS,Household,Nepal,2016,1,No,NotCrowdedPR ~ PoorerHousehold + Residence + aGroupPR + EducationPR + Sex,48934.016135,0.477477445618617,0.13217202622725,0.639204822959074,0.146939808867583,0.267189856394871,0.372014966564203,MAX-leaf // EducationPR ~ Secondary + Higher // PoorerHousehold ~ 0 // aGroupPR ~ 25-59 + 60+,MIN-leaf // EducationPR~Lower // aGroupPR~0-24 // PoorerHousehold~1,aGroupPR,EducationPR,PoorerHousehold,Sex,Residence,,
DHS,Household,Pakistan,2018,1,No,Covid ~ PoorerHousehold + Residence + aGroupPR + EducationPR + Sex,80058.072788,0.054857487384561,0.14412669430046,0.133191232485297,0.247544463860394,0.007456624976592,0.125734607508705,MAX-leaf // PoorerHousehold ~ 0 // EducationPR ~ Secondary + Higher // aGroupPR ~ 25-59 + 60+,MIN-leaf // PoorerHousehold~1 // aGroupPR~0-24,PoorerHousehold,EducationPR,aGroupPR,Residence,,,
DHS,Household,Pakistan,2018,1,No,LearningPR ~ PoorerHousehold + Residence + aGroupPR + EducationPR + Sex,80058.072788,0.966799738009701,0.603499067207697,0.997849957846141,0.148956468931982,0.91462486991016,0.083225087935981,MAX-leaf // PoorerHousehold ~ 0,MIN-leaf // PoorerHousehold~1 // aGroupPR~25-59 + 60+,PoorerHousehold,Residence,EducationPR,aGroupPR,,,
DHS,Household,Pakistan,2018,1,No,WaterOnsitePR ~ PoorerHousehold + Residence + aGroupPR + EducationPR + Sex,80058.072788,0.731957887697036,0.122202565766316,0.790149739021044,0.123918530930298,0.67472572541272,0.115424013608324,MAX-leaf // PoorerHousehold ~ 0 // EducationPR ~ Lower // aGroupPR ~ 25-59 + 60+,MIN-leaf // PoorerHousehold~1 // aGroupPR~0-24 // Sex~Female,PoorerHousehold,Residence,EducationPR,aGroupPR,Sex,,
DHS,Household,Pakistan,2018,1,No,SafeSanitationPR ~ PoorerHousehold + Residence + aGroupPR + EducationPR + Sex,80058.072788,0.707174309553029,0.156234648217448,0.939501131190847,0.123625932930067,0.408460139320777,0.53104099187007,MAX-leaf // PoorerHousehold ~ 0 // Residence ~ Urban // EducationPR ~ Secondary + Higher,MIN-leaf // PoorerHousehold~1 // aGroupPR~0-24 // Sex~Male,PoorerHousehold,Residence,EducationPR,aGroupPR,Sex,,
DHS,Household,Pakistan,2018,1,No,HandWashPR ~ PoorerHousehold + Residence + aGroupPR + EducationPR + Sex,80058.072788,0.630897591124262,0.156234648217448,0.858189558326684,0.123918530930298,0.329182828518219,0.529006729808465,MAX-leaf // PoorerHousehold ~ 0 // Residence ~ Urban // EducationPR ~ Secondary + Higher,MIN-leaf // PoorerHousehold~1 // aGroupPR~0-24 // Sex~Female,PoorerHousehold,Residence,EducationPR,aGroupPR,Sex,,
DHS,Household,Pakistan,2018,1,No,NotCrowdedPR ~ PoorerHousehold + Residence + aGroupPR + EducationPR + Sex,80058.072788,0.119573394807411,0.101665160958259,0.280732914322958,0.243995258788317,0.041308408979207,0.239424505343751,MAX-leaf // EducationPR ~ Higher,MIN-leaf // EducationPR~Lower + Secondary // aGroupPR~0-24 // PoorerHousehold~1,EducationPR,aGroupPR,PoorerHousehold,Residence,Sex,,
DHS,Household,Papua New Guinea,2018,1,No,Covid ~ PoorerHousehold + Residence + aGroupPR + EducationPR + Sex,81622.789009,0.044438166865384,0.148900561737231,0.137591612182845,0.376068321245605,0,0.137591612182845,MAX-leaf // EducationPR ~ Secondary + Higher,MIN-leaf // EducationPR~Lower // PoorerHousehold~1,EducationPR,PoorerHousehold,Residence,aGroupPR,Sex,,
DHS,Household,Papua New Guinea,2018,1,No,LearningPR ~ PoorerHousehold + Residence + aGroupPR + EducationPR + Sex,81622.789009,0.6384244365658,0.112527361518939,0.939481072936676,0.259638788594476,0.32547235611035,0.614008716826326,MAX-leaf // PoorerHousehold ~ 0 // Residence ~ Urban,MIN-leaf // PoorerHousehold~1 // aGroupPR~0-24 + 60+,PoorerHousehold,Residence,aGroupPR,Sex,EducationPR,,
DHS,Household,Papua New Guinea,2018,1,No,WaterOnsitePR ~ PoorerHousehold + Residence + aGroupPR + EducationPR + Sex,81622.789009,0.290348467550978,0.048663915436191,0.767010599212067,0.205345706762749,0.059997814327191,0.707012784884876,MAX-leaf // PoorerHousehold ~ 0 // Residence ~ Urban // aGroupPR ~ 25-59 + 60+,MIN-leaf // PoorerHousehold~1 // Sex~Male,PoorerHousehold,Residence,aGroupPR,EducationPR,Sex,,
DHS,Household,Papua New Guinea,2018,1,No,SafeSanitationPR ~ PoorerHousehold + Residence + aGroupPR + EducationPR + Sex,81622.789009,0.244205790294695,0.054361731103196,0.543692593697659,0.397424133233454,0.096938355339944,0.446754238357715,MAX-leaf // PoorerHousehold ~ 0 // Residence ~ Urban // Sex ~ Female,MIN-leaf // PoorerHousehold~1,PoorerHousehold,Residence,aGroupPR,Sex,EducationPR,,
DHS,Household,Papua New Guinea,2018,1,No,HandWashPR ~ PoorerHousehold + Residence + aGroupPR + EducationPR + Sex,81622.789009,0.282576219350417,0.054361731103196,0.634305743024332,0.16114457758298,0.081100454698292,0.55320528832604,MAX-leaf // PoorerHousehold ~ 0 // Residence ~ Urban // Sex ~ Female,MIN-leaf // PoorerHousehold~1 // aGroupPR~25-59 + 60+,PoorerHousehold,Residence,aGroupPR,Sex,EducationPR,,
DHS,Household,Papua New Guinea,2018,1,No,NotCrowdedPR ~ PoorerHousehold + Residence + aGroupPR + EducationPR + Sex,81622.789009,0.377686474724612,0.198304266180062,0.484980581244904,0.063863446082754,0.276611333828207,0.208369247416697,MAX-leaf // aGroupPR ~ 25-59 + 60+ // PoorerHousehold ~ 0 // Residence ~ Rural,MIN-leaf // aGroupPR~0-24 // PoorerHousehold~0 // Residence~Urban,aGroupPR,PoorerHousehold,Residence,EducationPR,,,
DHS,Household,Philippines,2017,1,No,Covid ~ PoorerHousehold + Residence + aGroupPR + EducationPR + Sex,117065.939758,0.231982520929143,0.195507251505542,0.45166678628085,0.103619026474104,0.042332169513775,0.409334616767075,MAX-leaf // PoorerHousehold ~ 0 // EducationPR ~ Higher,MIN-leaf // PoorerHousehold~1 // aGroupPR~0-24 // Sex~Female,PoorerHousehold,EducationPR,aGroupPR,Residence,Sex,,
DHS,Household,Philippines,2017,1,No,LearningPR ~ PoorerHousehold + Residence + aGroupPR + EducationPR + Sex,117065.939758,0.963023072176686,0.600161502143475,0.999412187557602,0.093604063459041,0.850410985281255,0.149001202276347,MAX-leaf // PoorerHousehold ~ 0,MIN-leaf // PoorerHousehold~1 // EducationPR~Lower // aGroupPR~25-59 + 60+,PoorerHousehold,EducationPR,Residence,aGroupPR,,,
DHS,Household,Philippines,2017,1,No,WaterOnsitePR ~ PoorerHousehold + Residence + aGroupPR + EducationPR + Sex,117065.939758,0.795105480333695,0.186901667096597,0.972143680776553,0.138873565467527,0.553901565241339,0.418242115535214,MAX-leaf // PoorerHousehold ~ 0 // Residence ~ Urban // aGroupPR ~ 25-59 + 60+,MIN-leaf // PoorerHousehold~1 // EducationPR~Lower // Sex~Male,PoorerHousehold,EducationPR,Residence,aGroupPR,Sex,,
DHS,Household,Philippines,2017,1,No,SafeSanitationPR ~ PoorerHousehold + Residence + aGroupPR + EducationPR + Sex,117065.939758,0.777942479787563,0.195507251505542,0.939055504802678,0.160424302498429,0.544826104612257,0.394229400190421,MAX-leaf // PoorerHousehold ~ 0 // EducationPR ~ Higher,MIN-leaf // PoorerHousehold~1 // EducationPR~Lower // aGroupPR~0-24,PoorerHousehold,EducationPR,Residence,aGroupPR,,,
DHS,Household,Philippines,2017,1,No,HandWashPR ~ PoorerHousehold + Residence + aGroupPR + EducationPR + Sex,117065.939758,0.824905998308537,0.171184823010235,0.906712805156262,0.254028365957463,0.719025121350555,0.187687683805707,MAX-leaf // PoorerHousehold ~ 0 // Residence ~ Urban // Sex ~ Female,MIN-leaf // PoorerHousehold~1 // EducationPR~Lower,PoorerHousehold,EducationPR,Residence,aGroupPR,Sex,,
DHS,Household,Philippines,2017,1,No,NotCrowdedPR ~ PoorerHousehold + Residence + aGroupPR + EducationPR + Sex,117065.939758,0.360768985464996,0.093193261272688,0.651691743270781,0.160424302498429,0.114065846642794,0.537625896627987,MAX-leaf // aGroupPR ~ 60+,MIN-leaf // aGroupPR~0-24 // EducationPR~Lower // PoorerHousehold~1,aGroupPR,EducationPR,PoorerHousehold,Residence,Sex,,
DHS,Household,Tajikistan,2017,1,No,Covid ~ PoorerHousehold + Residence + aGroupPR + EducationPR + Sex,47519.764363,0.151296469655855,0.062408330044437,0.47037521284295,0.133796453164875,0.045760011415658,0.424615201427292,MAX-leaf // Residence ~ Urban // EducationPR ~ Higher,MIN-leaf // Residence~Rural // PoorerHousehold~1 // EducationPR~Lower,Residence,EducationPR,PoorerHousehold,aGroupPR,,,
DHS,Household,Tajikistan,2017,1,No,LearningPR ~ PoorerHousehold + Residence + aGroupPR + EducationPR + Sex,47519.764363,0.997959673573729,0.365136701572322,1,0.13701866855362,0.992087137226178,0.007912862773822,MAX-leaf // PoorerHousehold ~ 0 // Residence ~ Rural,MIN-leaf // PoorerHousehold~1 // EducationPR~Lower,PoorerHousehold,EducationPR,aGroupPR,Residence,,,
DHS,Household,Tajikistan,2017,1,No,WaterOnsitePR ~ PoorerHousehold + Residence + aGroupPR + EducationPR + Sex,47519.764363,0.634408318688405,0.062408330044437,0.950207668886209,0.133796453164875,0.452073875711601,0.498133793174608,MAX-leaf // Residence ~ Urban // EducationPR ~ Higher,MIN-leaf // Residence~Rural // PoorerHousehold~1 // EducationPR~Lower,Residence,PoorerHousehold,EducationPR,Sex,aGroupPR,,
DHS,Household,Tajikistan,2017,1,No,SafeSanitationPR ~ PoorerHousehold + Residence + aGroupPR + EducationPR + Sex,47519.764363,0.9698663508922,0.220761414574026,0.980766778676821,0.07084686113514,0.951292149517072,0.029474629159749,MAX-leaf // PoorerHousehold ~ 1 // aGroupPR ~ 0-24,MIN-leaf // PoorerHousehold~0 // Residence~Urban // EducationPR~Lower,PoorerHousehold,Residence,EducationPR,aGroupPR,,,
DHS,Household,Tajikistan,2017,1,No,HandWashPR ~ PoorerHousehold + Residence + aGroupPR + EducationPR + Sex,47519.764363,0.71816373158559,0.060095558201537,0.910519481369218,0.13701866855362,0.581390795753763,0.329128685615455,MAX-leaf // PoorerHousehold ~ 0 // Residence ~ Urban // EducationPR ~ Higher,MIN-leaf // PoorerHousehold~1 // EducationPR~Lower,PoorerHousehold,Residence,EducationPR,aGroupPR,Sex,,
DHS,Household,Tajikistan,2017,1,No,NotCrowdedPR ~ PoorerHousehold + Residence + aGroupPR + EducationPR + Sex,47519.764363,0.274204569565281,0.062408330044437,0.529816229840403,0.255255401380831,0.152139100003562,0.377677129836841,MAX-leaf // Residence ~ Urban // EducationPR ~ Higher,MIN-leaf // Residence~Rural // EducationPR~Lower,Residence,EducationPR,aGroupPR,PoorerHousehold,Sex,,
DHS,Household,Timor-Leste,2016,1,No,Covid ~ PoorerHousehold + Residence + aGroupPR + EducationPR + Sex,61110.952694,0.090708283910361,0.136540113239295,0.221361184870617,0.399524778909191,0.013999278769163,0.207361906101454,MAX-leaf // PoorerHousehold ~ 0 // Residence ~ Urban // EducationPR ~ Secondary + Higher,MIN-leaf // PoorerHousehold~1,PoorerHousehold,Residence,EducationPR,aGroupPR,,,
DHS,Household,Timor-Leste,2016,1,No,LearningPR ~ PoorerHousehold + Residence + aGroupPR + EducationPR + Sex,61110.952694,0.919212033336788,0.259997426460696,0.997806036491442,0.171476150166923,0.776981697606697,0.220824338884745,MAX-leaf // PoorerHousehold ~ 0 // Residence ~ Urban,MIN-leaf // PoorerHousehold~1 // aGroupPR~25-59 + 60+,PoorerHousehold,Residence,aGroupPR,EducationPR,Sex,,
DHS,Household,Timor-Leste,2016,1,No,WaterOnsitePR ~ PoorerHousehold + Residence + aGroupPR + EducationPR + Sex,61110.952694,0.628870199462186,0.136540113239295,0.906616206171024,0.399524778909191,0.426058946463323,0.480557259707701,MAX-leaf // PoorerHousehold ~ 0 // Residence ~ Urban // EducationPR ~ Secondary + Higher,MIN-leaf // PoorerHousehold~1,PoorerHousehold,Residence,EducationPR,aGroupPR,,,
DHS,Household,Timor-Leste,2016,1,No,SafeSanitationPR ~ PoorerHousehold + Residence + aGroupPR + EducationPR + Sex,61110.952694,0.537949375484498,0.136540113239295,0.810891257343227,0.278272391009053,0.265813075286528,0.545078182056699,MAX-leaf // PoorerHousehold ~ 0 // Residence ~ Urban // EducationPR ~ Secondary + Higher,MIN-leaf // PoorerHousehold~1 // aGroupPR~0-24 + 60+,PoorerHousehold,Residence,aGroupPR,EducationPR,,,
DHS,Household,Timor-Leste,2016,1,No,HandWashPR ~ PoorerHousehold + Residence + aGroupPR + EducationPR + Sex,61110.952694,0.269728902469203,0.136540113239295,0.471862169225194,0.399524778909191,0.139889650769759,0.331972518455435,MAX-leaf // PoorerHousehold ~ 0 // Residence ~ Urban // EducationPR ~ Secondary + Higher,MIN-leaf // PoorerHousehold~1,PoorerHousehold,Residence,EducationPR,aGroupPR,Sex,,
DHS,Household,Timor-Leste,2016,1,No,NotCrowdedPR ~ PoorerHousehold + Residence + aGroupPR + EducationPR + Sex,61110.952694,0.505151409233895,0.095659822098862,0.705167415248681,0.110554911569287,0.351982319458023,0.353185095790658,MAX-leaf // aGroupPR ~ 60+,MIN-leaf // aGroupPR~0-24 // PoorerHousehold~1 // Sex~Female,aGroupPR,PoorerHousehold,Residence,EducationPR,Sex,,
DHS,Household,Indonesia,2017,1,No,Covid ~ PoorerHousehold + Residence + aGroupPR + EducationPR + Sex,188565.613132,0.473064839868526,0.120066623086526,0.655413379781661,0.171416697859828,0.219788429913574,0.435624949868087,MAX-leaf // PoorerHousehold ~ 0 // aGroupPR ~ 25-59 + 60+ // Residence ~ Rural,MIN-leaf // PoorerHousehold~1 // aGroupPR~0-24,PoorerHousehold,Residence,aGroupPR,EducationPR,Sex,,
DHS,Household,Indonesia,2017,1,No,LearningPR ~ PoorerHousehold + Residence + aGroupPR + EducationPR + Sex,188565.613132,0.973110927094376,0.599984844441366,0.999925704072051,0.158628023270936,0.902250081815467,0.097675622256584,MAX-leaf // PoorerHousehold ~ 0,MIN-leaf // PoorerHousehold~1 // EducationPR~Lower // aGroupPR~25-59 + 60+,PoorerHousehold,EducationPR,Residence,aGroupPR,,,
DHS,Household,Indonesia,2017,1,No,WaterOnsitePR ~ PoorerHousehold + Residence + aGroupPR + EducationPR + Sex,188565.613132,0.807469421582259,0.241382510708041,0.940480490989997,0.126649808718215,0.586553064045425,0.353927426944572,MAX-leaf // PoorerHousehold ~ 0 // Residence ~ Urban // EducationPR ~ Secondary + Higher,MIN-leaf // PoorerHousehold~1 // Residence~Rural // aGroupPR~0-24,PoorerHousehold,Residence,EducationPR,aGroupPR,,,
DHS,Household,Indonesia,2017,1,No,SafeSanitationPR ~ PoorerHousehold + Residence + aGroupPR + EducationPR + Sex,188565.613132,0.905884926640485,0.228726359311396,0.986580353174175,0.112183528940627,0.754789819308114,0.231790533866061,MAX-leaf // PoorerHousehold ~ 0 // EducationPR ~ Secondary + Higher // aGroupPR ~ 25-59 + 60+,MIN-leaf // PoorerHousehold~1 // EducationPR~Lower // aGroupPR~25-59,PoorerHousehold,Residence,EducationPR,aGroupPR,,,
DHS,Household,Indonesia,2017,1,No,HandWashPR ~ PoorerHousehold + Residence + aGroupPR + EducationPR + Sex,188565.613132,0.882112170889616,0.241382510708041,0.959364402773136,0.080370654517962,0.738414762449512,0.220949640323624,MAX-leaf // PoorerHousehold ~ 0 // Residence ~ Urban // EducationPR ~ Secondary + Higher,MIN-leaf // PoorerHousehold~1 // Residence~Rural // EducationPR~Lower // aGroupPR~0-24,PoorerHousehold,Residence,EducationPR,aGroupPR,,,
DHS,Household,Indonesia,2017,1,No,NotCrowdedPR ~ PoorerHousehold + Residence + aGroupPR + EducationPR + Sex,188565.613132,0.650140373017966,0.208733682643656,0.779580899990324,0.083018917813191,0.450348709436172,0.329232190554152,MAX-leaf // PoorerHousehold ~ 0 // Residence ~ Rural,MIN-leaf // PoorerHousehold~1 // aGroupPR~0-24 // Sex~Female,PoorerHousehold,aGroupPR,Residence,EducationPR,Sex,,
DHS,Household,Cambodia,2014,1,No,Covid ~ PoorerHousehold + Residence + aGroupPR + EducationPR + Sex,73848.855829,0.070710603155336,0.077156167039253,0.268409825265815,0.213726682679379,0.001504056112632,0.266905769153183,MAX-leaf // Residence ~ Urban // EducationPR ~ Secondary + Higher,MIN-leaf // Residence~Rural // PoorerHousehold~1 // aGroupPR~0-24,Residence,PoorerHousehold,EducationPR,aGroupPR,Sex,,
DHS,Household,Cambodia,2014,1,No,LearningPR ~ PoorerHousehold + Residence + aGroupPR + EducationPR + Sex,73848.855829,0.948472221481518,0.226643577102355,0.996957075066178,0.123580379594943,0.871761189436754,0.125195885629424,MAX-leaf // PoorerHousehold ~ 0 // EducationPR ~ Secondary + Higher,MIN-leaf // PoorerHousehold~1 // aGroupPR~0-24 + 60+ // Sex~Female,PoorerHousehold,aGroupPR,Sex,EducationPR,,,
DHS,Household,Cambodia,2014,1,No,WaterOnsitePR ~ PoorerHousehold + Residence + aGroupPR + EducationPR + Sex,73848.855829,0.447129600835782,0.081045232438791,0.733334676770064,0.105483497754354,0.258957701538499,0.474376975231565,MAX-leaf // PoorerHousehold ~ 0 // Residence ~ Urban // aGroupPR ~ 25-59 + 60+,MIN-leaf // PoorerHousehold~1 // aGroupPR~0-24 // Sex~Female,PoorerHousehold,Residence,EducationPR,aGroupPR,Sex,,
DHS,Household,Cambodia,2014,1,No,SafeSanitationPR ~ PoorerHousehold + Residence + aGroupPR + EducationPR + Sex,73848.855829,0.481658226112041,0.07625479483446,0.914602025718838,0.216508691590601,0.130329905625278,0.78427212009356,MAX-leaf // PoorerHousehold ~ 0 // Residence ~ Urban // EducationPR ~ Secondary + Higher,MIN-leaf // PoorerHousehold~1 // aGroupPR~0-24,PoorerHousehold,Residence,EducationPR,aGroupPR,Sex,,
DHS,Household,Cambodia,2014,1,No,HandWashPR ~ PoorerHousehold + Residence + aGroupPR + EducationPR + Sex,73848.855829,0.682778141800261,0.07625479483446,0.941557185072113,0.216508691590601,0.534224188722955,0.407332996349158,MAX-leaf // PoorerHousehold ~ 0 // Residence ~ Urban // EducationPR ~ Secondary + Higher,MIN-leaf // PoorerHousehold~1 // aGroupPR~0-24,PoorerHousehold,Residence,EducationPR,aGroupPR,Sex,,
DHS,Household,Cambodia,2014,1,No,NotCrowdedPR ~ PoorerHousehold + Residence + aGroupPR + EducationPR + Sex,73848.855829,0.210467272776574,0.07625479483446,0.40154843971255,0.216508691590601,0.064976560090683,0.336571879621867,MAX-leaf // PoorerHousehold ~ 0 // EducationPR ~ Secondary + Higher // Residence ~ Urban,MIN-leaf // PoorerHousehold~1 // aGroupPR~0-24,PoorerHousehold,aGroupPR,EducationPR,Residence,Sex,,
DHS,Household,India,2016,1,No,Covid ~ PoorerHousehold + Residence + aGroupPR + EducationPR + Sex,2821817.714472,0.120097108660476,0.184972550198397,0.300106559833325,0.137884044880222,0.004308896178047,0.295797663655278,MAX-leaf // PoorerHousehold ~ 0 // EducationPR ~ Secondary + Higher // Residence ~ Urban,MIN-leaf // PoorerHousehold~1 // EducationPR~Lower // aGroupPR~0-24,PoorerHousehold,EducationPR,Residence,aGroupPR,Sex,,
DHS,Household,India,2016,1,No,LearningPR ~ PoorerHousehold + Residence + aGroupPR + EducationPR + Sex,2821817.714472,0.946851865928533,0.189366495977199,0.999033035095757,0.141933601891777,0.823996472094916,0.175036563000841,MAX-leaf // PoorerHousehold ~ 0 // EducationPR ~ Secondary + Higher // aGroupPR ~ 25-59,MIN-leaf // PoorerHousehold~1 // EducationPR~Lower // aGroupPR~25-59 + 60+,PoorerHousehold,EducationPR,Residence,aGroupPR,Sex,,
DHS,Household,India,2016,1,No,WaterOnsitePR ~ PoorerHousehold + Residence + aGroupPR + EducationPR + Sex,2821817.714472,0.644454486981018,0.184972550198397,0.85136249096178,0.189771210132292,0.458647078221207,0.392715412740573,MAX-leaf // PoorerHousehold ~ 0 // Residence ~ Urban // EducationPR ~ Secondary + Higher,MIN-leaf // PoorerHousehold~1 // aGroupPR~25-59 + 60+,PoorerHousehold,Residence,EducationPR,aGroupPR,Sex,,
DHS,Household,India,2016,1,No,SafeSanitationPR ~ PoorerHousehold + Residence + aGroupPR + EducationPR + Sex,2821817.714472,0.488429912372951,0.184972550198397,0.808468714616203,0.137884044880222,0.130364067437202,0.678104647179001,MAX-leaf // PoorerHousehold ~ 0 // Residence ~ Urban // EducationPR ~ Secondary + Higher,MIN-leaf // PoorerHousehold~1 // EducationPR~Lower // aGroupPR~0-24,PoorerHousehold,Residence,EducationPR,aGroupPR,Sex,,
DHS,Household,India,2016,1,No,HandWashPR ~ PoorerHousehold + Residence + aGroupPR + EducationPR + Sex,2821817.714472,0.591869045380739,0.184972550198397,0.854919593656439,0.141933601891777,0.305199907867611,0.549719685788828,MAX-leaf // PoorerHousehold ~ 0 // Residence ~ Urban // EducationPR ~ Secondary + Higher,MIN-leaf // PoorerHousehold~1 // EducationPR~Lower // aGroupPR~25-59 + 60+,PoorerHousehold,Residence,EducationPR,aGroupPR,Sex,,
DHS,Household,India,2016,1,No,NotCrowdedPR ~ PoorerHousehold + Residence + aGroupPR + EducationPR + Sex,2821817.714472,0.284761261058762,0.119788575648735,0.465327944281336,0.103705896637174,0.119546589663884,0.345781354617452,MAX-leaf // PoorerHousehold ~ 0 // EducationPR ~ Secondary + Higher // aGroupPR ~ 25-59 + 60+ // Residence ~ Urban,MIN-leaf // PoorerHousehold~1 // aGroupPR~0-24 // Sex~Female,PoorerHousehold,aGroupPR,EducationPR,Residence,Sex,,
DHS,Household,India,2016,1,Yes,Covid ~ PoorerHousehold + Residence + aGroupPR + EducationPR + Sex + Caste + Religion,2821817.714472,0.120097108660476,0.084221106177464,0.378439844977399,0.115040895987777,0.003207924378139,0.37523192059926,MAX-leaf // PoorerHousehold ~ 0 // EducationPR ~ Higher,MIN-leaf // PoorerHousehold~1 // Caste~OtherBackwardClass + ScheduleTribe + ScheduleCaste // EducationPR~Lower // aGroupPR~0-24,PoorerHousehold,EducationPR,Residence,Caste,aGroupPR,Sex,
DHS,Household,India,2016,1,Yes,LearningPR ~ PoorerHousehold + Residence + aGroupPR + EducationPR + Sex + Caste + Religion,2821817.714472,0.946851865928533,0.079171235540207,0.999528567047229,0.04787164794352,0.748431353915592,0.251097213131637,MAX-leaf // PoorerHousehold ~ 0 // aGroupPR ~ 0-24 + 25-59 // EducationPR ~ Higher,MIN-leaf // PoorerHousehold~1 // EducationPR~Lower // Caste~ScheduleTribe,PoorerHousehold,Caste,EducationPR,Residence,aGroupPR,Religion,
DHS,Household,India,2016,1,Yes,WaterOnsitePR ~ PoorerHousehold + Residence + aGroupPR + EducationPR + Sex + Caste + Religion,2821817.714472,0.644454486981018,0.096669936088705,0.882928931369813,0.034292349122947,0.234539228709061,0.648389702660752,MAX-leaf // PoorerHousehold ~ 0 // Residence ~ Urban // Caste ~ OtherClass,MIN-leaf // PoorerHousehold~1 // Caste~ScheduleTribe // aGroupPR~0-24,PoorerHousehold,Caste,Residence,EducationPR,Religion,aGroupPR,
DHS,Household,India,2016,1,Yes,SafeSanitationPR ~ PoorerHousehold + Residence + aGroupPR + EducationPR + Sex + Caste + Religion,2821817.714472,0.488429912372951,0.075826079075431,0.845088154500347,0.042454521207591,0.082873883318404,0.762214271181943,MAX-leaf // PoorerHousehold ~ 0 // Residence ~ Urban // EducationPR ~ Secondary + Higher // Caste ~ OtherClass + DoNotKnow,MIN-leaf // PoorerHousehold~1 // Caste~ScheduleTribe // Religion~Hindu // EducationPR~Lower,PoorerHousehold,Residence,Caste,EducationPR,Religion,aGroupPR,
DHS,Household,India,2016,1,Yes,HandWashPR ~ PoorerHousehold + Residence + aGroupPR + EducationPR + Sex + Caste + Religion,2821817.714472,0.591869045380739,0.096669936088705,0.895542063886641,0.065690926334582,0.234028925786811,0.66151313809983,MAX-leaf // PoorerHousehold ~ 0 // Residence ~ Urban // Caste ~ OtherClass,MIN-leaf // PoorerHousehold~1 // Caste~ScheduleTribe,PoorerHousehold,Residence,Caste,EducationPR,Religion,aGroupPR,
DHS,Household,India,2016,1,Yes,NotCrowdedPR ~ PoorerHousehold + Residence + aGroupPR + EducationPR + Sex + Caste + Religion,2821817.714472,0.284761261058762,0.084221106177464,0.525239748280328,0.069030965084302,0.093261766136242,0.431977982144086,MAX-leaf // PoorerHousehold ~ 0 // EducationPR ~ Higher,MIN-leaf // PoorerHousehold~1 // aGroupPR~0-24 // EducationPR~Lower // Sex~Female,PoorerHousehold,EducationPR,aGroupPR,Residence,Caste,Sex,
MICS,Household,Bangladesh,2019,1,No,Covid ~ PoorerHousehold + Residence + aGroupHL + EducationHL + Sex,260959.306935838,0.288318864596555,0.202242405080772,0.510282098082982,0.095907111977971,0.091169318109987,0.419112779972995,MAX-leaf // PoorerHousehold ~ 0 // EducationHL ~ Secondary + Higher,MIN-leaf // PoorerHousehold~1 // aGroupHL~0-24 // Sex~Female,PoorerHousehold,EducationHL,Residence,aGroupHL,Sex,,
MICS,Household,Bangladesh,2019,1,No,LearningHL ~ PoorerHousehold + Residence + aGroupHL + EducationHL + Sex,260959.306935838,0.974146223437288,0.202242405080772,0.997699260826034,0.102158555137678,0.913400941222984,0.08429831960305,MAX-leaf // PoorerHousehold ~ 0 // EducationHL ~ Secondary + Higher,MIN-leaf // PoorerHousehold~1 // aGroupHL~25-59 + 60+ // Sex~Female,PoorerHousehold,aGroupHL,Sex,EducationHL,Residence,,
MICS,Household,Bangladesh,2019,1,No,WaterOnstieHL ~ PoorerHousehold + Residence + aGroupHL + EducationHL + Sex,260959.306935838,0.824438780128063,0.202242405080772,0.917404749422721,0.241701017023023,0.695535143274724,0.221869606147997,MAX-leaf // PoorerHousehold ~ 0 // EducationHL ~ Secondary + Higher,MIN-leaf // PoorerHousehold~1 // aGroupHL~0-24 + 60+,PoorerHousehold,EducationHL,aGroupHL,Residence,Sex,,
MICS,Household,Bangladesh,2019,1,No,HandwashHL ~ PoorerHousehold + Residence + aGroupHL + EducationHL + Sex,260959.306935838,0.786012328052613,0.202242405080772,0.924137100622438,0.241701017023023,0.609474980000222,0.314662120622216,MAX-leaf // PoorerHousehold ~ 0 // EducationHL ~ Secondary + Higher,MIN-leaf // PoorerHousehold~1 // aGroupHL~0-24 + 60+,PoorerHousehold,EducationHL,Residence,aGroupHL,Sex,,
MICS,Household,Bangladesh,2019,1,No,SafeSanitationHL ~ PoorerHousehold + Residence + aGroupHL + EducationHL + Sex,260959.306935838,0.643044569489023,0.202242405080772,0.814356552468391,0.115977262038866,0.49959311309418,0.314763439374211,MAX-leaf // PoorerHousehold ~ 0 // EducationHL ~ Secondary + Higher,MIN-leaf // PoorerHousehold~1 // aGroupHL~0-24 + 60+ // Sex~Female,PoorerHousehold,EducationHL,Residence,aGroupHL,Sex,,
MICS,Household,Bangladesh,2019,1,No,NotCrowdedHL ~ PoorerHousehold + Residence + aGroupHL + EducationHL + Sex,260959.306935838,0.50390253608003,0.202242405080772,0.680442664476136,0.095907111977971,0.289714492063336,0.3907281724128,MAX-leaf // PoorerHousehold ~ 0 // EducationHL ~ Secondary + Higher,MIN-leaf // PoorerHousehold~1 // aGroupHL~0-24 // Sex~Female,PoorerHousehold,EducationHL,aGroupHL,Residence,Sex,,
MICS,Household,Bangladesh,2019,1,Yes,Covid ~ PoorerHousehold + Residence + aGroupHL + EducationHL + Sex + Religion + Ethnicity,260959.306935838,0.288318864596555,0.071402318300648,0.544615054226202,0.080328872985913,0.076960081261549,0.467654972964653,MAX-leaf // PoorerHousehold ~ 0 // EducationHL ~ Secondary + Higher // Residence ~ Urban,MIN-leaf // PoorerHousehold~1 // EducationHL~Lower // aGroupHL~0-24 // Sex~Female,PoorerHousehold,EducationHL,Residence,aGroupHL,Ethnicity,Religion,Sex
MICS,Household,Bangladesh,2019,1,Yes,LearningHL ~ PoorerHousehold + Residence + aGroupHL + EducationHL + Sex + Religion + Ethnicity,260959.306935838,0.974146223437288,0.067257543833176,0.998972239585781,0.102158555137678,0.913400941222984,0.085571298362797,MAX-leaf // PoorerHousehold ~ 0 // aGroupHL ~ 0-24 + 25-59 // EducationHL ~ Secondary + Higher // Residence ~ Urban,MIN-leaf // PoorerHousehold~1 // aGroupHL~25-59 + 60+ // Sex~Female,PoorerHousehold,aGroupHL,Sex,Ethnicity,EducationHL,Religion,Residence
MICS,Household,Bangladesh,2019,1,Yes,WaterOnstieHL ~ PoorerHousehold + Residence + aGroupHL + EducationHL + Sex + Religion + Ethnicity,260959.306935838,0.824438780128063,0.103440619312647,0.931240798910611,0.044993324529443,0.538487678899807,0.392753120010804,MAX-leaf // PoorerHousehold ~ 0 // Religion ~ MUSLIM // EducationHL ~ Secondary + Higher // aGroupHL ~ 25-59 + 60+,MIN-leaf // PoorerHousehold~1 // Religion~HINDU + MinorReligion,PoorerHousehold,Religion,Ethnicity,EducationHL,aGroupHL,Residence,Sex
MICS,Household,Bangladesh,2019,1,Yes,HandwashHL ~ PoorerHousehold + Residence + aGroupHL + EducationHL + Sex + Religion + Ethnicity,260959.306935838,0.786012328052613,0.071402318300648,0.959788529361722,0.044993324529443,0.560632269577053,0.399156259784669,MAX-leaf // PoorerHousehold ~ 0 // EducationHL ~ Secondary + Higher // Residence ~ Urban,MIN-leaf // PoorerHousehold~1 // Religion~HINDU + MinorReligion,PoorerHousehold,Ethnicity,Religion,Residence,EducationHL,aGroupHL,Sex
MICS,Household,Bangladesh,2019,1,Yes,SafeSanitationHL ~ PoorerHousehold + Residence + aGroupHL + EducationHL + Sex + Religion + Ethnicity,260959.306935838,0.643044569489023,0.116944016071662,0.826736439147357,0.10034517240921,0.482547828621876,0.344188610525481,MAX-leaf // PoorerHousehold ~ 0 // EducationHL ~ Secondary + Higher // aGroupHL ~ 25-59 + 60+,MIN-leaf // PoorerHousehold~1 // EducationHL~Lower // aGroupHL~0-24 + 60+ // Sex~Female,PoorerHousehold,EducationHL,Residence,Ethnicity,aGroupHL,Religion,Sex
MICS,Household,Bangladesh,2019,1,Yes,NotCrowdedHL ~ PoorerHousehold + Residence + aGroupHL + EducationHL + Sex + Religion + Ethnicity,260959.306935838,0.50390253608003,0.10485320829803,0.694603604479037,0.095907111977971,0.289714492063336,0.404889112415701,MAX-leaf // PoorerHousehold ~ 0 // EducationHL ~ Secondary + Higher // Sex ~ Male,MIN-leaf // PoorerHousehold~1 // aGroupHL~0-24 // Sex~Female,PoorerHousehold,EducationHL,aGroupHL,Residence,Sex,Ethnicity,Religion
MICS,Household,Bhutan,2010,1,No,Covid ~ PoorerHousehold + Residence + aGroupHL + EducationHL + Sex,67319.745842,0.160260911773512,0.271241540525972,0.286077322279156,0.196892382349589,0.038713097887404,0.247364224391752,MAX-leaf // PoorerHousehold ~ 0 // Residence ~ Urban,MIN-leaf // PoorerHousehold~1 // aGroupHL~0-24,PoorerHousehold,Residence,aGroupHL,EducationHL,Sex,,
MICS,Household,Bhutan,2010,1,No,LearningHL ~ PoorerHousehold + Residence + aGroupHL + EducationHL + Sex,67319.745842,0.933232496308746,0.271241540525972,0.994512075996877,0.104253224907771,0.829004136939358,0.165507939057519,MAX-leaf // PoorerHousehold ~ 0 // Residence ~ Urban,MIN-leaf // PoorerHousehold~1 // aGroupHL~25-59 + 60+ // Sex~Female,PoorerHousehold,Residence,aGroupHL,Sex,EducationHL,,
MICS,Household,Bhutan,2010,1,No,WaterOnstieHL ~ PoorerHousehold + Residence + aGroupHL + EducationHL + Sex,67319.745842,0.920408945637207,0.271241540525972,0.980577764868118,0.196892382349589,0.866570130350561,0.114007634517557,MAX-leaf // PoorerHousehold ~ 0 // Residence ~ Urban,MIN-leaf // PoorerHousehold~1 // aGroupHL~0-24,PoorerHousehold,Residence,aGroupHL,EducationHL,Sex,,
MICS,Household,Bhutan,2010,1,No,HandwashHL ~ PoorerHousehold + Residence + aGroupHL + EducationHL + Sex,67319.745842,0.867954610020912,0.274801694816549,0.910517908436271,0.201502237127238,0.836524768470236,0.073993139966035,MAX-leaf // Residence ~ Urban,MIN-leaf // Residence~Rural // PoorerHousehold~1 // aGroupHL~25-59 + 60+,Residence,PoorerHousehold,EducationHL,aGroupHL,Sex,,
MICS,Household,Bhutan,2010,1,No,SafeSanitationHL ~ PoorerHousehold + Residence + aGroupHL + EducationHL + Sex,67319.745842,0.584069187193352,0.271241540525972,0.784741457759404,0.247733956915739,0.385086838833828,0.399654618925576,MAX-leaf // PoorerHousehold ~ 0 // Residence ~ Urban,MIN-leaf // PoorerHousehold~1 // aGroupHL~0-24 + 60+,PoorerHousehold,Residence,aGroupHL,EducationHL,Sex,,
MICS,Household,Bhutan,2010,1,No,NotCrowdedHL ~ PoorerHousehold + Residence + aGroupHL + EducationHL + Sex,67319.745842,0.274664755262104,0.144304999261291,0.411869146105348,0.196892382349589,0.11748720362306,0.294381942482288,MAX-leaf // PoorerHousehold ~ 0 // aGroupHL ~ 25-59 + 60+ // Sex ~ Male,MIN-leaf // PoorerHousehold~1 // aGroupHL~0-24,PoorerHousehold,aGroupHL,Residence,EducationHL,Sex,,
MICS,Household,Georgia,2018,1,No,Covid ~ PoorerHousehold + Residence + aGroupHL + EducationHL + Sex,42013.1726105977,0.565726109472604,0.167748164634517,0.769841984294606,0.132601409288296,0.318176775673499,0.451665208621107,MAX-leaf // PoorerHousehold ~ 0 // EducationHL ~ Secondary + Higher // aGroupHL ~ 0-24 + 60+,MIN-leaf // PoorerHousehold~1 // EducationHL~Lower,PoorerHousehold,Residence,EducationHL,aGroupHL,,,
MICS,Household,Georgia,2018,1,No,LearningHL ~ PoorerHousehold + Residence + aGroupHL + EducationHL + Sex,42013.1726105977,0.997066023360247,0.482426062076518,0.999371221049281,0.108624879569436,0.983778603892586,0.015592617156695,MAX-leaf // aGroupHL ~ 0-24 + 25-59 // PoorerHousehold ~ 0,MIN-leaf // aGroupHL~60+ // PoorerHousehold~1,PoorerHousehold,aGroupHL,Residence,EducationHL,Sex,,
MICS,Household,Georgia,2018,1,No,WaterOnstieHL ~ PoorerHousehold + Residence + aGroupHL + EducationHL + Sex,42013.1726105977,0.915798800125761,0.066256121231348,0.998751538832236,0.082828040266569,0.799450924763017,0.199300614069219,MAX-leaf // PoorerHousehold ~ 0 // Residence ~ Rural,MIN-leaf // PoorerHousehold~1 // EducationHL~Secondary + Higher // aGroupHL~60+,PoorerHousehold,Residence,aGroupHL,EducationHL,MICS,,
MICS,Household,Georgia,2018,1,No,HandwashHL ~ PoorerHousehold + Residence + aGroupHL + EducationHL + Sex,42013.1726105977,0.918508118706458,0.066256121231348,0.975658020690976,0.108624879569436,0.87717348929276,0.098484531398216,MAX-leaf // PoorerHousehold ~ 0 // Residence ~ Rural,MIN-leaf // PoorerHousehold~1 // aGroupHL~60+,PoorerHousehold,Residence,aGroupHL,EducationHL,Sex,,
MICS,Household,Georgia,2018,1,No,SafeSanitationHL ~ PoorerHousehold + Residence + aGroupHL + EducationHL + Sex,42013.1726105977,0.917336214873502,0.217019915940726,0.989853220666157,0.132601409288296,0.818616085787051,0.171237134879106,MAX-leaf // PoorerHousehold ~ 0 // Residence ~ Urban // EducationHL ~ Higher,MIN-leaf // PoorerHousehold~1 // EducationHL~Lower,PoorerHousehold,Residence,EducationHL,aGroupHL,Sex,,
MICS,Household,Georgia,2018,1,No,NotCrowdedHL ~ PoorerHousehold + Residence + aGroupHL + EducationHL + Sex,42013.1726105977,0.708212622699439,0.168379880632215,0.84931242713092,0.132601409288296,0.525323761750862,0.323988665380058,MAX-leaf // EducationHL ~ Secondary + Higher // aGroupHL ~ 0-24 + 60+ // Residence ~ Urban,MIN-leaf // EducationHL~Lower // PoorerHousehold~1,EducationHL,aGroupHL,PoorerHousehold,Residence,Sex,,
MICS,Household,Georgia,2018,1,Yes,Covid ~ PoorerHousehold + Residence + aGroupHL + EducationHL + Sex + Religion + Ethnicity,42013.1726105977,0.565726109472604,0.094425090418145,0.780063710158063,0.080221236309147,0.271031339354774,0.509032370803289,MAX-leaf // PoorerHousehold ~ 0 // EducationHL ~ Secondary + Higher // aGroupHL ~ 0-24 + 60+ // Sex ~ Female,MIN-leaf // PoorerHousehold~1 // EducationHL~Lower // aGroupHL~0-24,PoorerHousehold,Residence,EducationHL,aGroupHL,Religion,Ethnicity,Sex
MICS,Household,Georgia,2018,1,Yes,LearningHL ~ PoorerHousehold + Residence + aGroupHL + EducationHL + Sex + Religion + Ethnicity,42013.1726105977,0.997066023360247,0.085414920542901,1,0.108624879569436,0.983778603892586,0.016221396107414,MAX-leaf // aGroupHL ~ 0-24 // Ethnicity ~ Georgian // PoorerHousehold ~ 1,MIN-leaf // aGroupHL~60+ // PoorerHousehold~1,PoorerHousehold,aGroupHL,Residence,EducationHL,Religion,Ethnicity,Sex
MICS,Household,Georgia,2018,1,Yes,WaterOnstieHL ~ PoorerHousehold + Residence + aGroupHL + EducationHL + Sex + Religion + Ethnicity,42013.1726105977,0.915798800125761,0.066256121231348,0.998751538832236,0.068160876133031,0.734101170040775,0.264650368791461,MAX-leaf // PoorerHousehold ~ 0 // Residence ~ Rural,MIN-leaf // PoorerHousehold~1 // Religion~ORTHODOX // Residence~Rural // EducationHL~Lower,PoorerHousehold,Residence,Religion,Ethnicity,EducationHL,aGroupHL,Sex
MICS,Household,Georgia,2018,1,Yes,HandwashHL ~ PoorerHousehold + Residence + aGroupHL + EducationHL + Sex + Religion + Ethnicity,42013.1726105977,0.918508118706458,0.066256121231348,0.975658020690976,0.047604725819744,0.853790970334289,0.121867050356687,MAX-leaf // PoorerHousehold ~ 0 // Residence ~ Rural,MIN-leaf // PoorerHousehold~1 // Religion~MinorReligion + ORTHODOX // EducationHL~Lower + Secondary // aGroupHL~60+ // Sex~Female,PoorerHousehold,Residence,Religion,Ethnicity,aGroupHL,EducationHL,Sex
MICS,Household,Georgia,2018,1,Yes,SafeSanitationHL ~ PoorerHousehold + Residence + aGroupHL + EducationHL + Sex + Religion + Ethnicity,42013.1726105977,0.917336214873502,0.217019915940726,0.989853220666157,0.097655420470555,0.793033535178455,0.196819685487702,MAX-leaf // PoorerHousehold ~ 0 // Residence ~ Urban // EducationHL ~ Higher,MIN-leaf // PoorerHousehold~1 // Ethnicity~Georgian // EducationHL~Lower,PoorerHousehold,Residence,Religion,Ethnicity,EducationHL,aGroupHL,Sex
MICS,Household,Georgia,2018,1,Yes,NotCrowdedHL ~ PoorerHousehold + Residence + aGroupHL + EducationHL + Sex + Religion + Ethnicity,42013.1726105977,0.708212622699439,0.094593550030832,0.879559111889458,0.080221236309147,0.425825384638096,0.453733727251362,MAX-leaf // EducationHL ~ Higher // aGroupHL ~ 0-24 + 60+,MIN-leaf // EducationHL~Lower // aGroupHL~0-24 // PoorerHousehold~1,EducationHL,aGroupHL,Religion,PoorerHousehold,Residence,Ethnicity,Sex
MICS,Household,Kazakhstan,2015,1,No,Covid ~ PoorerHousehold + Residence + aGroupHL + EducationHL + Sex,56803.4951634802,0.580450827909879,0.155498241856602,0.762406624652712,0.170877297649761,0.365546792730667,0.396859831922045,MAX-leaf // PoorerHousehold ~ 0 // aGroupHL ~ 25-59 + 60+ // EducationHL ~ Higher // Sex ~ Female,MIN-leaf // PoorerHousehold~1 // aGroupHL~0-24,PoorerHousehold,Residence,aGroupHL,EducationHL,Sex,,
MICS,Household,Kazakhstan,2015,1,No,LearningHL ~ PoorerHousehold + Residence + aGroupHL + EducationHL + Sex,56803.4951634802,0.999633025987467,0.168936153665418,1,0.134944428480515,0.998549541807708,0.001450458192292,MAX-leaf // PoorerHousehold ~ 0 // EducationHL ~ Lower + Secondary // aGroupHL ~ 0-24,MIN-leaf // PoorerHousehold~1 // aGroupHL~25-59 + 60+ // EducationHL~Lower + Secondary,PoorerHousehold,aGroupHL,EducationHL,Residence,,,
MICS,Household,Kazakhstan,2015,1,No,LearningHL ~ PoorerHousehold + Residence + aGroupHL + EducationHL + Sex,56803.4951634802,0.999633025987467,0.33168868671147,1,0.134944428480515,0.998549541807708,0.001450458192292,MAX-leaf // PoorerHousehold ~ 0 // EducationHL ~ Lower + Secondary // aGroupHL ~ 0-24,MIN-leaf // PoorerHousehold~1 // aGroupHL~25-59 + 60+ // EducationHL~Lower + Secondary,PoorerHousehold,aGroupHL,EducationHL,Residence,,,
MICS,Household,Kazakhstan,2015,1,No,WaterOnstieHL ~ PoorerHousehold + Residence + aGroupHL + EducationHL + Sex,56803.4951634802,0.899681046424072,0.465071247085086,0.991120804713498,0.118456682288107,0.743272639672367,0.247848165041131,MAX-leaf // PoorerHousehold ~ 0 // Residence ~ Urban,MIN-leaf // PoorerHousehold~1 // aGroupHL~25-59 + 60+ // Sex~Female,PoorerHousehold,Residence,EducationHL,aGroupHL,Sex,,
MICS,Household,Kazakhstan,2015,1,No,HandwashHL ~ PoorerHousehold + Residence + aGroupHL + EducationHL + Sex,56803.4951634802,0.971774695390706,0.253734233502999,0.982418389576269,0.089781981384378,0.957163394709007,0.025254994867262,MAX-leaf // Residence ~ Rural // aGroupHL ~ 0-24 + 60+,MIN-leaf // Residence~Urban // aGroupHL~25-59 + 60+ // EducationHL~Lower + Secondary,Residence,PoorerHousehold,EducationHL,aGroupHL,Sex,,
MICS,Household,Kazakhstan,2015,1,No,SafeSanitationHL ~ PoorerHousehold + Residence + aGroupHL + EducationHL + Sex,56803.4951634802,0.979063703460108,0.134921953594831,0.998489562473335,0.118219299771887,0.955130399462052,0.043359163011283,MAX-leaf // Residence ~ Rural // PoorerHousehold ~ 0,MIN-leaf // Residence~Urban // EducationHL~Lower + Secondary // Sex~Male,Residence,PoorerHousehold,EducationHL,aGroupHL,Sex,,
MICS,Household,Kazakhstan,2015,1,No,NotCrowdedHL ~ PoorerHousehold + Residence + aGroupHL + EducationHL + Sex,56803.4951634802,0.673826462621979,0.127168855079956,0.838601748925306,0.129295257868291,0.461546640827876,0.37705510809743,MAX-leaf // aGroupHL ~ 60+,MIN-leaf // aGroupHL~0-24 // EducationHL~Lower // PoorerHousehold~1,aGroupHL,EducationHL,PoorerHousehold,Residence,Sex,,
MICS,Household,Kazakhstan,2015,1,Yes,Covid ~ PoorerHousehold + Residence + aGroupHL + EducationHL + Sex + Ethnicity,56803.4951634802,0.580450827909879,0.096387687286486,0.835450177139001,0.079075657699166,0.340623131965682,0.494827045173319,MAX-leaf // PoorerHousehold ~ 0 // Ethnicity ~ MinorEthnicity + Russian // aGroupHL ~ 25-59 + 60+ // Sex ~ Female,MIN-leaf // PoorerHousehold~1 // aGroupHL~0-24 // Sex~Female,PoorerHousehold,Residence,Ethnicity,EducationHL,aGroupHL,Sex,
MICS,Household,Kazakhstan,2015,1,Yes,LearningHL ~ PoorerHousehold + Residence + aGroupHL + EducationHL + Sex + Ethnicity,56803.4951634802,0.999633025987467,0.099363310755802,1,0.047281149417117,0.995262732982024,0.004737267017976,MAX-leaf // Ethnicity ~ Kazakh + MinorEthnicity // aGroupHL ~ 0-24 + 25-59 // PoorerHousehold ~ 0,MIN-leaf // Ethnicity~Russian // PoorerHousehold~1,PoorerHousehold,Residence,Ethnicity,aGroupHL,EducationHL,,
MICS,Household,Kazakhstan,2015,1,Yes,LearningHL ~ PoorerHousehold + Residence + aGroupHL + EducationHL + Sex + Ethnicity,56803.4951634802,0.999633025987467,0.396039998512723,1,0.047281149417117,0.995262732982024,0.004737267017976,MAX-leaf // Ethnicity ~ Kazakh + MinorEthnicity // aGroupHL ~ 0-24 + 25-59 // PoorerHousehold ~ 0,MIN-leaf // Ethnicity~Russian // PoorerHousehold~1,PoorerHousehold,Residence,Ethnicity,aGroupHL,EducationHL,,
MICS,Household,Kazakhstan,2015,1,Yes,WaterOnstieHL ~ PoorerHousehold + Residence + aGroupHL + EducationHL + Sex + Ethnicity,56803.4951634802,0.899681046424072,0.465071247085086,0.991120804713498,0.047281149417117,0.598293945700559,0.392826859012939,MAX-leaf // PoorerHousehold ~ 0 // Residence ~ Urban,MIN-leaf // PoorerHousehold~1 // Ethnicity~Russian,PoorerHousehold,Residence,Ethnicity,EducationHL,aGroupHL,,
MICS,Household,Kazakhstan,2015,1,Yes,HandwashHL ~ PoorerHousehold + Residence + aGroupHL + EducationHL + Sex + Ethnicity,56803.4951634802,0.971774695390706,0.16549537275302,0.985786816901713,0.097482598461417,0.953078558191022,0.032708258710691,MAX-leaf // Residence ~ Rural // Ethnicity ~ Kazakh + MinorEthnicity // PoorerHousehold ~ 1 // aGroupHL ~ 0-24 + 60+,MIN-leaf // Residence~Urban // Ethnicity~MinorEthnicity + Russian // EducationHL~Lower + Secondary,Residence,PoorerHousehold,Ethnicity,EducationHL,aGroupHL,Sex,
MICS,Household,Kazakhstan,2015,1,Yes,SafeSanitationHL ~ PoorerHousehold + Residence + aGroupHL + EducationHL + Sex + Ethnicity,56803.4951634802,0.979063703460108,0.134921953594831,0.998489562473335,0.069892886495072,0.940170288935176,0.058319273538159,MAX-leaf // Residence ~ Rural // PoorerHousehold ~ 0,MIN-leaf // Residence~Urban // Ethnicity~Kazakh // EducationHL~Lower + Secondary // Sex~Male,Residence,Ethnicity,PoorerHousehold,EducationHL,aGroupHL,Sex,
MICS,Household,Kazakhstan,2015,1,Yes,NotCrowdedHL ~ PoorerHousehold + Residence + aGroupHL + EducationHL + Sex + Ethnicity,56803.4951634802,0.673826462621979,0.087757210229484,0.896862137720958,0.148354053057911,0.487896731200012,0.408965406520946,MAX-leaf // Ethnicity ~ Russian // aGroupHL ~ 25-59 + 60+ // Sex ~ Female,MIN-leaf // Ethnicity~Kazakh + MinorEthnicity // EducationHL~Lower // PoorerHousehold~1,Ethnicity,EducationHL,aGroupHL,PoorerHousehold,Residence,Sex,
MICS,Household,Kyrgyzstan,2018,1,No,Covid ~ PoorerHousehold + Residence + aGroupHL + EducationHL + Sex,28203.357004273,0.409842951157908,0.114020963456648,0.678782411407751,0.19394944426012,0.17616143963026,0.502620971777491,MAX-leaf // PoorerHousehold ~ 0 // EducationHL ~ Secondary + Higher // Residence ~ Urban // Sex ~ Female,MIN-leaf // PoorerHousehold~1 // EducationHL~Lower,PoorerHousehold,Residence,EducationHL,aGroupHL,Sex,,
MICS,Household,Kyrgyzstan,2018,1,No,LearningHL ~ PoorerHousehold + Residence + aGroupHL + EducationHL + Sex,28203.357004273,0.996518240847512,0.137106982748875,0.99912863730561,0.197997949260097,0.992963389307683,0.006165247997927,MAX-leaf // PoorerHousehold ~ 0 // EducationHL ~ Higher,MIN-leaf // PoorerHousehold~1 // aGroupHL~25-59 + 60+,PoorerHousehold,aGroupHL,EducationHL,Residence,Sex,,
MICS,Household,Kyrgyzstan,2018,1,No,WaterOnstieHL ~ PoorerHousehold + Residence + aGroupHL + EducationHL + Sex,28203.357004273,0.779290567821678,0.320663767578537,0.993895726242517,0.206122546666995,0.551959357388084,0.441936368854433,MAX-leaf // PoorerHousehold ~ 0 // Residence ~ Urban,MIN-leaf // PoorerHousehold~1 // EducationHL~Secondary + Higher,PoorerHousehold,Residence,EducationHL,aGroupHL,,,
MICS,Household,Kyrgyzstan,2018,1,No,HandwashHL ~ PoorerHousehold + Residence + aGroupHL + EducationHL + Sex,28203.357004273,0.963474439884058,0.140582562123994,0.970495646868109,0.165040111202515,0.955656831516791,0.014838815351318,MAX-leaf // EducationHL ~ Lower + Secondary // aGroupHL ~ 0-24 // Residence ~ Urban,MIN-leaf // EducationHL~Higher,EducationHL,Residence,Sex,aGroupHL,,,
MICS,Household,Kyrgyzstan,2018,1,No,SafeSanitationHL ~ PoorerHousehold + Residence + aGroupHL + EducationHL + Sex,28203.357004273,0.981879340800028,0.279264241494343,0.997311949562614,0.095052034446464,0.953598134523999,0.043713815038615,MAX-leaf // Residence ~ Rural // PoorerHousehold ~ 0,MIN-leaf // Residence~Urban // EducationHL~Lower + Secondary // aGroupHL~25-59,Residence,PoorerHousehold,EducationHL,aGroupHL,Sex,,
MICS,Household,Kyrgyzstan,2018,1,No,NotCrowdedHL ~ PoorerHousehold + Residence + aGroupHL + EducationHL + Sex,28203.357004273,0.533488680643758,0.114020963456648,0.73846701786863,0.19394944426012,0.324253007846929,0.414214010021701,MAX-leaf // EducationHL ~ Secondary + Higher // PoorerHousehold ~ 0 // Residence ~ Urban // Sex ~ Female,MIN-leaf // EducationHL~Lower // PoorerHousehold~1,EducationHL,aGroupHL,PoorerHousehold,Residence,Sex,,
MICS,Household,Kyrgyzstan,2018,1,Yes,Covid ~ PoorerHousehold + Residence + aGroupHL + EducationHL + Sex + Ethnicity,28203.357004273,0.409842951157908,0.065112294605106,0.802555819968235,0.142058390620531,0.144024147073318,0.658531672894917,MAX-leaf // PoorerHousehold ~ 0 // Ethnicity ~ Russian,MIN-leaf // PoorerHousehold~1 // Ethnicity~Kyrgyz // EducationHL~Lower,PoorerHousehold,Ethnicity,Residence,EducationHL,aGroupHL,Sex,
MICS,Household,Kyrgyzstan,2018,1,Yes,LearningHL ~ PoorerHousehold + Residence + aGroupHL + EducationHL + Sex + Ethnicity,28203.357004273,0.996518240847512,0.137106982748875,0.99912863730561,0.197997949260097,0.992963389307683,0.006165247997927,MAX-leaf // PoorerHousehold ~ 0 // EducationHL ~ Higher,MIN-leaf // PoorerHousehold~1 // aGroupHL~25-59 + 60+,PoorerHousehold,aGroupHL,EducationHL,Residence,Sex,Ethnicity,
MICS,Household,Kyrgyzstan,2018,1,Yes,WaterOnstieHL ~ PoorerHousehold + Residence + aGroupHL + EducationHL + Sex + Ethnicity,28203.357004273,0.779290567821678,0.320663767578537,0.993895726242517,0.301983366027857,0.485497682175995,0.508398044066522,MAX-leaf // PoorerHousehold ~ 0 // Residence ~ Urban,MIN-leaf // PoorerHousehold~1 // Ethnicity~Kyrgyz,PoorerHousehold,Residence,Ethnicity,EducationHL,aGroupHL,Sex,
MICS,Household,Kyrgyzstan,2018,1,Yes,HandwashHL ~ PoorerHousehold + Residence + aGroupHL + EducationHL + Sex + Ethnicity,28203.357004273,0.963474439884058,0.069602336636728,0.977056947138976,0.05340923888879,0.91753225175998,0.059524695378996,MAX-leaf // Ethnicity ~ Uzbek // aGroupHL ~ 0-24,MIN-leaf // Ethnicity~MinorEthnicity + Russian // Residence~Rural,Ethnicity,EducationHL,Residence,aGroupHL,PoorerHousehold,Sex,
MICS,Household,Kyrgyzstan,2018,1,Yes,SafeSanitationHL ~ PoorerHousehold + Residence + aGroupHL + EducationHL + Sex + Ethnicity,28203.357004273,0.981879340800028,0.279264241494343,0.997311949562614,0.065465990355871,0.934303193910411,0.063008755652203,MAX-leaf // Residence ~ Rural // PoorerHousehold ~ 0,MIN-leaf // Residence~Urban // Ethnicity~Kyrgyz + MinorEthnicity // EducationHL~Lower + Secondary // aGroupHL~25-59,Residence,Ethnicity,EducationHL,PoorerHousehold,aGroupHL,Sex,
MICS,Household,Kyrgyzstan,2018,1,Yes,NotCrowdedHL ~ PoorerHousehold + Residence + aGroupHL + EducationHL + Sex + Ethnicity,28203.357004273,0.533488680643758,0.079730865802272,0.843997840020329,0.19394944426012,0.324253007846929,0.5197448321734,MAX-leaf // EducationHL ~ Secondary + Higher // Ethnicity ~ MinorEthnicity + Russian,MIN-leaf // EducationHL~Lower // PoorerHousehold~1,EducationHL,aGroupHL,Ethnicity,PoorerHousehold,Residence,Sex,
MICS,Household,Kiribati,2019,1,No,Covid ~ PoorerHousehold + Residence + aGroupHL + EducationHL + Sex,18107.26014053,0.059102768547701,0.226752073340494,0.11029463269391,0.189951318401553,0.015514034922664,0.094780597771246,MAX-leaf // PoorerHousehold ~ 0 // EducationHL ~ Secondary + Higher,MIN-leaf // PoorerHousehold~1 // EducationHL~Lower // aGroupHL~0-24,PoorerHousehold,Residence,EducationHL,aGroupHL,,,
MICS,Household,Kiribati,2019,1,No,LearningHL ~ PoorerHousehold + Residence + aGroupHL + EducationHL + Sex,18107.26014053,0.837252752738618,0.226752073340494,0.962462286109644,0.103099904226566,0.653494930095894,0.30896735601375,MAX-leaf // PoorerHousehold ~ 0 // EducationHL ~ Secondary + Higher,MIN-leaf // PoorerHousehold~1 // EducationHL~Lower // aGroupHL~0-24 // Sex~Male,PoorerHousehold,Residence,EducationHL,aGroupHL,Sex,,
MICS,Household,Kiribati,2019,1,No,WaterOnstieHL ~ PoorerHousehold + Residence + aGroupHL + EducationHL + Sex,18107.26014053,0.60084804997874,0.201500903411822,0.823067869752847,0.312459855829792,0.313173830729887,0.50989403902296,MAX-leaf // PoorerHousehold ~ 0 // Residence ~ Urban // EducationHL ~ Secondary + Higher,MIN-leaf // PoorerHousehold~1 // EducationHL~Lower,PoorerHousehold,Residence,EducationHL,aGroupHL,,,
MICS,Household,Kiribati,2019,1,No,HandwashHL ~ PoorerHousehold + Residence + aGroupHL + EducationHL + Sex,18107.26014053,0.602600967782,0.08049678860677,0.743003915170264,0.312459855829792,0.512746018234224,0.23025789693604,MAX-leaf // PoorerHousehold ~ 0 // Residence ~ Rural,MIN-leaf // PoorerHousehold~1 // EducationHL~Lower,PoorerHousehold,Residence,EducationHL,aGroupHL,Sex,,
MICS,Household,Kiribati,2019,1,No,SafeSanitationHL ~ PoorerHousehold + Residence + aGroupHL + EducationHL + Sex,18107.26014053,0.445508707015591,0.08049678860677,0.690517171483223,0.189951318401553,0.276761771973542,0.413755399509681,MAX-leaf // PoorerHousehold ~ 0 // Residence ~ Rural,MIN-leaf // PoorerHousehold~1 // EducationHL~Lower // aGroupHL~0-24,PoorerHousehold,Residence,EducationHL,aGroupHL,,,
MICS,Household,Kiribati,2019,1,No,NotCrowdedHL ~ PoorerHousehold + Residence + aGroupHL + EducationHL + Sex,18107.26014053,0.220192930517896,0.098429370844635,0.345426670518902,0.288377911199029,0.147203947368427,0.198222723150475,MAX-leaf // aGroupHL ~ 25-59 + 60+ // Residence ~ Rural // Sex ~ Male,MIN-leaf // aGroupHL~0-24 // Residence~Urban,aGroupHL,Residence,PoorerHousehold,EducationHL,Sex,,
MICS,Household,Kiribati,2019,1,Yes,Covid ~ PoorerHousehold + Residence + aGroupHL + EducationHL + Sex + Religion + Ethnicity,18107.26014053,0.059102768547701,0.06644334387794,0.127582849332691,0.151916445450033,0.010355816264399,0.117227033068292,MAX-leaf // PoorerHousehold ~ 0 // EducationHL ~ Secondary + Higher // aGroupHL ~ 25-59 + 60+ // Sex ~ Male,MIN-leaf // PoorerHousehold~1 // Religion~MinorReligion + RomanCatholic // aGroupHL~0-24,PoorerHousehold,Residence,EducationHL,aGroupHL,Religion,Sex,
MICS,Household,Kiribati,2019,1,Yes,LearningHL ~ PoorerHousehold + Residence + aGroupHL + EducationHL + Sex + Religion + Ethnicity,18107.26014053,0.837252752738618,0.226752073340494,0.962462286109644,0.121151205054075,0.635759657018613,0.326702629091031,MAX-leaf // PoorerHousehold ~ 0 // EducationHL ~ Secondary + Higher,MIN-leaf // PoorerHousehold~1 // EducationHL~Lower // Religion~RomanCatholic // aGroupHL~0-24,PoorerHousehold,Residence,EducationHL,Religion,aGroupHL,,
MICS,Household,Kiribati,2019,1,Yes,WaterOnstieHL ~ PoorerHousehold + Residence + aGroupHL + EducationHL + Sex + Religion + Ethnicity,18107.26014053,0.60084804997874,0.201500903411822,0.823067869752847,0.204293615755693,0.292392571257977,0.53067529849487,MAX-leaf // PoorerHousehold ~ 0 // Residence ~ Urban // EducationHL ~ Secondary + Higher,MIN-leaf // PoorerHousehold~1 // Religion~LatterDaySaints + RomanCatholic // EducationHL~Lower,PoorerHousehold,Residence,Religion,EducationHL,aGroupHL,,
MICS,Household,Kiribati,2019,1,Yes,HandwashHL ~ PoorerHousehold + Residence + aGroupHL + EducationHL + Sex + Religion + Ethnicity,18107.26014053,0.602600967782,0.063165940265201,0.733742785296093,0.223004650376985,0.500635590924518,0.233107194371575,MAX-leaf // PoorerHousehold ~ 0 // Religion ~ RomanCatholic + UnitingChurch // Residence ~ Rural,MIN-leaf // PoorerHousehold~1 // Religion~ProtestantChurch + RomanCatholic // EducationHL~Lower,PoorerHousehold,Residence,Religion,EducationHL,aGroupHL,Sex,
MICS,Household,Kiribati,2019,1,Yes,SafeSanitationHL ~ PoorerHousehold + Residence + aGroupHL + EducationHL + Sex + Religion + Ethnicity,18107.26014053,0.445508707015591,0.044230029521257,0.712723350574374,0.204293615755693,0.258228557658671,0.454494792915703,MAX-leaf // PoorerHousehold ~ 0 // Religion ~ MinorReligion + RomanCatholic // Residence ~ Rural,MIN-leaf // PoorerHousehold~1 // Religion~LatterDaySaints + RomanCatholic // EducationHL~Lower,PoorerHousehold,Residence,Religion,EducationHL,aGroupHL,Ethnicity,
MICS,Household,Kiribati,2019,1,Yes,NotCrowdedHL ~ PoorerHousehold + Residence + aGroupHL + EducationHL + Sex + Religion + Ethnicity,18107.26014053,0.220192930517896,0.092948972076148,0.36749209508305,0.186402169574373,0.137828668363023,0.229663426720027,MAX-leaf // aGroupHL ~ 25-59 + 60+ // Residence ~ Rural // Religion ~ LatterDaySaints + MinorReligion + ProtestantChurch + UnitingChurch,MIN-leaf // aGroupHL~0-24 // Residence~Urban // Religion~LatterDaySaints + RomanCatholic,aGroupHL,Residence,PoorerHousehold,EducationHL,Religion,Sex,Ethnicity
MICS,Household,Lao PDR,2017,1,No,Covid ~ PoorerHousehold + Residence + aGroupHL + EducationHL + Sex,104851.409038518,0.209386365237988,0.155677918508824,0.479876997261385,0.232299601421019,0.015938296331043,0.463938700930342,MAX-leaf // PoorerHousehold ~ 0 // EducationHL ~ Secondary + Higher,MIN-leaf // PoorerHousehold~1 // aGroupHL~0-24,PoorerHousehold,EducationHL,Residence,aGroupHL,Sex,,
MICS,Household,Lao PDR,2017,1,No,LearningHL ~ PoorerHousehold + Residence + aGroupHL + EducationHL + Sex,104851.409038518,0.948887807706104,0.600012619708639,0.999677333376575,0.107774491591193,0.846625738755246,0.153051594621329,MAX-leaf // PoorerHousehold ~ 0,MIN-leaf // PoorerHousehold~1 // Residence~Urban,PoorerHousehold,Residence,aGroupHL,Sex,EducationHL,,
MICS,Household,Lao PDR,2017,1,No,WaterOnstieHL ~ PoorerHousehold + Residence + aGroupHL + EducationHL + Sex,104851.409038518,0.774078341006818,0.103583557578344,0.984645959008248,0.117736948416804,0.522270926575908,0.46237503243234,MAX-leaf // PoorerHousehold ~ 0 // Residence ~ Urban // EducationHL ~ Secondary + Higher,MIN-leaf // PoorerHousehold~1 // aGroupHL~0-24 // Sex~Male,PoorerHousehold,Residence,EducationHL,aGroupHL,Sex,,
MICS,Household,Lao PDR,2017,1,No,HandwashHL ~ PoorerHousehold + Residence + aGroupHL + EducationHL + Sex,104851.409038518,0.54092399184899,0.103583557578344,0.827922717474049,0.107774491591193,0.263633919315736,0.564288798158313,MAX-leaf // PoorerHousehold ~ 0 // Residence ~ Urban // EducationHL ~ Secondary + Higher,MIN-leaf // PoorerHousehold~1 // Residence~Urban,PoorerHousehold,Residence,EducationHL,aGroupHL,Sex,,
MICS,Household,Lao PDR,2017,1,No,SafeSanitationHL ~ PoorerHousehold + Residence + aGroupHL + EducationHL + Sex,104851.409038518,0.703036154066928,0.103583557578344,0.964590900512791,0.169660047227675,0.359209346739783,0.605381553773008,MAX-leaf // PoorerHousehold ~ 0 // Residence ~ Urban // EducationHL ~ Secondary + Higher,MIN-leaf // PoorerHousehold~1 // Residence~Rural // aGroupHL~0-24,PoorerHousehold,Residence,EducationHL,aGroupHL,Sex,,
MICS,Household,Lao PDR,2017,1,No,NotCrowdedHL ~ PoorerHousehold + Residence + aGroupHL + EducationHL + Sex,104851.409038518,0.34453715375518,0.155677918508824,0.601221632142955,0.114562653004198,0.109167701376598,0.492053930766357,MAX-leaf // PoorerHousehold ~ 0 // EducationHL ~ Secondary + Higher,MIN-leaf // PoorerHousehold~1 // aGroupHL~0-24 // Sex~Female,PoorerHousehold,EducationHL,aGroupHL,Residence,Sex,,
MICS,Household,Lao PDR,2017,1,Yes,Covid ~ PoorerHousehold + Residence + aGroupHL + EducationHL + Sex + Religion,104851.409038518,0.209386365237988,0.098566542164506,0.502270287063343,0.152999704641375,0.009222728850977,0.493047558212366,MAX-leaf // PoorerHousehold ~ 0 // EducationHL ~ Secondary + Higher // aGroupHL ~ 25-59 + 60+,MIN-leaf // PoorerHousehold~1 // Religion~ANIMIST + MinorReligion // aGroupHL~0-24,PoorerHousehold,Religion,EducationHL,Residence,aGroupHL,Sex,
MICS,Household,Lao PDR,2017,1,Yes,LearningHL ~ PoorerHousehold + Residence + aGroupHL + EducationHL + Sex + Religion,104851.409038518,0.948887807706104,0.600012619708639,0.999677333376575,0.072252874451055,0.816183457274361,0.183493876102214,MAX-leaf // PoorerHousehold ~ 0,MIN-leaf // PoorerHousehold~1 // Religion~ANIMIST // Residence~Urban,PoorerHousehold,Religion,Residence,Sex,aGroupHL,EducationHL,
MICS,Household,Lao PDR,2017,1,Yes,WaterOnstieHL ~ PoorerHousehold + Residence + aGroupHL + EducationHL + Sex + Religion,104851.409038518,0.774078341006818,0.103583557578344,0.984645959008248,0.108592443114365,0.481742189243451,0.502903769764797,MAX-leaf // PoorerHousehold ~ 0 // Residence ~ Urban // EducationHL ~ Secondary + Higher,MIN-leaf // PoorerHousehold~1 // Religion~ANIMIST + MinorReligion // aGroupHL~0-24 // Residence~Rural,PoorerHousehold,Religion,Residence,EducationHL,aGroupHL,Sex,
MICS,Household,Lao PDR,2017,1,Yes,HandwashHL ~ PoorerHousehold + Residence + aGroupHL + EducationHL + Sex + Religion,104851.409038518,0.54092399184899,0.103583557578344,0.827922717474049,0.072252874451055,0.195048295826697,0.632874421647352,MAX-leaf // PoorerHousehold ~ 0 // Residence ~ Urban // EducationHL ~ Secondary + Higher,MIN-leaf // PoorerHousehold~1 // Religion~ANIMIST // Residence~Urban,PoorerHousehold,Religion,Residence,EducationHL,aGroupHL,Sex,
MICS,Household,Lao PDR,2017,1,Yes,SafeSanitationHL ~ PoorerHousehold + Residence + aGroupHL + EducationHL + Sex + Religion,104851.409038518,0.703036154066928,0.103583557578344,0.964590900512791,0.084450765988606,0.326733334976634,0.637857565536157,MAX-leaf // PoorerHousehold ~ 0 // Residence ~ Urban // EducationHL ~ Secondary + Higher,MIN-leaf // PoorerHousehold~1 // Religion~BUDDHIST + MinorReligion // aGroupHL~0-24,PoorerHousehold,Religion,Residence,aGroupHL,EducationHL,Sex,
MICS,Household,Lao PDR,2017,1,Yes,NotCrowdedHL ~ PoorerHousehold + Residence + aGroupHL + EducationHL + Sex + Religion,104851.409038518,0.34453715375518,0.068634059522795,0.620508051481506,0.108592443114365,0.084239912400217,0.536268139081289,MAX-leaf // PoorerHousehold ~ 0 // EducationHL ~ Secondary + Higher // Sex ~ Female,MIN-leaf // PoorerHousehold~1 // aGroupHL~0-24 // Religion~ANIMIST + MinorReligion // Residence~Rural,PoorerHousehold,Religion,EducationHL,aGroupHL,Residence,Sex,
MICS,Household,Mongolia,2018,1,No,Covid ~ PoorerHousehold + Residence + aGroupHL + EducationHL + Sex,32735.442608756,0.203935675439427,0.121244125558428,0.337741217916855,0.075272867632746,0.012567520432167,0.325173697484688,MAX-leaf // PoorerHousehold ~ 0 // EducationHL ~ Higher // Sex ~ Male,MIN-leaf // PoorerHousehold~1 // aGroupHL~0-24,PoorerHousehold,EducationHL,Residence,aGroupHL,Sex,,
MICS,Household,Mongolia,2018,1,No,LearningHL ~ PoorerHousehold + Residence + aGroupHL + EducationHL + Sex,50057.4393372738,0.964840971765766,0.146027768432585,0.998281194010064,0.115595802016507,0.890508084692671,0.107773109317393,MAX-leaf // PoorerHousehold ~ 0 // aGroupHL ~ 25-59 // EducationHL ~ Higher,MIN-leaf // PoorerHousehold~1 // Residence~Rural // aGroupHL~25-59,PoorerHousehold,Residence,EducationHL,aGroupHL,Sex,,
MICS,Household,Mongolia,2018,1,No,WaterOnstieHL ~ PoorerHousehold + Residence + aGroupHL + EducationHL + Sex,50057.4393372738,0.336146275029806,0.204612477210489,0.653205012523432,0.115595802016507,0.048549277504804,0.604655735018628,MAX-leaf // PoorerHousehold ~ 0 // EducationHL ~ Higher,MIN-leaf // PoorerHousehold~1 // Residence~Rural // aGroupHL~25-59,PoorerHousehold,Residence,EducationHL,aGroupHL,Sex,,
MICS,Household,Mongolia,2018,1,No,HandwashHL ~ PoorerHousehold + Residence + aGroupHL + EducationHL + Sex,50057.4393372738,0.81990018630733,0.204612477210489,0.929685982833819,0.115595802016507,0.670045116806701,0.259640866027118,MAX-leaf // PoorerHousehold ~ 0 // EducationHL ~ Higher,MIN-leaf // PoorerHousehold~1 // Residence~Rural // aGroupHL~25-59,PoorerHousehold,Residence,EducationHL,aGroupHL,,,
MICS,Household,Mongolia,2018,1,No,SafeSanitationHL ~ PoorerHousehold + Residence + aGroupHL + EducationHL + Sex,50057.4393372738,0.68841253219662,0.204612477210489,0.880364578727077,0.115595802016507,0.396497564451818,0.483867014275259,MAX-leaf // PoorerHousehold ~ 0 // EducationHL ~ Higher,MIN-leaf // PoorerHousehold~1 // Residence~Rural // aGroupHL~25-59,PoorerHousehold,Residence,EducationHL,aGroupHL,,,
MICS,Household,Mongolia,2018,1,No,NotCrowdedHL ~ PoorerHousehold + Residence + aGroupHL + EducationHL + Sex,32735.442608756,0.374326268723208,0.238207159419733,0.489679283618921,0.075272867632746,0.104202587862353,0.385476695756568,MAX-leaf // aGroupHL ~ 25-59 + 60+ // PoorerHousehold ~ 0 // EducationHL ~ Higher,MIN-leaf // aGroupHL~0-24 // PoorerHousehold~1,aGroupHL,PoorerHousehold,EducationHL,Sex,Residence,,
MICS,Household,Mongolia,2018,1,Yes,Covid ~ PoorerHousehold + Residence + aGroupHL + EducationHL + Sex + Religion + Ethnicity,32735.442608756,0.203935675439427,0.066562915605091,0.358133526141502,0.128729984921131,0.009867435259311,0.348266090882191,MAX-leaf // PoorerHousehold ~ 0 // EducationHL ~ Higher // Religion ~ Buddhist + Muslim // Sex ~ Male,MIN-leaf // PoorerHousehold~1 // Ethnicity~Khalkh + MinorEthnicity,PoorerHousehold,EducationHL,Religion,Residence,Ethnicity,aGroupHL,Sex
MICS,Household,Mongolia,2018,1,Yes,LearningHL ~ PoorerHousehold + Residence + aGroupHL + EducationHL + Sex + Religion + Ethnicity,50057.4393372738,0.964840971765766,0.085441624266959,0.999079975543659,0.038304186487016,0.85555780471831,0.143522170825349,MAX-leaf // PoorerHousehold ~ 0 // Religion ~ Buddhist + NoReligion // EducationHL ~ Lower,MIN-leaf // PoorerHousehold~1 // Residence~Rural // Ethnicity~Kazakh + MinorEthnicity // Sex~Male,PoorerHousehold,Residence,Ethnicity,Religion,EducationHL,Sex,aGroupHL
MICS,Household,Mongolia,2018,1,Yes,WaterOnstieHL ~ PoorerHousehold + Residence + aGroupHL + EducationHL + Sex + Religion + Ethnicity,50057.4393372738,0.336146275029806,0.083592011107546,0.670330363009493,0.055466295038713,0.026645267212642,0.643685095796851,MAX-leaf // PoorerHousehold ~ 0 // EducationHL ~ Higher // Sex ~ Male,MIN-leaf // PoorerHousehold~1 // Ethnicity~Khalkh // Religion~Muslim + NoReligion // Residence~Urban,PoorerHousehold,Residence,EducationHL,Ethnicity,Religion,aGroupHL,Sex
MICS,Household,Mongolia,2018,1,Yes,HandwashHL ~ PoorerHousehold + Residence + aGroupHL + EducationHL + Sex + Religion + Ethnicity,50057.4393372738,0.81990018630733,0.121020466102941,0.933439508070096,0.05257131335703,0.62183447663851,0.311605031431586,MAX-leaf // PoorerHousehold ~ 0 // EducationHL ~ Higher // Sex ~ Female,MIN-leaf // PoorerHousehold~1 // Ethnicity~MinorEthnicity // Residence~Rural,PoorerHousehold,Residence,Ethnicity,Religion,EducationHL,aGroupHL,Sex
MICS,Household,Mongolia,2018,1,Yes,SafeSanitationHL ~ PoorerHousehold + Residence + aGroupHL + EducationHL + Sex + Religion + Ethnicity,50057.4393372738,0.68841253219662,0.111138660011133,0.887534535667772,0.057725050496436,0.35785367345919,0.529680862208582,MAX-leaf // PoorerHousehold ~ 0 // EducationHL ~ Higher // Religion ~ Buddhist + Muslim,MIN-leaf // PoorerHousehold~1 // Residence~Rural // Religion~Buddhist // aGroupHL~25-59,PoorerHousehold,Residence,Ethnicity,Religion,EducationHL,aGroupHL,Sex
MICS,Household,Mongolia,2018,1,Yes,NotCrowdedHL ~ PoorerHousehold + Residence + aGroupHL + EducationHL + Sex + Religion + Ethnicity,32735.442608756,0.374326268723208,0.089937492641542,0.631174904922497,0.056416168733891,0.076873580902237,0.55430132402026,MAX-leaf // aGroupHL ~ 60+,MIN-leaf // aGroupHL~0-24 // PoorerHousehold~1 // Ethnicity~Khalkh + MinorEthnicity,aGroupHL,PoorerHousehold,EducationHL,Religion,Ethnicity,Sex,Residence
MICS,Household,Nepal,2019,1,No,Covid ~ PoorerHousehold + Residence + aGroupHL + EducationHL + Sex,53815.3510770144,0.333792762124278,0.120641916666798,0.533847749842198,0.10309538208147,0.163576565237774,0.370271184604424,MAX-leaf // PoorerHousehold ~ 0 // EducationHL ~ Secondary + Higher,MIN-leaf // PoorerHousehold~1 // aGroupHL~0-24 // Sex~Female,PoorerHousehold,aGroupHL,Residence,EducationHL,Sex,,
MICS,Household,Nepal,2019,1,No,LearningHL ~ PoorerHousehold + Residence + aGroupHL + EducationHL + Sex,53815.3510770144,0.972960542161447,0.120641916666798,0.999554417860617,0.098757660331641,0.929643519605859,0.069910898254758,MAX-leaf // PoorerHousehold ~ 0 // EducationHL ~ Secondary + Higher,MIN-leaf // PoorerHousehold~1 // aGroupHL~25-59 + 60+ // Residence~Rural,PoorerHousehold,Residence,aGroupHL,EducationHL,Sex,,
MICS,Household,Nepal,2019,1,No,WaterOnstieHL ~ PoorerHousehold + Residence + aGroupHL + EducationHL + Sex,53815.3510770144,0.779917562939415,0.126679662240309,0.906268075167952,0.10142206035766,0.55160848581258,0.354659589355372,MAX-leaf // PoorerHousehold ~ 0 // Residence ~ Rural,MIN-leaf // PoorerHousehold~1 // Residence~Rural // aGroupHL~0-24,PoorerHousehold,Residence,aGroupHL,EducationHL,Sex,,
MICS,Household,Nepal,2019,1,No,HandwashHL ~ PoorerHousehold + Residence + aGroupHL + EducationHL + Sex,53815.3510770144,0.844129159154043,0.120641916666798,0.971285208795585,0.127209918117691,0.668151542332355,0.30313366646323,MAX-leaf // PoorerHousehold ~ 0 // EducationHL ~ Secondary + Higher,MIN-leaf // PoorerHousehold~1 // Residence~Rural // aGroupHL~0-24 + 60+,PoorerHousehold,Residence,EducationHL,aGroupHL,Sex,,
MICS,Household,Nepal,2019,1,No,SafeSanitationHL ~ PoorerHousehold + Residence + aGroupHL + EducationHL + Sex,53815.3510770144,0.784350271862487,0.164883961832135,0.842516954529361,0.213855478638377,0.717242093115384,0.125274861413977,MAX-leaf // Residence ~ Rural // aGroupHL ~ 25-59 + 60+,MIN-leaf // Residence~Urban // aGroupHL~0-24 // PoorerHousehold~0,Residence,aGroupHL,PoorerHousehold,Sex,EducationHL,,
MICS,Household,Nepal,2019,1,No,NotCrowdedHL ~ PoorerHousehold + Residence + aGroupHL + EducationHL + Sex,53815.3510770144,0.532541889998785,0.146082136681827,0.706649579088504,0.093630910805261,0.343053575722982,0.363596003365522,MAX-leaf // EducationHL ~ Secondary + Higher,MIN-leaf // EducationHL~Lower // aGroupHL~0-24 // PoorerHousehold~1 // Sex~Female,aGroupHL,EducationHL,PoorerHousehold,Residence,Sex,,
MICS,Household,Nepal,2019,1,Yes,Covid ~ PoorerHousehold + Residence + aGroupHL + EducationHL + Sex + Religion + Language,53815.3510770144,0.333792762124278,0.083041254099433,0.53573753661627,0.097898750525682,0.132389480349485,0.403348056266785,MAX-leaf // PoorerHousehold ~ 0 // Language ~ Nepali // aGroupHL ~ 25-59 + 60+ // Sex ~ Female,MIN-leaf // PoorerHousehold~1 // Language~Bhojpuri + Maithili + MinorLanguage // aGroupHL~0-24,PoorerHousehold,Language,Residence,aGroupHL,Religion,Sex,EducationHL
MICS,Household,Nepal,2019,1,Yes,LearningHL ~ PoorerHousehold + Residence + aGroupHL + EducationHL + Sex + Religion + Language,53815.3510770144,0.972960542161447,0.304522713509,0.998292102292956,0.047588232012576,0.88349889288202,0.114793209410936,MAX-leaf // PoorerHousehold ~ 0 // Language ~ Nepali + Tharu,MIN-leaf // PoorerHousehold~1 // aGroupHL~60+,PoorerHousehold,aGroupHL,Residence,Language,Religion,EducationHL,Sex
MICS,Household,Nepal,2019,1,Yes,WaterOnstieHL ~ PoorerHousehold + Residence + aGroupHL + EducationHL + Sex + Religion + Language,53815.3510770144,0.779917562939415,0.041822483504977,0.948198228369673,0.086739771555401,0.526305036436022,0.421893191933651,MAX-leaf // PoorerHousehold ~ 0 // Language ~ Maithili + Tharu // Residence ~ Rural,MIN-leaf // PoorerHousehold~1 // Language~Bhojpuri + Nepali // Residence~Urban,PoorerHousehold,Residence,Language,Religion,aGroupHL,EducationHL,Sex
MICS,Household,Nepal,2019,1,Yes,HandwashHL ~ PoorerHousehold + Residence + aGroupHL + EducationHL + Sex + Religion + Language,53815.3510770144,0.844129159154043,0.105350338811642,0.974259149589357,0.102403291949214,0.64027429427521,0.333984855314147,MAX-leaf // PoorerHousehold ~ 0 // Language ~ MinorLanguage + Nepali + Tharu // EducationHL ~ Secondary + Higher,MIN-leaf // PoorerHousehold~1 // Language~Bhojpuri + MinorLanguage // aGroupHL~0-24 + 60+,PoorerHousehold,Residence,Language,aGroupHL,Religion,EducationHL,Sex
MICS,Household,Nepal,2019,1,Yes,SafeSanitationHL ~ PoorerHousehold + Residence + aGroupHL + EducationHL + Sex + Religion + Language,53815.3510770144,0.784350271862487,0.048805297826379,0.906197778149386,0.071919851412776,0.651441923681107,0.254755854468279,MAX-leaf // Language ~ Nepali + Tharu // Residence ~ Rural // PoorerHousehold ~ 0,MIN-leaf // Language~Bhojpuri,Language,Residence,PoorerHousehold,aGroupHL,Religion,EducationHL,Sex
MICS,Household,Nepal,2019,1,Yes,NotCrowdedHL ~ PoorerHousehold + Residence + aGroupHL + EducationHL + Sex + Religion + Language,53815.3510770144,0.532541889998785,0.080944692385523,0.749235108539899,0.092084969398241,0.306156584059302,0.443078524480597,MAX-leaf // EducationHL ~ Secondary + Higher // Language ~ Nepali,MIN-leaf // EducationHL~Lower // aGroupHL~0-24 // Language~Bhojpuri + Maithili + MinorLanguage // PoorerHousehold~1,aGroupHL,EducationHL,Language,PoorerHousehold,Residence,Religion,Sex
MICS,Household,Thailand,2019,1,No,Covid ~ PoorerHousehold + Residence + aGroupHL + EducationHL + Sex,101019.503759146,0.607237780804198,0.148135502460532,0.727342332752123,0.111982309528492,0.386562661837733,0.34077967091439,MAX-leaf // PoorerHousehold ~ 0 // aGroupHL ~ 25-59 + 60+ // EducationHL ~ Higher,MIN-leaf // PoorerHousehold~1 // aGroupHL~0-24,PoorerHousehold,aGroupHL,EducationHL,Sex,Residence,,
MICS,Household,Thailand,2019,1,No,LearningHL ~ PoorerHousehold + Residence + aGroupHL + EducationHL + Sex,101019.503759146,0.992878419504811,0.165652152150972,0.999591475342918,0.09828010122805,0.970609888253155,0.028981587089763,MAX-leaf // PoorerHousehold ~ 0 // aGroupHL ~ 0-24,MIN-leaf // PoorerHousehold~1 // aGroupHL~60+,PoorerHousehold,aGroupHL,Residence,EducationHL,,,
MICS,Household,Thailand,2019,1,No,WaterOnstieHL ~ PoorerHousehold + Residence + aGroupHL + EducationHL + Sex,101019.503759146,0.994443517223908,0.325039906085925,0.999505875140446,0.078288937548972,0.980510869140356,0.01899500600009,MAX-leaf // PoorerHousehold ~ 0 // Residence ~ Urban,MIN-leaf // PoorerHousehold~1 // Residence~Rural // aGroupHL~0-24,PoorerHousehold,Residence,aGroupHL,EducationHL,,,
MICS,Household,Thailand,2019,1,No,HandwashHL ~ PoorerHousehold + Residence + aGroupHL + EducationHL + Sex,101019.503759146,0.841267058561126,0.136457764740232,0.905918796455535,0.095601633173609,0.746588860566091,0.159329935889444,MAX-leaf // PoorerHousehold ~ 0 // Residence ~ Rural // aGroupHL ~ 0-24 + 60+,MIN-leaf // PoorerHousehold~1 // aGroupHL~25-59 // Sex~Male,PoorerHousehold,Residence,aGroupHL,Sex,EducationHL,,
MICS,Household,Thailand,2019,1,No,SafeSanitationHL ~ PoorerHousehold + Residence + aGroupHL + EducationHL + Sex,101019.503759146,0.968142004732947,0.136457764740232,0.988589526714039,0.129502195113586,0.928573790365137,0.060015736348902,MAX-leaf // PoorerHousehold ~ 0 // Residence ~ Rural // aGroupHL ~ 0-24 + 60+,MIN-leaf // PoorerHousehold~1 // Residence~Urban,PoorerHousehold,Residence,aGroupHL,EducationHL,Sex,,
MICS,Household,Thailand,2019,1,No,NotCrowdedHL ~ PoorerHousehold + Residence + aGroupHL + EducationHL + Sex,101019.503759146,0.754907529805024,0.24081935120924,0.865269622678678,0.111982309528492,0.514028525874044,0.351241096804634,MAX-leaf // aGroupHL ~ 25-59 + 60+ // PoorerHousehold ~ 0 // Residence ~ Urban,MIN-leaf // aGroupHL~0-24 // PoorerHousehold~1,aGroupHL,PoorerHousehold,Residence,EducationHL,Sex,,
MICS,Household,Thailand,2019,1,Yes,Covid ~ PoorerHousehold + Residence + aGroupHL + EducationHL + Sex + Language + Religion,101019.503759146,0.607237780804198,0.117554771088023,0.744150312885241,0.052496483034786,0.379138111903305,0.365012200981936,MAX-leaf // PoorerHousehold ~ 0 // aGroupHL ~ 60+,MIN-leaf // PoorerHousehold~1 // aGroupHL~0-24 // Sex~Female,PoorerHousehold,aGroupHL,Language,EducationHL,Sex,Residence,Religion
MICS,Household,Thailand,2019,1,Yes,LearningHL ~ PoorerHousehold + Residence + aGroupHL + EducationHL + Sex + Language + Religion,101019.503759146,0.992878419504811,0.223174395232773,0.99938676127823,0.09828010122805,0.970609888253155,0.028776873025075,MAX-leaf // PoorerHousehold ~ 0 // aGroupHL ~ 0-24 + 25-59 // Residence ~ Rural,MIN-leaf // PoorerHousehold~1 // aGroupHL~60+,PoorerHousehold,aGroupHL,Residence,Religion,Language,Sex,EducationHL
MICS,Household,Thailand,2019,1,Yes,WaterOnstieHL ~ PoorerHousehold + Residence + aGroupHL + EducationHL + Sex + Language + Religion,101019.503759146,0.994443517223908,0.311809503922114,0.999722663979568,0.052015024393815,0.942146984606203,0.057575679373365,MAX-leaf // Religion ~ BUDDHISM + MinorReligion + NoReligion // PoorerHousehold ~ 0 // Residence ~ Urban,MIN-leaf // Religion~ISLAM,Religion,PoorerHousehold,aGroupHL,EducationHL,Residence,Language,Sex
MICS,Household,Thailand,2019,1,Yes,HandwashHL ~ PoorerHousehold + Residence + aGroupHL + EducationHL + Sex + Language + Religion,101019.503759146,0.841267058561126,0.070490828510095,0.909043100032332,0.041017423545477,0.715129240122214,0.193913859910118,MAX-leaf // PoorerHousehold ~ 0 // Residence ~ Rural // aGroupHL ~ 0-24 + 60+ // Sex ~ Female,MIN-leaf // PoorerHousehold~1 // Language~MinorLanguage,PoorerHousehold,Language,Residence,aGroupHL,Sex,EducationHL,Religion
MICS,Household,Thailand,2019,1,Yes,SafeSanitationHL ~ PoorerHousehold + Residence + aGroupHL + EducationHL + Sex + Language + Religion,101019.503759146,0.968142004732947,0.070490828510095,0.991112406847014,0.065955619954712,0.910035348435645,0.081077058411369,MAX-leaf // PoorerHousehold ~ 0 // Residence ~ Rural // aGroupHL ~ 0-24 + 60+ // Sex ~ Female,MIN-leaf // PoorerHousehold~1 // Residence~Urban // aGroupHL~25-59,PoorerHousehold,Residence,aGroupHL,Language,Religion,EducationHL,Sex
MICS,Household,Thailand,2019,1,Yes,NotCrowdedHL ~ PoorerHousehold + Residence + aGroupHL + EducationHL + Sex + Language + Religion,101019.503759146,0.754907529805024,0.099505268618054,0.895877408308734,0.052496483034786,0.499296652257539,0.396580756051195,MAX-leaf // aGroupHL ~ 25-59 + 60+ // PoorerHousehold ~ 0 // Residence ~ Urban // EducationHL ~ Higher,MIN-leaf // aGroupHL~0-24 // PoorerHousehold~1 // Sex~Female,aGroupHL,PoorerHousehold,Residence,Language,EducationHL,Sex,Religion
MICS,Household,Tonga,2019,1,No,Covid ~ PoorerHousehold + Residence + aGroupHL + EducationHL + Sex,13232.1309812147,0.416336149175428,0.118441151323268,0.632853497743982,0.220598787129016,0.178290628562375,0.454562869181607,MAX-leaf // PoorerHousehold ~ 0 // EducationHL ~ Secondary + Higher // aGroupHL ~ 0-24 + 60+,MIN-leaf // PoorerHousehold~1 // aGroupHL~0-24,PoorerHousehold,EducationHL,aGroupHL,Sex,Residence,,
MICS,Household,Tonga,2019,1,No,LearningHL ~ PoorerHousehold + Residence + aGroupHL + EducationHL + Sex,13232.1309812147,0.99827634521271,0.600170271711879,1,0.080729783173347,0.991232927660978,0.008767072339022,MAX-leaf // PoorerHousehold ~ 0,MIN-leaf // PoorerHousehold~1 // aGroupHL~25-59 + 60+ // EducationHL~Lower,PoorerHousehold,EducationHL,aGroupHL,,,,
MICS,Household,Tonga,2019,1,No,WaterOnstieHL ~ PoorerHousehold + Residence + aGroupHL + EducationHL + Sex,13232.1309812147,0.985333081806286,0.185441350979821,0.998390049646088,0.141739691977134,0.965254603879378,0.03313544576671,MAX-leaf // PoorerHousehold ~ 0 // Residence ~ Urban,MIN-leaf // PoorerHousehold~1 // aGroupHL~25-59,PoorerHousehold,aGroupHL,EducationHL,Residence,Sex,,
MICS,Household,Tonga,2019,1,No,HandwashHL ~ PoorerHousehold + Residence + aGroupHL + EducationHL + Sex,13232.1309812147,0.761946554110936,0.185441350979821,0.904684660054883,0.131216591081609,0.576727473564198,0.327957186490685,MAX-leaf // PoorerHousehold ~ 0 // Residence ~ Urban,MIN-leaf // PoorerHousehold~1 // EducationHL~Lower // Sex~Male,PoorerHousehold,Residence,EducationHL,aGroupHL,Sex,,
MICS,Household,Tonga,2019,1,No,SafeSanitationHL ~ PoorerHousehold + Residence + aGroupHL + EducationHL + Sex,13232.1309812147,0.917565157097581,0.185441350979821,0.982705310367371,0.131216591081609,0.820032296944524,0.162673013422847,MAX-leaf // PoorerHousehold ~ 0 // Residence ~ Urban,MIN-leaf // PoorerHousehold~1 // EducationHL~Lower // Sex~Male,PoorerHousehold,EducationHL,Residence,aGroupHL,Sex,,
MICS,Household,Tonga,2019,1,No,NotCrowdedHL ~ PoorerHousehold + Residence + aGroupHL + EducationHL + Sex,13232.1309812147,0.551118485607396,0.137215331780285,0.728386335504066,0.109261682235165,0.325359538071328,0.403026797432738,MAX-leaf // PoorerHousehold ~ 0 // EducationHL ~ Secondary + Higher // Sex ~ Male,MIN-leaf // PoorerHousehold~1 // aGroupHL~0-24 // Sex~Female,PoorerHousehold,aGroupHL,EducationHL,Sex,Residence,,
MICS,Household,Tonga,2019,1,Yes,Covid ~ PoorerHousehold + Residence + aGroupHL + EducationHL + Sex + Religion + Ethnicity,13232.1309812147,0.416336149175428,0.081549866285808,0.70427909115932,0.098020217729675,0.117941386629145,0.586337704530175,MAX-leaf // PoorerHousehold ~ 0 // EducationHL ~ Higher,MIN-leaf // PoorerHousehold~1 // Religion~LatterDaySaints + MinorReligion + RomanCatholic // EducationHL~Lower // aGroupHL~0-24,PoorerHousehold,EducationHL,Religion,aGroupHL,Sex,Residence,Ethnicity
MICS,Household,Tonga,2019,1,Yes,LearningHL ~ PoorerHousehold + Residence + aGroupHL + EducationHL + Sex + Religion + Ethnicity,13232.1309812147,0.99827634521271,0.600170271711879,1,0.045098410301458,0.975362703341696,0.024637296658304,MAX-leaf // PoorerHousehold ~ 0,MIN-leaf // PoorerHousehold~1 // Residence~Urban,Residence,PoorerHousehold,Religion,EducationHL,aGroupHL,Ethnicity,
MICS,Household,Tonga,2019,1,Yes,WaterOnstieHL ~ PoorerHousehold + Residence + aGroupHL + EducationHL + Sex + Religion + Ethnicity,13232.1309812147,0.985333081806286,0.219691089106874,1,0.081197743987407,0.932566614563539,0.067433385436461,MAX-leaf // PoorerHousehold ~ 0 // Religion ~ LatterDaySaints + MinorReligion,MIN-leaf // PoorerHousehold~1 // Religion~LatterDaySaints,Religion,PoorerHousehold,aGroupHL,Residence,Ethnicity,EducationHL,
MICS,Household,Tonga,2019,1,Yes,HandwashHL ~ PoorerHousehold + Residence + aGroupHL + EducationHL + Sex + Religion + Ethnicity,13232.1309812147,0.761946554110936,0.043992355116683,0.944108358230013,0.084882794701655,0.570145205546312,0.373963152683701,MAX-leaf // PoorerHousehold ~ 0 // Residence ~ Urban // Religion ~ RomanCatholic,MIN-leaf // PoorerHousehold~1 // Religion~MinorReligion,PoorerHousehold,Religion,Residence,EducationHL,aGroupHL,Ethnicity,Sex
MICS,Household,Tonga,2019,1,Yes,SafeSanitationHL ~ PoorerHousehold + Residence + aGroupHL + EducationHL + Sex + Religion + Ethnicity,13232.1309812147,0.917565157097581,0.060622288447182,0.99265325317188,0.084882794701655,0.760434746174422,0.232218506997458,MAX-leaf // PoorerHousehold ~ 0 // Religion ~ LatterDaySaints + RomanCatholic // EducationHL ~ Lower + Secondary // Residence ~ Urban,MIN-leaf // PoorerHousehold~1 // Religion~MinorReligion,PoorerHousehold,Religion,EducationHL,aGroupHL,Residence,Ethnicity,
MICS,Household,Tonga,2019,1,Yes,NotCrowdedHL ~ PoorerHousehold + Residence + aGroupHL + EducationHL + Sex + Religion + Ethnicity,13232.1309812147,0.551118485607396,0.081549866285808,0.790500493171586,0.127405069568846,0.292541235110074,0.497959258061512,MAX-leaf // PoorerHousehold ~ 0 // EducationHL ~ Higher,MIN-leaf // PoorerHousehold~1 // aGroupHL~0-24 // Religion~LatterDaySaints + MinorReligion + RomanCatholic,PoorerHousehold,EducationHL,aGroupHL,Religion,Sex,Residence,Ethnicity
MICS,Household,Viet Nam,2013,1,No,Covid ~ PoorerHousehold + Residence + aGroupHL + EducationHL + Sex,38506.1347546342,0.437437835729284,0.117306977719472,0.713417323689043,0.166793317760227,0.134421581600767,0.578995742088276,MAX-leaf // PoorerHousehold ~ 0 // EducationHL ~ Higher,MIN-leaf // PoorerHousehold~1 // aGroupHL~0-24,PoorerHousehold,Residence,EducationHL,aGroupHL,Sex,,
MICS,Household,Viet Nam,2013,1,No,LearningHL ~ PoorerHousehold + Residence + aGroupHL + EducationHL + Sex,38506.1347546342,0.989232638467271,0.600108266671447,0.999867725350799,0.201829140300168,0.966695882081298,0.033171843269501,MAX-leaf // PoorerHousehold ~ 0,MIN-leaf // PoorerHousehold~1 // Sex~Female,PoorerHousehold,Sex,Residence,aGroupHL,EducationHL,,
MICS,Household,Viet Nam,2013,1,No,WaterOnstieHL ~ PoorerHousehold + Residence + aGroupHL + EducationHL + Sex,38506.1347546342,0.898702007074325,0.27817288703581,0.991728727365405,0.166793317760227,0.75195064857725,0.239778078788155,MAX-leaf // PoorerHousehold ~ 0 // Residence ~ Urban,MIN-leaf // PoorerHousehold~1 // aGroupHL~0-24,PoorerHousehold,Residence,aGroupHL,EducationHL,,,
MICS,Household,Viet Nam,2013,1,No,HandwashHL ~ PoorerHousehold + Residence + aGroupHL + EducationHL + Sex,38506.1347546342,0.893484506567181,0.23493773392394,0.967367491738846,0.166793317760227,0.775160477510405,0.192207014228441,MAX-leaf // PoorerHousehold ~ 0 // EducationHL ~ Secondary + Higher,MIN-leaf // PoorerHousehold~1 // aGroupHL~0-24,PoorerHousehold,Residence,aGroupHL,EducationHL,Sex,,
MICS,Household,Viet Nam,2013,1,No,SafeSanitationHL ~ PoorerHousehold + Residence + aGroupHL + EducationHL + Sex,38506.1347546342,0.782321547970092,0.117306977719472,0.97289141407422,0.166793317760227,0.488795041420092,0.484096372654128,MAX-leaf // PoorerHousehold ~ 0 // EducationHL ~ Higher,MIN-leaf // PoorerHousehold~1 // aGroupHL~0-24,PoorerHousehold,Residence,aGroupHL,EducationHL,Sex,,
MICS,Household,Viet Nam,2013,1,No,NotCrowdedHL ~ PoorerHousehold + Residence + aGroupHL + EducationHL + Sex,38506.1347546342,0.567577742708762,0.117306977719472,0.757559892627997,0.166793317760227,0.329235881207464,0.428324011420533,MAX-leaf // PoorerHousehold ~ 0 // EducationHL ~ Higher,MIN-leaf // PoorerHousehold~1 // aGroupHL~0-24,PoorerHousehold,aGroupHL,EducationHL,Residence,Sex,,
MICS,Household,Viet Nam,2013,1,Yes,Covid ~ PoorerHousehold + Residence + aGroupHL + EducationHL + Sex + Religion + Ethnicity,38506.1347546342,0.437437835729284,0.097891122009762,0.737209698268057,0.061398452970948,0.056931928362206,0.680277769905851,MAX-leaf // PoorerHousehold ~ 0 // EducationHL ~ Higher // Religion ~ NoReligion,MIN-leaf // PoorerHousehold~1 // Ethnicity~MinorEthnicity // aGroupHL~0-24,PoorerHousehold,Ethnicity,Residence,Religion,EducationHL,aGroupHL,Sex
MICS,Household,Viet Nam,2013,1,Yes,LearningHL ~ PoorerHousehold + Residence + aGroupHL + EducationHL + Sex + Religion + Ethnicity,38506.1347546342,0.989232638467271,0.600108266671447,0.999867725350799,0.071533741120983,0.954116833614527,0.045750891736272,MAX-leaf // PoorerHousehold ~ 0,MIN-leaf // PoorerHousehold~1 // Ethnicity~MinorEthnicity // aGroupHL~0-24 + 60+,PoorerHousehold,Ethnicity,aGroupHL,Sex,Residence,Religion,EducationHL
MICS,Household,Viet Nam,2013,1,Yes,WaterOnstieHL ~ PoorerHousehold + Residence + aGroupHL + EducationHL + Sex + Religion + Ethnicity,38506.1347546342,0.898702007074325,0.229620197832773,0.993104631268326,0.061398452970948,0.611096982842724,0.382007648425602,MAX-leaf // PoorerHousehold ~ 0 // Residence ~ Urban // Religion ~ Catholic + MinorReligion + NoReligion,MIN-leaf // PoorerHousehold~1 // Ethnicity~MinorEthnicity // aGroupHL~0-24,PoorerHousehold,Ethnicity,Residence,Religion,aGroupHL,EducationHL,Sex
MICS,Household,Viet Nam,2013,1,Yes,HandwashHL ~ PoorerHousehold + Residence + aGroupHL + EducationHL + Sex + Religion + Ethnicity,38506.1347546342,0.893484506567181,0.186568762212338,0.97338386998156,0.061398452970948,0.668020329348017,0.305363540633543,MAX-leaf // PoorerHousehold ~ 0 // Religion ~ NoReligion // EducationHL ~ Secondary + Higher,MIN-leaf // PoorerHousehold~1 // Ethnicity~MinorEthnicity // aGroupHL~0-24,PoorerHousehold,Ethnicity,Residence,Religion,aGroupHL,EducationHL,Sex
MICS,Household,Viet Nam,2013,1,Yes,SafeSanitationHL ~ PoorerHousehold + Residence + aGroupHL + EducationHL + Sex + Religion + Ethnicity,38506.1347546342,0.782321547970092,0.129135264847805,0.976230006789936,0.061398452970948,0.363236722964113,0.612993283825823,MAX-leaf // PoorerHousehold ~ 0 // EducationHL ~ Secondary + Higher // Residence ~ Urban,MIN-leaf // PoorerHousehold~1 // Ethnicity~MinorEthnicity // aGroupHL~0-24,PoorerHousehold,Ethnicity,Residence,Religion,aGroupHL,EducationHL,Sex
MICS,Household,Viet Nam,2013,1,Yes,NotCrowdedHL ~ PoorerHousehold + Residence + aGroupHL + EducationHL + Sex + Religion + Ethnicity,38506.1347546342,0.567577742708762,0.097891122009762,0.775795026652634,0.061398452970948,0.186576261246058,0.589218765406576,MAX-leaf // PoorerHousehold ~ 0 // EducationHL ~ Higher // Religion ~ NoReligion,MIN-leaf // PoorerHousehold~1 // Ethnicity~MinorEthnicity // aGroupHL~0-24,PoorerHousehold,Ethnicity,aGroupHL,EducationHL,Religion,Residence,Sex
