SurveyIndicator,IndicatorName,SurveyID,country_code,version_code,dataset,MeanY,SurveySource,IndicatorName
Afghanistan2010+AccessElectricity,AccessElectricity,AFG2010,Afghanistan,2010,hh,0.432169681883751,MICS,AccessElectricity
Afghanistan2010+BankCardHH,BankCardHH,AFG2010,Afghanistan,2010,hh,0.055570403463878,MICS,BankCardHH
Afghanistan2010+BasicWater,BasicWater,AFG2010,Afghanistan,2010,hh,0.495641521639744,MICS,BasicWater
Afghanistan2010+CleanFuel,CleanFuel,AFG2010,Afghanistan,2010,hh,0.165689038927518,MICS,CleanFuel
Afghanistan2010+HigherEducation2535,HigherEducation2535,AFG2010,Afghanistan,2010,hl,0.034523047372166,MICS,HigherEducation2535
Afghanistan2010+HigherEducation35plus,HigherEducation35plus,AFG2010,Afghanistan,2010,hl,0.028870119518026,MICS,HigherEducation35plus
Afghanistan2010+ProfessionalHelp,ProfessionalHelp,AFG2010,Afghanistan,2010,wm,0.386468962759225,MICS,ProfessionalHelp
Afghanistan2010+ReasonBeating,ReasonBeating,AFG2010,Afghanistan,2010,wm,0.902483518168369,MICS,ReasonBeating
Afghanistan2010+SafeSanitation,SafeSanitation,AFG2010,Afghanistan,2010,hh,0.27547733130064,MICS,SafeSanitation
Afghanistan2010+SecondaryEducation2035,SecondaryEducation2035,AFG2010,Afghanistan,2010,hl,0.100192215029267,MICS,SecondaryEducation2035
Afghanistan2010+SecondaryEducation35plus,SecondaryEducation35plus,AFG2010,Afghanistan,2010,hl,0.0749818441589,MICS,SecondaryEducation35plus
AF70+AccessElectricity,AccessElectricity,AFG70,AF,70,HR,0.714547224664736,DHS,AccessElectricity
AF70+AllViolence,AllViolence,AFG70,AF,70,IR,0.554706333179989,DHS,AllViolence
AF70+BasicWater,BasicWater,AFG70,AF,70,HR,0.582784755146049,DHS,BasicWater
AF70+CleanFuel,CleanFuel,AFG70,AF,70,HR,0.327669684746497,DHS,CleanFuel
AF70+ContraceptiveMethod,ContraceptiveMethod,AFG70,AF,70,IR,0.421318156803106,DHS,ContraceptiveMethod
AF70+Covid,Covid,AFG70,AF,70,PR,0.01933922711363,DHS,Covid
AF70+EmotionalViolence,EmotionalViolence,AFG70,AF,70,IR,0.373084323590269,DHS,EmotionalViolence
AF70+HigherEducation2535,HigherEducation2535,AFG70,AF,70,PR,0.05760097262582,DHS,HigherEducation2535
AF70+HigherEducation35plus,HigherEducation35plus,AFG70,AF,70,PR,0.035742213456039,DHS,HigherEducation35plus
AF70+PhysicalViolence,PhysicalViolence,AFG70,AF,70,IR,0.504675844746501,DHS,PhysicalViolence
AF70+ProfessionalHelp,ProfessionalHelp,AFG70,AF,70,IR,0.563232773357491,DHS,ProfessionalHelp
AF70+SafeSanitation,SafeSanitation,AFG70,AF,70,HR,0.258224638908895,DHS,SafeSanitation
AF70+SecondaryEducation2035,SecondaryEducation2035,AFG70,AF,70,PR,0.170376685336136,DHS,SecondaryEducation2035
AF70+SecondaryEducation35plus,SecondaryEducation35plus,AFG70,AF,70,PR,0.080863559777333,DHS,SecondaryEducation35plus
AF70+SexualPhysicalViolence,SexualPhysicalViolence,AFG70,AF,70,IR,0.507650918726821,DHS,SexualPhysicalViolence
AF70+SexualViolence,SexualViolence,AFG70,AF,70,IR,0.074087695453686,DHS,SexualViolence
AM61+AccessElectricity,AccessElectricity,ARM61,AM,61,HR,0.997835845063322,DHS,AccessElectricity
AM61+BasicWater,BasicWater,ARM61,AM,61,HR,0.94682138046847,DHS,BasicWater
AM61+CleanFuel,CleanFuel,ARM61,AM,61,HR,0.983433250659726,DHS,CleanFuel
AM61+ContraceptiveMethod,ContraceptiveMethod,ARM61,AM,61,IR,0.401408852252612,DHS,ContraceptiveMethod
AM61+HigherEducation2535,HigherEducation2535,ARM61,AM,61,PR,0.298184802001292,DHS,HigherEducation2535
AM61+HigherEducation35plus,HigherEducation35plus,ARM61,AM,61,PR,0.214582599526118,DHS,HigherEducation35plus
AM61+NotOverweight,NotOverweight,ARM61,AM,61,PR,0.84610539926348,DHS,NotOverweight
AM61+NotStunting,NotStunting,ARM61,AM,61,PR,0.806301994008334,DHS,NotStunting
AM61+NotWasting,NotWasting,ARM61,AM,61,PR,0.959385045615419,DHS,NotWasting
AM61+Overweight,Overweight,ARM61,AM,61,PR,0.15389460073652,DHS,Overweight
AM61+ProfessionalHelp,ProfessionalHelp,ARM61,AM,61,IR,0.998848421338797,DHS,ProfessionalHelp
AM61+SafeSanitation,SafeSanitation,ARM61,AM,61,HR,0.796119562218535,DHS,SafeSanitation
AM61+SecondaryEducation2035,SecondaryEducation2035,ARM61,AM,61,PR,0.913701679701495,DHS,SecondaryEducation2035
AM61+SecondaryEducation35plus,SecondaryEducation35plus,ARM61,AM,61,PR,0.851357686320001,DHS,SecondaryEducation35plus
AM61+Stunting,Stunting,ARM61,AM,61,PR,0.193698005991666,DHS,Stunting
AM61+Wasting,Wasting,ARM61,AM,61,PR,0.040614954384581,DHS,Wasting
AM71+AccessElectricity,AccessElectricity,ARM71,AM,71,HR,0.999637373630559,DHS,AccessElectricity
AM71+AllViolence,AllViolence,ARM71,AM,71,IR,0.139694635199383,DHS,AllViolence
AM71+BankAccount,BankAccount,ARM71,AM,71,IR,0.197269430122772,DHS,BankAccount
AM71+BasicWater,BasicWater,ARM71,AM,71,HR,0.981776880060384,DHS,BasicWater
AM71+CleanFuel,CleanFuel,ARM71,AM,71,HR,0.967790877722293,DHS,CleanFuel
AM71+ContraceptiveMethod,ContraceptiveMethod,ARM71,AM,71,IR,0.405605301728701,DHS,ContraceptiveMethod
AM71+Covid,Covid,ARM71,AM,71,PR,0.510840702916393,DHS,Covid
AM71+EmotionalViolence,EmotionalViolence,ARM71,AM,71,IR,0.112834950654353,DHS,EmotionalViolence
AM71+HigherEducation2535,HigherEducation2535,ARM71,AM,71,PR,0.506876407374127,DHS,HigherEducation2535
AM71+HigherEducation35plus,HigherEducation35plus,ARM71,AM,71,PR,0.439330322670811,DHS,HigherEducation35plus
AM71+InternetUse,InternetUse,ARM71,AM,71,IR,0.864622931794346,DHS,InternetUse
AM71+MobilePhone,MobilePhone,ARM71,AM,71,IR,0.967414450193079,DHS,MobilePhone
AM71+NotOverweight,NotOverweight,ARM71,AM,71,PR,0.861773737773038,DHS,NotOverweight
AM71+NotStunting,NotStunting,ARM71,AM,71,PR,0.905846598526528,DHS,NotStunting
AM71+NotWasting,NotWasting,ARM71,AM,71,PR,0.957609346048699,DHS,NotWasting
AM71+Overweight,Overweight,ARM71,AM,71,PR,0.138226262226962,DHS,Overweight
AM71+PhysicalViolence,PhysicalViolence,ARM71,AM,71,IR,0.080428188010597,DHS,PhysicalViolence
AM71+SafeSanitation,SafeSanitation,ARM71,AM,71,HR,0.775003800196289,DHS,SafeSanitation
AM71+SecondaryEducation2035,SecondaryEducation2035,ARM71,AM,71,PR,0.924099086472353,DHS,SecondaryEducation2035
AM71+SecondaryEducation35plus,SecondaryEducation35plus,ARM71,AM,71,PR,0.872854250803225,DHS,SecondaryEducation35plus
AM71+SexualPhysicalViolence,SexualPhysicalViolence,ARM71,AM,71,IR,0.080729738297568,DHS,SexualPhysicalViolence
AM71+SexualViolence,SexualViolence,ARM71,AM,71,IR,0.01066425427767,DHS,SexualViolence
AM71+Stunting,Stunting,ARM71,AM,71,PR,0.094153401473472,DHS,Stunting
AM71+Wasting,Wasting,ARM71,AM,71,PR,0.042390653951302,DHS,Wasting
Bangladesh2019+AccessElectricity,AccessElectricity,BGD2019,Bangladesh,2019,hh,0.918710747963034,MICS,AccessElectricity
Bangladesh2019+BankCardHH,BankCardHH,BGD2019,Bangladesh,2019,hh,0.347530279652424,MICS,BankCardHH
Bangladesh2019+BasicWater,BasicWater,BGD2019,Bangladesh,2019,hh,0.972535993238828,MICS,BasicWater
Bangladesh2019+CleanFuel,CleanFuel,BGD2019,Bangladesh,2019,hh,0.199368565688385,MICS,CleanFuel
Bangladesh2019+ContraceptiveMethod,ContraceptiveMethod,BGD2019,Bangladesh,2019,wm,0.777750196919147,MICS,ContraceptiveMethod
Bangladesh2019+Covid,Covid,BGD2019,Bangladesh,2019,hl,0.288318864596555,MICS,Covid
Bangladesh2019+HigherEducation2535,HigherEducation2535,BGD2019,Bangladesh,2019,hl,0.122708646918002,MICS,HigherEducation2535
Bangladesh2019+HigherEducation35plus,HigherEducation35plus,BGD2019,Bangladesh,2019,hl,0.050327799934516,MICS,HigherEducation35plus
Bangladesh2019+InternetUse,InternetUse,BGD2019,Bangladesh,2019,wm,0.128917042635423,MICS,InternetUse
Bangladesh2019+MobilePhone,MobilePhone,BGD2019,Bangladesh,2019,wm,0.713982811543126,MICS,MobilePhone
Bangladesh2019+NotOverweight,NotOverweight,BGD2019,Bangladesh,2019,ch,0.975385397789486,MICS,NotOverweight
Bangladesh2019+NotStunting,NotStunting,BGD2019,Bangladesh,2019,ch,0.717789539733633,MICS,NotStunting
Bangladesh2019+NotWasting,NotWasting,BGD2019,Bangladesh,2019,ch,0.899787499597016,MICS,NotWasting
Bangladesh2019+NoViolenceJustifiedAgainstWomen,NoViolenceJustifiedAgainstWomen,BGD2019,Bangladesh,2019,wm,0.746297958028085,MICS,NoViolenceJustifiedAgainstWomen
Bangladesh2019+Overweight,Overweight,BGD2019,Bangladesh,2019,ch,0.024614602210515,MICS,Overweight
Bangladesh2019+ProfessionalHelp,ProfessionalHelp,BGD2019,Bangladesh,2019,wm,0.589597232124061,MICS,ProfessionalHelp
Bangladesh2019+ReasonBeating,ReasonBeating,BGD2019,Bangladesh,2019,wm,0.253702041971915,MICS,ReasonBeating
Bangladesh2019+SafeSanitation,SafeSanitation,BGD2019,Bangladesh,2019,hh,0.607282729995193,MICS,SafeSanitation
Bangladesh2019+SecondaryEducation2035,SecondaryEducation2035,BGD2019,Bangladesh,2019,hl,0.244905530386946,MICS,SecondaryEducation2035
Bangladesh2019+SecondaryEducation35plus,SecondaryEducation35plus,BGD2019,Bangladesh,2019,hl,0.090394061573483,MICS,SecondaryEducation35plus
Bangladesh2019+Stunting,Stunting,BGD2019,Bangladesh,2019,ch,0.282210460266367,MICS,Stunting
Bangladesh2019+Wasting,Wasting,BGD2019,Bangladesh,2019,ch,0.100212500402984,MICS,Wasting
BD61+AccessElectricity,AccessElectricity,BGD61,BD,61,HR,0.595778254933421,DHS,AccessElectricity
BD61+BasicWater,BasicWater,BGD61,BD,61,HR,0.950358241682464,DHS,BasicWater
BD61+CleanFuel,CleanFuel,BGD61,BD,61,HR,0.132621517749229,DHS,CleanFuel
BD61+ContraceptiveMethod,ContraceptiveMethod,BGD61,BD,61,IR,0.696932965691122,DHS,ContraceptiveMethod
BD61+HigherEducation2535,HigherEducation2535,BGD61,BD,61,PR,0.135109687712965,DHS,HigherEducation2535
BD61+HigherEducation35plus,HigherEducation35plus,BGD61,BD,61,PR,0.08242212160026,DHS,HigherEducation35plus
BD61+NotOverweight,NotOverweight,BGD61,BD,61,PR,0.984278305205491,DHS,NotOverweight
BD61+NotStunting,NotStunting,BGD61,BD,61,PR,0.586015941270998,DHS,NotStunting
BD61+NotWasting,NotWasting,BGD61,BD,61,PR,0.841444948018402,DHS,NotWasting
BD61+Overweight,Overweight,BGD61,BD,61,PR,0.015721694794509,DHS,Overweight
BD61+ProfessionalHelp,ProfessionalHelp,BGD61,BD,61,IR,0.302498460892403,DHS,ProfessionalHelp
BD61+SafeSanitation,SafeSanitation,BGD61,BD,61,HR,0.336522018463275,DHS,SafeSanitation
BD61+SecondaryEducation2035,SecondaryEducation2035,BGD61,BD,61,PR,0.204831187327976,DHS,SecondaryEducation2035
BD61+SecondaryEducation35plus,SecondaryEducation35plus,BGD61,BD,61,PR,0.125216600089417,DHS,SecondaryEducation35plus
BD61+Stunting,Stunting,BGD61,BD,61,PR,0.413984058729002,DHS,Stunting
BD61+Wasting,Wasting,BGD61,BD,61,PR,0.158555051981598,DHS,Wasting
BD70+AccessElectricity,AccessElectricity,BGD70,BD,70,HR,0.728611738930789,DHS,AccessElectricity
BD70+BasicWater,BasicWater,BGD70,BD,70,HR,0.941744436962909,DHS,BasicWater
BD70+CleanFuel,CleanFuel,BGD70,BD,70,HR,0.172325491803162,DHS,CleanFuel
BD70+ContraceptiveMethod,ContraceptiveMethod,BGD70,BD,70,IR,0.726452804544176,DHS,ContraceptiveMethod
BD70+Covid,Covid,BGD70,BD,70,PR,0.115284692448453,DHS,Covid
BD70+HigherEducation2535,HigherEducation2535,BGD70,BD,70,PR,0.135666535381441,DHS,HigherEducation2535
BD70+HigherEducation35plus,HigherEducation35plus,BGD70,BD,70,PR,0.085574280957654,DHS,HigherEducation35plus
BD70+MobilePhonePR,MobilePhonePR,BGD70,BD,70,PR,0.529062793099703,DHS,MobilePhonePR
BD70+NotOverweight,NotOverweight,BGD70,BD,70,PR,0.985800020379852,DHS,NotOverweight
BD70+NotStunting,NotStunting,BGD70,BD,70,PR,0.636077618927171,DHS,NotStunting
BD70+NotWasting,NotWasting,BGD70,BD,70,PR,0.852696798542207,DHS,NotWasting
BD70+Overweight,Overweight,BGD70,BD,70,PR,0.014199979620148,DHS,Overweight
BD70+ProfessionalHelp,ProfessionalHelp,BGD70,BD,70,IR,0.432330090225859,DHS,ProfessionalHelp
BD70+SafeSanitation,SafeSanitation,BGD70,BD,70,HR,0.450049460093537,DHS,SafeSanitation
BD70+SecondaryEducation2035,SecondaryEducation2035,BGD70,BD,70,PR,0.226449204874178,DHS,SecondaryEducation2035
BD70+SecondaryEducation35plus,SecondaryEducation35plus,BGD70,BD,70,PR,0.135518767673111,DHS,SecondaryEducation35plus
BD70+Stunting,Stunting,BGD70,BD,70,PR,0.363922381072829,DHS,Stunting
BD70+Wasting,Wasting,BGD70,BD,70,PR,0.147303201457793,DHS,Wasting
Bhutan2010+AccessElectricity,AccessElectricity,BTN2010,Bhutan,2010,hh,0.732845325438936,MICS,AccessElectricity
Bhutan2010+BankCardHH,BankCardHH,BTN2010,Bhutan,2010,hh,0.450682737094226,MICS,BankCardHH
Bhutan2010+BasicWater,BasicWater,BTN2010,Bhutan,2010,hh,0.958341584656269,MICS,BasicWater
Bhutan2010+CleanFuel,CleanFuel,BTN2010,Bhutan,2010,hh,0.634167996616117,MICS,CleanFuel
Bhutan2010+ContraceptiveMethod,ContraceptiveMethod,BTN2010,Bhutan,2010,wm,0.833263503098628,MICS,ContraceptiveMethod
Bhutan2010+Covid,Covid,BTN2010,Bhutan,2010,hl,0.160260911773512,MICS,Covid
Bhutan2010+HigherEducation2535,HigherEducation2535,BTN2010,Bhutan,2010,hl,0.081104501081157,MICS,HigherEducation2535
Bhutan2010+HigherEducation35plus,HigherEducation35plus,BTN2010,Bhutan,2010,hl,0.02091281349346,MICS,HigherEducation35plus
Bhutan2010+NotOverweight,NotOverweight,BTN2010,Bhutan,2010,ch,0.922721302145044,MICS,NotOverweight
Bhutan2010+NotStunting,NotStunting,BTN2010,Bhutan,2010,ch,0.662379805379803,MICS,NotStunting
Bhutan2010+NotWasting,NotWasting,BTN2010,Bhutan,2010,ch,0.940855713627774,MICS,NotWasting
Bhutan2010+Overweight,Overweight,BTN2010,Bhutan,2010,ch,0.077278697854956,MICS,Overweight
Bhutan2010+ProfessionalHelp,ProfessionalHelp,BTN2010,Bhutan,2010,wm,0.645213947388316,MICS,ProfessionalHelp
Bhutan2010+ReasonBeating,ReasonBeating,BTN2010,Bhutan,2010,wm,0.684251200400272,MICS,ReasonBeating
Bhutan2010+SafeSanitation,SafeSanitation,BTN2010,Bhutan,2010,hh,0.578767197320104,MICS,SafeSanitation
Bhutan2010+SecondaryEducation2035,SecondaryEducation2035,BTN2010,Bhutan,2010,hl,0.167530968288167,MICS,SecondaryEducation2035
Bhutan2010+SecondaryEducation35plus,SecondaryEducation35plus,BTN2010,Bhutan,2010,hl,0.032992571938323,MICS,SecondaryEducation35plus
Bhutan2010+Stunting,Stunting,BTN2010,Bhutan,2010,ch,0.337620194620197,MICS,Stunting
Bhutan2010+Wasting,Wasting,BTN2010,Bhutan,2010,ch,0.059144286372226,MICS,Wasting
Georgia2018+AccessElectricity,AccessElectricity,GEO2018,Georgia,2018,hh,0.997624223699764,MICS,AccessElectricity
Georgia2018+BankCardHH,BankCardHH,GEO2018,Georgia,2018,hh,0.865745949321339,MICS,BankCardHH
Georgia2018+BasicWater,BasicWater,GEO2018,Georgia,2018,hh,0.953090359383735,MICS,BasicWater
Georgia2018+CleanFuel,CleanFuel,GEO2018,Georgia,2018,hh,0.913630555880283,MICS,CleanFuel
Georgia2018+ContraceptiveMethod,ContraceptiveMethod,GEO2018,Georgia,2018,wm,0.499032295394907,MICS,ContraceptiveMethod
Georgia2018+Covid,Covid,GEO2018,Georgia,2018,hl,0.565726109472604,MICS,Covid
Georgia2018+HigherEducation2535,HigherEducation2535,GEO2018,Georgia,2018,hl,0.463120784839809,MICS,HigherEducation2535
Georgia2018+HigherEducation35plus,HigherEducation35plus,GEO2018,Georgia,2018,hl,0.346076378219637,MICS,HigherEducation35plus
Georgia2018+NotOverweight,NotOverweight,GEO2018,Georgia,2018,ch,0.938056578598775,MICS,NotOverweight
Georgia2018+NotStunting,NotStunting,GEO2018,Georgia,2018,ch,0.941955567106259,MICS,NotStunting
Georgia2018+NotWasting,NotWasting,GEO2018,Georgia,2018,ch,0.993666620554857,MICS,NotWasting
Georgia2018+Overweight,Overweight,GEO2018,Georgia,2018,ch,0.061943421401225,MICS,Overweight
Georgia2018+ProfessionalHelp,ProfessionalHelp,GEO2018,Georgia,2018,wm,0.994130740829798,MICS,ProfessionalHelp
Georgia2018+SafeSanitation,SafeSanitation,GEO2018,Georgia,2018,hh,0.907011027465585,MICS,SafeSanitation
Georgia2018+SecondaryEducation2035,SecondaryEducation2035,GEO2018,Georgia,2018,hl,0.746402149868048,MICS,SecondaryEducation2035
Georgia2018+SecondaryEducation35plus,SecondaryEducation35plus,GEO2018,Georgia,2018,hl,0.548965725962019,MICS,SecondaryEducation35plus
Georgia2018+Stunting,Stunting,GEO2018,Georgia,2018,ch,0.058044432893741,MICS,Stunting
Georgia2018+Wasting,Wasting,GEO2018,Georgia,2018,ch,0.006333379445143,MICS,Wasting
ID63+AccessElectricity,AccessElectricity,IDN63,ID,63,HR,0.959574622132907,DHS,AccessElectricity
ID63+BasicWater,BasicWater,IDN63,ID,63,HR,0.733168875406207,DHS,BasicWater
ID63+CleanFuel,CleanFuel,IDN63,ID,63,HR,0.522779027384174,DHS,CleanFuel
ID63+ContraceptiveMethod,ContraceptiveMethod,IDN63,ID,63,IR,0.789896101374376,DHS,ContraceptiveMethod
ID63+HigherEducation2535,HigherEducation2535,IDN63,ID,63,PR,0.137442426466907,DHS,HigherEducation2535
ID63+HigherEducation35plus,HigherEducation35plus,IDN63,ID,63,PR,0.080082186642324,DHS,HigherEducation35plus
ID63+ProfessionalHelp,ProfessionalHelp,IDN63,ID,63,IR,0.847621318036971,DHS,ProfessionalHelp
ID63+SafeSanitation,SafeSanitation,IDN63,ID,63,HR,0.675937201669961,DHS,SafeSanitation
ID63+SecondaryEducation2035,SecondaryEducation2035,IDN63,ID,63,PR,0.456979078893492,DHS,SecondaryEducation2035
ID63+SecondaryEducation35plus,SecondaryEducation35plus,IDN63,ID,63,PR,0.247272390472691,DHS,SecondaryEducation35plus
ID71+AccessElectricity,AccessElectricity,IDN71,ID,71,HR,0.97115755327774,DHS,AccessElectricity
ID71+BankAccount,BankAccount,IDN71,ID,71,IR,0.380091567096426,DHS,BankAccount
ID71+BasicWater,BasicWater,IDN71,ID,71,HR,0.883541813354986,DHS,BasicWater
ID71+CleanFuel,CleanFuel,IDN71,ID,71,HR,0.722974037379853,DHS,CleanFuel
ID71+ContraceptiveMethod,ContraceptiveMethod,IDN71,ID,71,IR,0.771421888750556,DHS,ContraceptiveMethod
ID71+Covid,Covid,IDN71,ID,71,PR,0.451023117457078,DHS,Covid
ID71+HigherEducation2535,HigherEducation2535,IDN71,ID,71,PR,0.176834626057763,DHS,HigherEducation2535
ID71+HigherEducation35plus,HigherEducation35plus,IDN71,ID,71,PR,0.090423943666107,DHS,HigherEducation35plus
ID71+InternetUse,InternetUse,IDN71,ID,71,IR,0.466058454058809,DHS,InternetUse
ID71+MobilePhone,MobilePhone,IDN71,ID,71,IR,0.783655093700369,DHS,MobilePhone
ID71+ProfessionalHelp,ProfessionalHelp,IDN71,ID,71,IR,0.921219642859021,DHS,ProfessionalHelp
ID71+SafeSanitation,SafeSanitation,IDN71,ID,71,HR,0.797609571496853,DHS,SafeSanitation
ID71+SecondaryEducation2035,SecondaryEducation2035,IDN71,ID,71,PR,0.539720060823002,DHS,SecondaryEducation2035
ID71+SecondaryEducation35plus,SecondaryEducation35plus,IDN71,ID,71,PR,0.285758697100728,DHS,SecondaryEducation35plus
IA71+AccessElectricity,AccessElectricity,IND71,IA,71,HR,0.882037915940664,DHS,AccessElectricity
IA71+AllViolence,AllViolence,IND71,IA,71,IR,0.310250755472126,DHS,AllViolence
IA71+BankAccount,BankAccount,IND71,IA,71,IR,0.52990900523247,DHS,BankAccount
IA71+BasicWater,BasicWater,IND71,IA,71,HR,0.879512804748006,DHS,BasicWater
IA71+CleanFuel,CleanFuel,IND71,IA,71,HR,0.437673320146985,DHS,CleanFuel
IA71+ContraceptiveMethod,ContraceptiveMethod,IND71,IA,71,IR,0.728114772483478,DHS,ContraceptiveMethod
IA71+Covid,Covid,IND71,IA,71,PR,0.120097108660476,DHS,Covid
IA71+EmotionalViolence,EmotionalViolence,IND71,IA,71,IR,0.139403862944467,DHS,EmotionalViolence
IA71+HigherEducation2535,HigherEducation2535,IND71,IA,71,PR,0.176490391217253,DHS,HigherEducation2535
IA71+HigherEducation35plus,HigherEducation35plus,IND71,IA,71,PR,0.081906178588043,DHS,HigherEducation35plus
IA71+MobilePhone,MobilePhone,IND71,IA,71,IR,0.458708385856613,DHS,MobilePhone
IA71+NotOverweight,NotOverweight,IND71,IA,71,PR,0.979013413887156,DHS,NotOverweight
IA71+NotStunting,NotStunting,IND71,IA,71,PR,0.613393116075385,DHS,NotStunting
IA71+NotWasting,NotWasting,IND71,IA,71,PR,0.786964334680665,DHS,NotWasting
IA71+Overweight,Overweight,IND71,IA,71,PR,0.020986586112844,DHS,Overweight
IA71+PhysicalViolence,PhysicalViolence,IND71,IA,71,IR,0.274285124238751,DHS,PhysicalViolence
IA71+ProfessionalHelp,ProfessionalHelp,IND71,IA,71,IR,0.854872877685619,DHS,ProfessionalHelp
IA71+SafeSanitation,SafeSanitation,IND71,IA,71,HR,0.488078023678932,DHS,SafeSanitation
IA71+SecondaryEducation2035,SecondaryEducation2035,IND71,IA,71,PR,0.321498921833018,DHS,SecondaryEducation2035
IA71+SecondaryEducation35plus,SecondaryEducation35plus,IND71,IA,71,PR,0.134866931586536,DHS,SecondaryEducation35plus
IA71+SexualPhysicalViolence,SexualPhysicalViolence,IND71,IA,71,IR,0.286692137148255,DHS,SexualPhysicalViolence
IA71+SexualViolence,SexualViolence,IND71,IA,71,IR,0.067292369265157,DHS,SexualViolence
IA71+Stunting,Stunting,IND71,IA,71,PR,0.386606883924614,DHS,Stunting
IA71+Wasting,Wasting,IND71,IA,71,PR,0.213035665319335,DHS,Wasting
Kazakhstan2010+AccessElectricity,AccessElectricity,KAZ2010,Kazakhstan,2010,hh,0.99795605885036,MICS,AccessElectricity
Kazakhstan2010+BankCardHH,BankCardHH,KAZ2010,Kazakhstan,2010,hh,0.100689649873877,MICS,BankCardHH
Kazakhstan2010+BasicWater,BasicWater,KAZ2010,Kazakhstan,2010,hh,0.921408011450842,MICS,BasicWater
Kazakhstan2010+CleanFuel,CleanFuel,KAZ2010,Kazakhstan,2010,hh,0.910820568673736,MICS,CleanFuel
Kazakhstan2010+ContraceptiveMethod,ContraceptiveMethod,KAZ2010,Kazakhstan,2010,wm,0.795693215675604,MICS,ContraceptiveMethod
Kazakhstan2010+HigherEducation2535,HigherEducation2535,KAZ2010,Kazakhstan,2010,hl,0.340716529907117,MICS,HigherEducation2535
Kazakhstan2010+HigherEducation35plus,HigherEducation35plus,KAZ2010,Kazakhstan,2010,hl,0.213313948081534,MICS,HigherEducation35plus
Kazakhstan2010+InternetUse,InternetUse,KAZ2010,Kazakhstan,2010,wm,0.684997739278937,MICS,InternetUse
Kazakhstan2010+NotOverweight,NotOverweight,KAZ2010,Kazakhstan,2010,ch,0.863505446954884,MICS,NotOverweight
Kazakhstan2010+NotStunting,NotStunting,KAZ2010,Kazakhstan,2010,ch,0.868466293461659,MICS,NotStunting
Kazakhstan2010+NotWasting,NotWasting,KAZ2010,Kazakhstan,2010,ch,0.959228704142811,MICS,NotWasting
Kazakhstan2010+Overweight,Overweight,KAZ2010,Kazakhstan,2010,ch,0.136494553045116,MICS,Overweight
Kazakhstan2010+ProfessionalHelp,ProfessionalHelp,KAZ2010,Kazakhstan,2010,wm,0.999652611828205,MICS,ProfessionalHelp
Kazakhstan2010+ReasonBeating,ReasonBeating,KAZ2010,Kazakhstan,2010,wm,0.122043458834999,MICS,ReasonBeating
Kazakhstan2010+SafeSanitation,SafeSanitation,KAZ2010,Kazakhstan,2010,hh,0.968476398699814,MICS,SafeSanitation
Kazakhstan2010+SecondaryEducation2035,SecondaryEducation2035,KAZ2010,Kazakhstan,2010,hl,0.886803347236118,MICS,SecondaryEducation2035
Kazakhstan2010+SecondaryEducation35plus,SecondaryEducation35plus,KAZ2010,Kazakhstan,2010,hl,0.801571402391116,MICS,SecondaryEducation35plus
Kazakhstan2010+Stunting,Stunting,KAZ2010,Kazakhstan,2010,ch,0.131533706538341,MICS,Stunting
Kazakhstan2010+Wasting,Wasting,KAZ2010,Kazakhstan,2010,ch,0.040771295857189,MICS,Wasting
Kazakhstan2015+BankCardHH,BankCardHH,KAZ2015,Kazakhstan,2015,hh,0.789631693759012,MICS,BankCardHH
Kazakhstan2015+BasicWater,BasicWater,KAZ2015,Kazakhstan,2015,hh,0.960531662961383,MICS,BasicWater
Kazakhstan2015+CleanFuel,CleanFuel,KAZ2015,Kazakhstan,2015,hh,0.987265233356236,MICS,CleanFuel
Kazakhstan2015+ContraceptiveMethod,ContraceptiveMethod,KAZ2015,Kazakhstan,2015,wm,0.826094739203046,MICS,ContraceptiveMethod
Kazakhstan2015+Covid,Covid,KAZ2015,Kazakhstan,2015,hl,0.57405565390204,MICS,Covid
Kazakhstan2015+HigherEducation2535,HigherEducation2535,KAZ2015,Kazakhstan,2015,hl,0.423824226965414,MICS,HigherEducation2535
Kazakhstan2015+HigherEducation35plus,HigherEducation35plus,KAZ2015,Kazakhstan,2015,hl,0.233403689921784,MICS,HigherEducation35plus
Kazakhstan2015+InternetUse,InternetUse,KAZ2015,Kazakhstan,2015,wm,0.945707616563927,MICS,InternetUse
Kazakhstan2015+NotOverweight,NotOverweight,KAZ2015,Kazakhstan,2015,ch,0.904914430521826,MICS,NotOverweight
Kazakhstan2015+NotStunting,NotStunting,KAZ2015,Kazakhstan,2015,ch,0.916161505095105,MICS,NotStunting
Kazakhstan2015+NotWasting,NotWasting,KAZ2015,Kazakhstan,2015,ch,0.968804102368617,MICS,NotWasting
Kazakhstan2015+Overweight,Overweight,KAZ2015,Kazakhstan,2015,ch,0.095085569478174,MICS,Overweight
Kazakhstan2015+ProfessionalHelp,ProfessionalHelp,KAZ2015,Kazakhstan,2015,wm,0.994145385447884,MICS,ProfessionalHelp
Kazakhstan2015+ReasonBeating,ReasonBeating,KAZ2015,Kazakhstan,2015,wm,0.141624308285937,MICS,ReasonBeating
Kazakhstan2015+SafeSanitation,SafeSanitation,KAZ2015,Kazakhstan,2015,hh,0.977254756730532,MICS,SafeSanitation
Kazakhstan2015+SecondaryEducation2035,SecondaryEducation2035,KAZ2015,Kazakhstan,2015,hl,0.938794776712357,MICS,SecondaryEducation2035
Kazakhstan2015+SecondaryEducation35plus,SecondaryEducation35plus,KAZ2015,Kazakhstan,2015,hl,0.87327164782287,MICS,SecondaryEducation35plus
Kazakhstan2015+Stunting,Stunting,KAZ2015,Kazakhstan,2015,ch,0.083838494904895,MICS,Stunting
Kazakhstan2015+Wasting,Wasting,KAZ2015,Kazakhstan,2015,ch,0.031195897631383,MICS,Wasting
Kyrgyzstan2014+AccessElectricity,AccessElectricity,KGZ2014,Kyrgyzstan,2014,hh,0.997754012766396,MICS,AccessElectricity
Kyrgyzstan2014+BankCardHH,BankCardHH,KGZ2014,Kyrgyzstan,2014,hh,0.019080873896235,MICS,BankCardHH
Kyrgyzstan2014+BasicWater,BasicWater,KGZ2014,Kyrgyzstan,2014,hh,0.869212679235405,MICS,BasicWater
Kyrgyzstan2014+CleanFuel,CleanFuel,KGZ2014,Kyrgyzstan,2014,hh,0.777657474011296,MICS,CleanFuel
Kyrgyzstan2014+ContraceptiveMethod,ContraceptiveMethod,KGZ2014,Kyrgyzstan,2014,wm,0.658838769258248,MICS,ContraceptiveMethod
Kyrgyzstan2014+HigherEducation2535,HigherEducation2535,KGZ2014,Kyrgyzstan,2014,hl,0.299977712257444,MICS,HigherEducation2535
Kyrgyzstan2014+HigherEducation35plus,HigherEducation35plus,KGZ2014,Kyrgyzstan,2014,hl,0.195379812448465,MICS,HigherEducation35plus
Kyrgyzstan2014+InternetUse,InternetUse,KGZ2014,Kyrgyzstan,2014,wm,0.72976022554952,MICS,InternetUse
Kyrgyzstan2014+NotOverweight,NotOverweight,KGZ2014,Kyrgyzstan,2014,ch,0.929722982809649,MICS,NotOverweight
Kyrgyzstan2014+NotStunting,NotStunting,KGZ2014,Kyrgyzstan,2014,ch,0.867374815373781,MICS,NotStunting
Kyrgyzstan2014+NotWasting,NotWasting,KGZ2014,Kyrgyzstan,2014,ch,0.970840679417394,MICS,NotWasting
Kyrgyzstan2014+Overweight,Overweight,KGZ2014,Kyrgyzstan,2014,ch,0.070277017190351,MICS,Overweight
Kyrgyzstan2014+ProfessionalHelp,ProfessionalHelp,KGZ2014,Kyrgyzstan,2014,wm,0.983896455385178,MICS,ProfessionalHelp
Kyrgyzstan2014+ReasonBeating,ReasonBeating,KGZ2014,Kyrgyzstan,2014,wm,0.327665005696844,MICS,ReasonBeating
Kyrgyzstan2014+SafeSanitation,SafeSanitation,KGZ2014,Kyrgyzstan,2014,hh,0.964729116584687,MICS,SafeSanitation
Kyrgyzstan2014+SecondaryEducation2035,SecondaryEducation2035,KGZ2014,Kyrgyzstan,2014,hl,0.864208294545438,MICS,SecondaryEducation2035
Kyrgyzstan2014+SecondaryEducation35plus,SecondaryEducation35plus,KGZ2014,Kyrgyzstan,2014,hl,0.857543126706964,MICS,SecondaryEducation35plus
Kyrgyzstan2014+Stunting,Stunting,KGZ2014,Kyrgyzstan,2014,ch,0.132625184626219,MICS,Stunting
Kyrgyzstan2014+Wasting,Wasting,KGZ2014,Kyrgyzstan,2014,ch,0.029159320582606,MICS,Wasting
Kyrgyzstan2018+BankCardHH,BankCardHH,KGZ2018,Kyrgyzstan,2018,hh,0.471041871892927,MICS,BankCardHH
Kyrgyzstan2018+BasicWater,BasicWater,KGZ2018,Kyrgyzstan,2018,hh,0.925417898627385,MICS,BasicWater
Kyrgyzstan2018+CleanFuel,CleanFuel,KGZ2018,Kyrgyzstan,2018,hh,0.81007082604412,MICS,CleanFuel
Kyrgyzstan2018+ContraceptiveMethod,ContraceptiveMethod,KGZ2018,Kyrgyzstan,2018,wm,0.655926624019176,MICS,ContraceptiveMethod
Kyrgyzstan2018+Covid,Covid,KGZ2018,Kyrgyzstan,2018,hl,0.409842951157908,MICS,Covid
Kyrgyzstan2018+HigherEducation2535,HigherEducation2535,KGZ2018,Kyrgyzstan,2018,hl,0.364152054881007,MICS,HigherEducation2535
Kyrgyzstan2018+HigherEducation35plus,HigherEducation35plus,KGZ2018,Kyrgyzstan,2018,hl,0.21798574263727,MICS,HigherEducation35plus
Kyrgyzstan2018+InternetUse,InternetUse,KGZ2018,Kyrgyzstan,2018,wm,0.774869761471368,MICS,InternetUse
Kyrgyzstan2018+MobilePhone,MobilePhone,KGZ2018,Kyrgyzstan,2018,wm,0.932849143470769,MICS,MobilePhone
Kyrgyzstan2018+NotOverweight,NotOverweight,KGZ2018,Kyrgyzstan,2018,ch,0.928542045318884,MICS,NotOverweight
Kyrgyzstan2018+NotStunting,NotStunting,KGZ2018,Kyrgyzstan,2018,ch,0.882058235045392,MICS,NotStunting
Kyrgyzstan2018+NotWasting,NotWasting,KGZ2018,Kyrgyzstan,2018,ch,0.979666866136739,MICS,NotWasting
Kyrgyzstan2018+Overweight,Overweight,KGZ2018,Kyrgyzstan,2018,ch,0.071457954681116,MICS,Overweight
Kyrgyzstan2018+ProfessionalHelp,ProfessionalHelp,KGZ2018,Kyrgyzstan,2018,wm,0.997696384188033,MICS,ProfessionalHelp
Kyrgyzstan2018+ReasonBeating,ReasonBeating,KGZ2018,Kyrgyzstan,2018,wm,0.29858179374937,MICS,ReasonBeating
Kyrgyzstan2018+SafeSanitation,SafeSanitation,KGZ2018,Kyrgyzstan,2018,hh,0.976872547552431,MICS,SafeSanitation
Kyrgyzstan2018+SecondaryEducation2035,SecondaryEducation2035,KGZ2018,Kyrgyzstan,2018,hl,0.859897130198931,MICS,SecondaryEducation2035
Kyrgyzstan2018+SecondaryEducation35plus,SecondaryEducation35plus,KGZ2018,Kyrgyzstan,2018,hl,0.826939239694731,MICS,SecondaryEducation35plus
Kyrgyzstan2018+Stunting,Stunting,KGZ2018,Kyrgyzstan,2018,ch,0.117941764954608,MICS,Stunting
Kyrgyzstan2018+Wasting,Wasting,KGZ2018,Kyrgyzstan,2018,ch,0.020333133863261,MICS,Wasting
KY61+AccessElectricity,AccessElectricity,KGZ61,KY,61,HR,0.99808515846438,DHS,AccessElectricity
KY61+BasicWater,BasicWater,KGZ61,KY,61,HR,0.859977582950327,DHS,BasicWater
KY61+CleanFuel,CleanFuel,KGZ61,KY,61,HR,0.777067630005237,DHS,CleanFuel
KY61+ContraceptiveMethod,ContraceptiveMethod,KGZ61,KY,61,IR,0.620967394263486,DHS,ContraceptiveMethod
KY61+HigherEducation2535,HigherEducation2535,KGZ61,KY,61,PR,0.442211666717114,DHS,HigherEducation2535
KY61+HigherEducation35plus,HigherEducation35plus,KGZ61,KY,61,PR,0.404932889209372,DHS,HigherEducation35plus
KY61+NotOverweight,NotOverweight,KGZ61,KY,61,PR,0.913321198966132,DHS,NotOverweight
KY61+NotStunting,NotStunting,KGZ61,KY,61,PR,0.820356504819979,DHS,NotStunting
KY61+NotWasting,NotWasting,KGZ61,KY,61,PR,0.972279224759669,DHS,NotWasting
KY61+Overweight,Overweight,KGZ61,KY,61,PR,0.086678801033868,DHS,Overweight
KY61+ProfessionalHelp,ProfessionalHelp,KGZ61,KY,61,IR,0.997487991922336,DHS,ProfessionalHelp
KY61+SafeSanitation,SafeSanitation,KGZ61,KY,61,HR,0.947092810756393,DHS,SafeSanitation
KY61+SecondaryEducation2035,SecondaryEducation2035,KGZ61,KY,61,PR,0.872058516941133,DHS,SecondaryEducation2035
KY61+SecondaryEducation35plus,SecondaryEducation35plus,KGZ61,KY,61,PR,0.822032643124294,DHS,SecondaryEducation35plus
KY61+Stunting,Stunting,KGZ61,KY,61,PR,0.179643495180021,DHS,Stunting
KY61+Wasting,Wasting,KGZ61,KY,61,PR,0.027720775240331,DHS,Wasting
KH61+AccessElectricity,AccessElectricity,KHM61,KH,61,HR,0.310813775868158,DHS,AccessElectricity
KH61+BasicWater,BasicWater,KHM61,KH,61,HR,0.566402647740669,DHS,BasicWater
KH61+CleanFuel,CleanFuel,KHM61,KH,61,HR,0.116358215332355,DHS,CleanFuel
KH61+ContraceptiveMethod,ContraceptiveMethod,KHM61,KH,61,IR,0.514533040488241,DHS,ContraceptiveMethod
KH61+HigherEducation2535,HigherEducation2535,KHM61,KH,61,PR,0.053741630022972,DHS,HigherEducation2535
KH61+HigherEducation35plus,HigherEducation35plus,KHM61,KH,61,PR,0.019572945352343,DHS,HigherEducation35plus
KH61+MobilePhone,MobilePhone,KHM61,KH,61,IR,0.66985577219125,DHS,MobilePhone
KH61+NotOverweight,NotOverweight,KHM61,KH,61,PR,0.983428395186133,DHS,NotOverweight
KH61+NotStunting,NotStunting,KHM61,KH,61,PR,0.599207202762759,DHS,NotStunting
KH61+NotWasting,NotWasting,KHM61,KH,61,PR,0.891106101543446,DHS,NotWasting
KH61+Overweight,Overweight,KHM61,KH,61,PR,0.016571604813867,DHS,Overweight
KH61+ProfessionalHelp,ProfessionalHelp,KHM61,KH,61,IR,0.748091352727855,DHS,ProfessionalHelp
KH61+SafeSanitation,SafeSanitation,KHM61,KH,61,HR,0.33750997377676,DHS,SafeSanitation
KH61+SecondaryEducation2035,SecondaryEducation2035,KHM61,KH,61,PR,0.121821619530932,DHS,SecondaryEducation2035
KH61+SecondaryEducation35plus,SecondaryEducation35plus,KHM61,KH,61,PR,0.04747513238664,DHS,SecondaryEducation35plus
KH61+Stunting,Stunting,KHM61,KH,61,PR,0.400792797237241,DHS,Stunting
KH61+Wasting,Wasting,KHM61,KH,61,PR,0.108893898456554,DHS,Wasting
KH72+AccessElectricity,AccessElectricity,KHM72,KH,72,HR,0.560668986947988,DHS,AccessElectricity
KH72+AllViolence,AllViolence,KHM72,KH,72,IR,0.286766498697863,DHS,AllViolence
KH72+BasicWater,BasicWater,KHM72,KH,72,HR,0.629382868092633,DHS,BasicWater
KH72+CleanFuel,CleanFuel,KHM72,KH,72,HR,0.158253797684255,DHS,CleanFuel
KH72+ContraceptiveMethod,ContraceptiveMethod,KHM72,KH,72,IR,0.565375074029287,DHS,ContraceptiveMethod
KH72+Covid,Covid,KHM72,KH,72,PR,0.070710603155336,DHS,Covid
KH72+EmotionalViolence,EmotionalViolence,KHM72,KH,72,IR,0.252182041244246,DHS,EmotionalViolence
KH72+HigherEducation2535,HigherEducation2535,KHM72,KH,72,PR,0.07450387041886,DHS,HigherEducation2535
KH72+HigherEducation35plus,HigherEducation35plus,KHM72,KH,72,PR,0.018504847514254,DHS,HigherEducation35plus
KH72+MobilePhone,MobilePhone,KHM72,KH,72,IR,0.90443842959901,DHS,MobilePhone
KH72+MobilePhonePR,MobilePhonePR,KHM72,KH,72,PR,0.898120084792898,DHS,MobilePhonePR
KH72+NotOverweight,NotOverweight,KHM72,KH,72,PR,0.980496470607135,DHS,NotOverweight
KH72+NotStunting,NotStunting,KHM72,KH,72,PR,0.670772136132266,DHS,NotStunting
KH72+NotWasting,NotWasting,KHM72,KH,72,PR,0.900798193555634,DHS,NotWasting
KH72+Overweight,Overweight,KHM72,KH,72,PR,0.019503529392865,DHS,Overweight
KH72+PhysicalViolence,PhysicalViolence,KHM72,KH,72,IR,0.16184365398345,DHS,PhysicalViolence
KH72+ProfessionalHelp,ProfessionalHelp,KHM72,KH,72,IR,0.906617643661666,DHS,ProfessionalHelp
KH72+SafeSanitation,SafeSanitation,KHM72,KH,72,HR,0.460242120484665,DHS,SafeSanitation
KH72+SecondaryEducation2035,SecondaryEducation2035,KHM72,KH,72,PR,0.15487975975315,DHS,SecondaryEducation2035
KH72+SecondaryEducation35plus,SecondaryEducation35plus,KHM72,KH,72,PR,0.048799364587593,DHS,SecondaryEducation35plus
KH72+SexualPhysicalViolence,SexualPhysicalViolence,KHM72,KH,72,IR,0.182326130649718,DHS,SexualPhysicalViolence
KH72+SexualViolence,SexualViolence,KHM72,KH,72,IR,0.05474884228249,DHS,SexualViolence
KH72+Stunting,Stunting,KHM72,KH,72,PR,0.329227863867734,DHS,Stunting
KH72+Wasting,Wasting,KHM72,KH,72,PR,0.099201806444366,DHS,Wasting
Kiribati2019+AccessElectricity,AccessElectricity,KIR2019,Kiribati,2019,hh,0.483533856341237,MICS,AccessElectricity
Kiribati2019+BankCardHH,BankCardHH,KIR2019,Kiribati,2019,hh,0.413020051838622,MICS,BankCardHH
Kiribati2019+BasicWater,BasicWater,KIR2019,Kiribati,2019,hh,0.760868433439843,MICS,BasicWater
Kiribati2019+CleanFuel,CleanFuel,KIR2019,Kiribati,2019,hh,0.093128020492038,MICS,CleanFuel
Kiribati2019+ContraceptiveMethod,ContraceptiveMethod,KIR2019,Kiribati,2019,wm,0.52256350549907,MICS,ContraceptiveMethod
Kiribati2019+Covid,Covid,KIR2019,Kiribati,2019,hl,0.059102768547701,MICS,Covid
Kiribati2019+FinancialInclusion,FinancialInclusion,KIR2019,Kiribati,2019,wm,0.218271256334075,MICS,FinancialInclusion
Kiribati2019+HigherEducation2535,HigherEducation2535,KIR2019,Kiribati,2019,hl,0.071366523291038,MICS,HigherEducation2535
Kiribati2019+HigherEducation35plus,HigherEducation35plus,KIR2019,Kiribati,2019,hl,0.062432448215557,MICS,HigherEducation35plus
Kiribati2019+InternetUse,InternetUse,KIR2019,Kiribati,2019,wm,0.474947803432023,MICS,InternetUse
Kiribati2019+MobilePhone,MobilePhone,KIR2019,Kiribati,2019,wm,0.51929707129507,MICS,MobilePhone
Kiribati2019+NotOverweight,NotOverweight,KIR2019,Kiribati,2019,ch,0.978798504695218,MICS,NotOverweight
Kiribati2019+NotStunting,NotStunting,KIR2019,Kiribati,2019,ch,0.845960445666074,MICS,NotStunting
Kiribati2019+NotWasting,NotWasting,KIR2019,Kiribati,2019,ch,0.963987353305966,MICS,NotWasting
Kiribati2019+NoViolenceJustifiedAgainstWomen,NoViolenceJustifiedAgainstWomen,KIR2019,Kiribati,2019,wm,0.297570545614857,MICS,NoViolenceJustifiedAgainstWomen
Kiribati2019+Overweight,Overweight,KIR2019,Kiribati,2019,ch,0.021201495304782,MICS,Overweight
Kiribati2019+ProfessionalHelp,ProfessionalHelp,KIR2019,Kiribati,2019,wm,0.99358258218301,MICS,ProfessionalHelp
Kiribati2019+ReasonBeating,ReasonBeating,KIR2019,Kiribati,2019,wm,0.702429454385143,MICS,ReasonBeating
Kiribati2019+SafeSanitation,SafeSanitation,KIR2019,Kiribati,2019,hh,0.41617003720805,MICS,SafeSanitation
Kiribati2019+SecondaryEducation2035,SecondaryEducation2035,KIR2019,Kiribati,2019,hl,0.180870099556388,MICS,SecondaryEducation2035
Kiribati2019+SecondaryEducation35plus,SecondaryEducation35plus,KIR2019,Kiribati,2019,hl,0.076668887312468,MICS,SecondaryEducation35plus
Kiribati2019+Stunting,Stunting,KIR2019,Kiribati,2019,ch,0.154039554333926,MICS,Stunting
Kiribati2019+Wasting,Wasting,KIR2019,Kiribati,2019,ch,0.036012646694034,MICS,Wasting
Lao2011+AccessElectricity,AccessElectricity,LAO2011,Lao,2011,hh,0.763661511663823,MICS,AccessElectricity
Lao2011+BankCardHH,BankCardHH,LAO2011,Lao,2011,hh,0.212769276279153,MICS,BankCardHH
Lao2011+BasicWater,BasicWater,LAO2011,Lao,2011,hh,0.751420857742976,MICS,BasicWater
Lao2011+CleanFuel,CleanFuel,LAO2011,Lao,2011,hh,0.040875270770975,MICS,CleanFuel
Lao2011+ContraceptiveMethod,ContraceptiveMethod,LAO2011,Lao,2011,wm,0.609607367602358,MICS,ContraceptiveMethod
Lao2011+HigherEducation2535,HigherEducation2535,LAO2011,Lao,2011,hl,0.079107834240959,MICS,HigherEducation2535
Lao2011+HigherEducation35plus,HigherEducation35plus,LAO2011,Lao,2011,hl,0.037107810364709,MICS,HigherEducation35plus
Lao2011+InternetUse,InternetUse,LAO2011,Lao,2011,wm,0.074397668053435,MICS,InternetUse
Lao2011+NotOverweight,NotOverweight,LAO2011,Lao,2011,ch,0.979476705721794,MICS,NotOverweight
Lao2011+NotStunting,NotStunting,LAO2011,Lao,2011,ch,0.555511527346755,MICS,NotStunting
Lao2011+NotWasting,NotWasting,LAO2011,Lao,2011,ch,0.93963690448545,MICS,NotWasting
Lao2011+Overweight,Overweight,LAO2011,Lao,2011,ch,0.020523294278206,MICS,Overweight
Lao2011+ProfessionalHelp,ProfessionalHelp,LAO2011,Lao,2011,wm,0.415468386986485,MICS,ProfessionalHelp
Lao2011+ReasonBeating,ReasonBeating,LAO2011,Lao,2011,wm,0.582070345500275,MICS,ReasonBeating
Lao2011+SafeSanitation,SafeSanitation,LAO2011,Lao,2011,hh,0.593241977811164,MICS,SafeSanitation
Lao2011+SecondaryEducation2035,SecondaryEducation2035,LAO2011,Lao,2011,hl,0.198113208696311,MICS,SecondaryEducation2035
Lao2011+SecondaryEducation35plus,SecondaryEducation35plus,LAO2011,Lao,2011,hl,0.115864101633016,MICS,SecondaryEducation35plus
Lao2011+Stunting,Stunting,LAO2011,Lao,2011,ch,0.444488472653245,MICS,Stunting
Lao2011+Wasting,Wasting,LAO2011,Lao,2011,ch,0.06036309551455,MICS,Wasting
Lao2017+AccessElectricity,AccessElectricity,LAO2017,Lao,2017,hh,0.93656552937805,MICS,AccessElectricity
Lao2017+BankCardHH,BankCardHH,LAO2017,Lao,2017,hh,0.319123749094511,MICS,BankCardHH
Lao2017+BasicWater,BasicWater,LAO2017,Lao,2017,hh,0.845580655932865,MICS,BasicWater
Lao2017+CleanFuel,CleanFuel,LAO2017,Lao,2017,hh,0.074076243428632,MICS,CleanFuel
Lao2017+ContraceptiveMethod,ContraceptiveMethod,LAO2017,Lao,2017,wm,0.720176249672101,MICS,ContraceptiveMethod
Lao2017+Covid,Covid,LAO2017,Lao,2017,hl,0.209386365237988,MICS,Covid
Lao2017+HigherEducation2535,HigherEducation2535,LAO2017,Lao,2017,hl,0.156065331356449,MICS,HigherEducation2535
Lao2017+HigherEducation35plus,HigherEducation35plus,LAO2017,Lao,2017,hl,0.054144529527768,MICS,HigherEducation35plus
Lao2017+InternetUse,InternetUse,LAO2017,Lao,2017,wm,0.272738177460341,MICS,InternetUse
Lao2017+MobilePhone,MobilePhone,LAO2017,Lao,2017,wm,0.767266331387853,MICS,MobilePhone
Lao2017+NotOverweight,NotOverweight,LAO2017,Lao,2017,ch,0.96452765468841,MICS,NotOverweight
Lao2017+NotStunting,NotStunting,LAO2017,Lao,2017,ch,0.66730692388454,MICS,NotStunting
Lao2017+NotWasting,NotWasting,LAO2017,Lao,2017,ch,0.909127216733286,MICS,NotWasting
Lao2017+Overweight,Overweight,LAO2017,Lao,2017,ch,0.03547234531159,MICS,Overweight
Lao2017+ProfessionalHelp,ProfessionalHelp,LAO2017,Lao,2017,wm,0.643665542873413,MICS,ProfessionalHelp
Lao2017+ReasonBeating,ReasonBeating,LAO2017,Lao,2017,wm,0.294788711861798,MICS,ReasonBeating
Lao2017+SafeSanitation,SafeSanitation,LAO2017,Lao,2017,hh,0.718617453335977,MICS,SafeSanitation
Lao2017+SecondaryEducation2035,SecondaryEducation2035,LAO2017,Lao,2017,hl,0.291086738150433,MICS,SecondaryEducation2035
Lao2017+SecondaryEducation35plus,SecondaryEducation35plus,LAO2017,Lao,2017,hl,0.135214566524084,MICS,SecondaryEducation35plus
Lao2017+Stunting,Stunting,LAO2017,Lao,2017,ch,0.33269307611546,MICS,Stunting
Lao2017+Wasting,Wasting,LAO2017,Lao,2017,ch,0.090872783266714,MICS,Wasting
MV71+AccessElectricity,AccessElectricity,MDV71,MV,71,HR,0.997702838391653,DHS,AccessElectricity
MV71+AllViolence,AllViolence,MDV71,MV,71,IR,0.23971890359077,DHS,AllViolence
MV71+BankAccount,BankAccount,MDV71,MV,71,IR,0.670854544773326,DHS,BankAccount
MV71+BasicWater,BasicWater,MDV71,MV,71,HR,0.99261758754585,DHS,BasicWater
MV71+CleanFuel,CleanFuel,MDV71,MV,71,HR,0.979391108007665,DHS,CleanFuel
MV71+ContraceptiveMethod,ContraceptiveMethod,MDV71,MV,71,IR,0.293917848207131,DHS,ContraceptiveMethod
MV71+Covid,Covid,MDV71,MV,71,PR,0.408042920041574,DHS,Covid
MV71+EmotionalViolence,EmotionalViolence,MDV71,MV,71,IR,0.178687917191724,DHS,EmotionalViolence
MV71+HigherEducation2535,HigherEducation2535,MDV71,MV,71,PR,0.223572497116898,DHS,HigherEducation2535
MV71+HigherEducation35plus,HigherEducation35plus,MDV71,MV,71,PR,0.076957318163705,DHS,HigherEducation35plus
MV71+InternetUse,InternetUse,MDV71,MV,71,IR,0.81362059501721,DHS,InternetUse
MV71+MobilePhone,MobilePhone,MDV71,MV,71,IR,0.954525748804114,DHS,MobilePhone
MV71+NotOverweight,NotOverweight,MDV71,MV,71,PR,0.9507103910491,DHS,NotOverweight
MV71+NotStunting,NotStunting,MDV71,MV,71,PR,0.84627900652302,DHS,NotStunting
MV71+NotWasting,NotWasting,MDV71,MV,71,PR,0.907737431925985,DHS,NotWasting
MV71+Overweight,Overweight,MDV71,MV,71,PR,0.0492896089509,DHS,Overweight
MV71+PhysicalViolence,PhysicalViolence,MDV71,MV,71,IR,0.12426036442068,DHS,PhysicalViolence
MV71+ProfessionalHelp,ProfessionalHelp,MDV71,MV,71,IR,0.99821791408346,DHS,ProfessionalHelp
MV71+SafeSanitation,SafeSanitation,MDV71,MV,71,HR,0.982182711460182,DHS,SafeSanitation
MV71+SecondaryEducation2035,SecondaryEducation2035,MDV71,MV,71,PR,0.298811201418282,DHS,SecondaryEducation2035
MV71+SecondaryEducation35plus,SecondaryEducation35plus,MDV71,MV,71,PR,0.090206842511349,DHS,SecondaryEducation35plus
MV71+SexualPhysicalViolence,SexualPhysicalViolence,MDV71,MV,71,IR,0.126390176144066,DHS,SexualPhysicalViolence
MV71+SexualViolence,SexualViolence,MDV71,MV,71,IR,0.020272438866811,DHS,SexualViolence
MV71+Stunting,Stunting,MDV71,MV,71,PR,0.153720993476981,DHS,Stunting
MV71+Wasting,Wasting,MDV71,MV,71,PR,0.092262568074015,DHS,Wasting
MM71+AccessElectricity,AccessElectricity,MMR71,MM,71,HR,0.555907299324219,DHS,AccessElectricity
MM71+AllViolence,AllViolence,MMR71,MM,71,IR,0.20855301242773,DHS,AllViolence
MM71+BasicWater,BasicWater,MMR71,MM,71,HR,0.755751700396319,DHS,BasicWater
MM71+CleanFuel,CleanFuel,MMR71,MM,71,HR,0.22892114705349,DHS,CleanFuel
MM71+ContraceptiveMethod,ContraceptiveMethod,MMR71,MM,71,IR,0.748594541724148,DHS,ContraceptiveMethod
MM71+Covid,Covid,MMR71,MM,71,PR,0.096359583989428,DHS,Covid
MM71+EmotionalViolence,EmotionalViolence,MMR71,MM,71,IR,0.131213676060869,DHS,EmotionalViolence
MM71+HigherEducation2535,HigherEducation2535,MMR71,MM,71,PR,0.112408348590038,DHS,HigherEducation2535
MM71+HigherEducation35plus,HigherEducation35plus,MMR71,MM,71,PR,0.057060546589804,DHS,HigherEducation35plus
MM71+NotOverweight,NotOverweight,MMR71,MM,71,PR,0.986429914359383,DHS,NotOverweight
MM71+NotStunting,NotStunting,MMR71,MM,71,PR,0.706447678369873,DHS,NotStunting
MM71+NotWasting,NotWasting,MMR71,MM,71,PR,0.9288978967483,DHS,NotWasting
MM71+Overweight,Overweight,MMR71,MM,71,PR,0.013570085640617,DHS,Overweight
MM71+PhysicalViolence,PhysicalViolence,MMR71,MM,71,IR,0.154066780341788,DHS,PhysicalViolence
MM71+ProfessionalHelp,ProfessionalHelp,MMR71,MM,71,IR,0.70772472724673,DHS,ProfessionalHelp
MM71+SafeSanitation,SafeSanitation,MMR71,MM,71,HR,0.481026086732143,DHS,SafeSanitation
MM71+SecondaryEducation2035,SecondaryEducation2035,MMR71,MM,71,PR,0.160968666818492,DHS,SecondaryEducation2035
MM71+SecondaryEducation35plus,SecondaryEducation35plus,MMR71,MM,71,PR,0.07883792935433,DHS,SecondaryEducation35plus
MM71+SexualPhysicalViolence,SexualPhysicalViolence,MMR71,MM,71,IR,0.163306774476855,DHS,SexualPhysicalViolence
MM71+SexualViolence,SexualViolence,MMR71,MM,71,IR,0.029666580207741,DHS,SexualViolence
MM71+Stunting,Stunting,MMR71,MM,71,PR,0.293552321630127,DHS,Stunting
MM71+Wasting,Wasting,MMR71,MM,71,PR,0.0711021032517,DHS,Wasting
Mongolia2013+AccessElectricity,AccessElectricity,MNG2013,Mongolia,2013,hh,0.81170061539534,MICS,AccessElectricity
Mongolia2013+BankCardHH,BankCardHH,MNG2013,Mongolia,2013,hh,0.909010935604851,MICS,BankCardHH
Mongolia2013+BasicWater,BasicWater,MNG2013,Mongolia,2013,hh,0.596353631554373,MICS,BasicWater
Mongolia2013+CleanFuel,CleanFuel,MNG2013,Mongolia,2013,hh,0.448855007005886,MICS,CleanFuel
Mongolia2013+ContraceptiveMethod,ContraceptiveMethod,MNG2013,Mongolia,2013,wm,0.701043642434558,MICS,ContraceptiveMethod
Mongolia2013+HigherEducation2535,HigherEducation2535,MNG2013,Mongolia,2013,hl,0.413955893679383,MICS,HigherEducation2535
Mongolia2013+HigherEducation35plus,HigherEducation35plus,MNG2013,Mongolia,2013,hl,0.291452520379935,MICS,HigherEducation35plus
Mongolia2013+InternetUse,InternetUse,MNG2013,Mongolia,2013,wm,0.722058917039393,MICS,InternetUse
Mongolia2013+NotOverweight,NotOverweight,MNG2013,Mongolia,2013,ch,0.892192961775331,MICS,NotOverweight
Mongolia2013+NotStunting,NotStunting,MNG2013,Mongolia,2013,ch,0.89083472978879,MICS,NotStunting
Mongolia2013+NotWasting,NotWasting,MNG2013,Mongolia,2013,ch,0.989900888287761,MICS,NotWasting
Mongolia2013+Overweight,Overweight,MNG2013,Mongolia,2013,ch,0.107807038224669,MICS,Overweight
Mongolia2013+ProfessionalHelp,ProfessionalHelp,MNG2013,Mongolia,2013,wm,0.988779720310891,MICS,ProfessionalHelp
Mongolia2013+SafeSanitation,SafeSanitation,MNG2013,Mongolia,2013,hh,0.260519883128995,MICS,SafeSanitation
Mongolia2013+SecondaryEducation2035,SecondaryEducation2035,MNG2013,Mongolia,2013,hl,0.68820888914886,MICS,SecondaryEducation2035
Mongolia2013+SecondaryEducation35plus,SecondaryEducation35plus,MNG2013,Mongolia,2013,hl,0.631838096569642,MICS,SecondaryEducation35plus
Mongolia2013+Stunting,Stunting,MNG2013,Mongolia,2013,ch,0.10916527021121,MICS,Stunting
Mongolia2013+Wasting,Wasting,MNG2013,Mongolia,2013,ch,0.010099111712239,MICS,Wasting
Mongolia2018+AccessElectricity,AccessElectricity,MNG2018,Mongolia,2018,hh,0.978839847906711,MICS,AccessElectricity
Mongolia2018+BankCardHH,BankCardHH,MNG2018,Mongolia,2018,hh,0.933804928813117,MICS,BankCardHH
Mongolia2018+BasicWater,BasicWater,MNG2018,Mongolia,2018,hh,0.737369977388347,MICS,BasicWater
Mongolia2018+CleanFuel,CleanFuel,MNG2018,Mongolia,2018,hh,0.504185929832763,MICS,CleanFuel
Mongolia2018+ContraceptiveMethod,ContraceptiveMethod,MNG2018,Mongolia,2018,wm,0.648244981907991,MICS,ContraceptiveMethod
Mongolia2018+Covid,Covid,MNG2018,Mongolia,2018,hl,0.203935675439427,MICS,Covid
Mongolia2018+HigherEducation2535,HigherEducation2535,MNG2018,Mongolia,2018,hl,0.518166633348321,MICS,HigherEducation2535
Mongolia2018+HigherEducation35plus,HigherEducation35plus,MNG2018,Mongolia,2018,hl,0.256490198232289,MICS,HigherEducation35plus
Mongolia2018+InternetUse,InternetUse,MNG2018,Mongolia,2018,wm,0.67998716160063,MICS,InternetUse
Mongolia2018+MobilePhone,MobilePhone,MNG2018,Mongolia,2018,wm,0.961527133422639,MICS,MobilePhone
Mongolia2018+NotOverweight,NotOverweight,MNG2018,Mongolia,2018,ch,0.892736246093105,MICS,NotOverweight
Mongolia2018+NotStunting,NotStunting,MNG2018,Mongolia,2018,ch,0.904956015879543,MICS,NotStunting
Mongolia2018+NotWasting,NotWasting,MNG2018,Mongolia,2018,ch,0.990048251401356,MICS,NotWasting
Mongolia2018+Overweight,Overweight,MNG2018,Mongolia,2018,ch,0.107263753906895,MICS,Overweight
Mongolia2018+ProfessionalHelp,ProfessionalHelp,MNG2018,Mongolia,2018,wm,0.993394652328798,MICS,ProfessionalHelp
Mongolia2018+ReasonBeating,ReasonBeating,MNG2018,Mongolia,2018,wm,0.09283809011573,MICS,ReasonBeating
Mongolia2018+SafeSanitation,SafeSanitation,MNG2018,Mongolia,2018,hh,0.683550639588242,MICS,SafeSanitation
Mongolia2018+SecondaryEducation2035,SecondaryEducation2035,MNG2018,Mongolia,2018,hl,0.79102720435072,MICS,SecondaryEducation2035
Mongolia2018+SecondaryEducation35plus,SecondaryEducation35plus,MNG2018,Mongolia,2018,hl,0.616155614104457,MICS,SecondaryEducation35plus
Mongolia2018+Stunting,Stunting,MNG2018,Mongolia,2018,ch,0.095043984120457,MICS,Stunting
Mongolia2018+Wasting,Wasting,MNG2018,Mongolia,2018,ch,0.009951748598644,MICS,Wasting
Nepal2019+AccessElectricity,AccessElectricity,NPL2019,Nepal,2019,hh,0.904909219492841,MICS,AccessElectricity
Nepal2019+BankCardHH,BankCardHH,NPL2019,Nepal,2019,hh,0.733540416165785,MICS,BankCardHH
Nepal2019+BasicWater,BasicWater,NPL2019,Nepal,2019,hh,0.930780055795752,MICS,BasicWater
Nepal2019+CleanFuel,CleanFuel,NPL2019,Nepal,2019,hh,0.46677521606075,MICS,CleanFuel
Nepal2019+ContraceptiveMethod,ContraceptiveMethod,NPL2019,Nepal,2019,wm,0.607177222262393,MICS,ContraceptiveMethod
Nepal2019+Covid,Covid,NPL2019,Nepal,2019,hl,0.333792762124278,MICS,Covid
Nepal2019+HigherEducation2535,HigherEducation2535,NPL2019,Nepal,2019,hl,0.141786354016999,MICS,HigherEducation2535
Nepal2019+HigherEducation35plus,HigherEducation35plus,NPL2019,Nepal,2019,hl,0.040567373992865,MICS,HigherEducation35plus
Nepal2019+InternetUse,InternetUse,NPL2019,Nepal,2019,wm,0.450289553840353,MICS,InternetUse
Nepal2019+MobilePhone,MobilePhone,NPL2019,Nepal,2019,wm,0.824487894705111,MICS,MobilePhone
Nepal2019+NotOverweight,NotOverweight,NPL2019,Nepal,2019,ch,0.973606423464089,MICS,NotOverweight
Nepal2019+NotStunting,NotStunting,NPL2019,Nepal,2019,ch,0.68335660256534,MICS,NotStunting
Nepal2019+NotWasting,NotWasting,NPL2019,Nepal,2019,ch,0.877151197099338,MICS,NotWasting
Nepal2019+NoViolenceJustifiedAgainstWomen,NoViolenceJustifiedAgainstWomen,NPL2019,Nepal,2019,wm,0.705485448124131,MICS,NoViolenceJustifiedAgainstWomen
Nepal2019+Overweight,Overweight,NPL2019,Nepal,2019,ch,0.026393576535912,MICS,Overweight
Nepal2019+ProfessionalHelp,ProfessionalHelp,NPL2019,Nepal,2019,wm,0.772124099036119,MICS,ProfessionalHelp
Nepal2019+ReasonBeating,ReasonBeating,NPL2019,Nepal,2019,wm,0.294514551875869,MICS,ReasonBeating
Nepal2019+SafeSanitation,SafeSanitation,NPL2019,Nepal,2019,hh,0.755995257845569,MICS,SafeSanitation
Nepal2019+SecondaryEducation2035,SecondaryEducation2035,NPL2019,Nepal,2019,hl,0.317054261005706,MICS,SecondaryEducation2035
Nepal2019+SecondaryEducation35plus,SecondaryEducation35plus,NPL2019,Nepal,2019,hl,0.080670901403414,MICS,SecondaryEducation35plus
Nepal2019+Stunting,Stunting,NPL2019,Nepal,2019,ch,0.31664339743466,MICS,Stunting
Nepal2019+Wasting,Wasting,NPL2019,Nepal,2019,ch,0.122848802900662,MICS,Wasting
NP61+AccessElectricity,AccessElectricity,NPL61,NP,61,HR,0.763129092995336,DHS,AccessElectricity
NP61+BasicWater,BasicWater,NPL61,NP,61,HR,0.859168478687009,DHS,BasicWater
NP61+CleanFuel,CleanFuel,NPL61,NP,61,HR,0.236210997074833,DHS,CleanFuel
NP61+ContraceptiveMethod,ContraceptiveMethod,NPL61,NP,61,IR,0.561941135367324,DHS,ContraceptiveMethod
NP61+HigherEducation2535,HigherEducation2535,NPL61,NP,61,PR,0.123439364619316,DHS,HigherEducation2535
NP61+HigherEducation35plus,HigherEducation35plus,NPL61,NP,61,PR,0.051749632523209,DHS,HigherEducation35plus
NP61+NotOverweight,NotOverweight,NPL61,NP,61,PR,0.986305610848694,DHS,NotOverweight
NP61+NotStunting,NotStunting,NPL61,NP,61,PR,0.586614482522199,DHS,NotStunting
NP61+NotWasting,NotWasting,NPL61,NP,61,PR,0.884851463789316,DHS,NotWasting
NP61+Overweight,Overweight,NPL61,NP,61,PR,0.013694389151306,DHS,Overweight
NP61+ProfessionalHelp,ProfessionalHelp,NPL61,NP,61,IR,0.458516917334361,DHS,ProfessionalHelp
NP61+SafeSanitation,SafeSanitation,NPL61,NP,61,HR,0.382064626021452,DHS,SafeSanitation
NP61+SecondaryEducation2035,SecondaryEducation2035,NPL61,NP,61,PR,0.300318407886016,DHS,SecondaryEducation2035
NP61+SecondaryEducation35plus,SecondaryEducation35plus,NPL61,NP,61,PR,0.102307793244155,DHS,SecondaryEducation35plus
NP61+Stunting,Stunting,NPL61,NP,61,PR,0.413385517477801,DHS,Stunting
NP61+Wasting,Wasting,NPL61,NP,61,PR,0.115148536210684,DHS,Wasting
NP7H+AccessElectricity,AccessElectricity,NPL7H,NP,7H,HR,0.904811220392946,DHS,AccessElectricity
NP7H+AllViolence,AllViolence,NPL7H,NP,7H,IR,0.263298905526524,DHS,AllViolence
NP7H+BankAccount,BankAccount,NPL7H,NP,7H,IR,0.403895140789033,DHS,BankAccount
NP7H+BasicWater,BasicWater,NPL7H,NP,7H,HR,0.91989319154803,DHS,BasicWater
NP7H+CleanFuel,CleanFuel,NPL7H,NP,7H,HR,0.339465565254647,DHS,CleanFuel
NP7H+ContraceptiveMethod,ContraceptiveMethod,NPL7H,NP,7H,IR,0.562957920634847,DHS,ContraceptiveMethod
NP7H+Covid,Covid,NPL7H,NP,7H,PR,0.169344647701478,DHS,Covid
NP7H+EmotionalViolence,EmotionalViolence,NPL7H,NP,7H,IR,0.124480221382843,DHS,EmotionalViolence
NP7H+HigherEducation2535,HigherEducation2535,NPL7H,NP,7H,PR,0.214401142263591,DHS,HigherEducation2535
NP7H+HigherEducation35plus,HigherEducation35plus,NPL7H,NP,7H,PR,0.066740471071066,DHS,HigherEducation35plus
NP7H+InternetUse,InternetUse,NPL7H,NP,7H,IR,0.288514824311403,DHS,InternetUse
NP7H+MobilePhone,MobilePhone,NPL7H,NP,7H,IR,0.726326577822998,DHS,MobilePhone
NP7H+NotOverweight,NotOverweight,NPL7H,NP,7H,PR,0.988254086224282,DHS,NotOverweight
NP7H+NotStunting,NotStunting,NPL7H,NP,7H,PR,0.635978510638051,DHS,NotStunting
NP7H+NotWasting,NotWasting,NPL7H,NP,7H,PR,0.902482518079392,DHS,NotWasting
NP7H+Overweight,Overweight,NPL7H,NP,7H,PR,0.011745913775718,DHS,Overweight
NP7H+PhysicalViolence,PhysicalViolence,NPL7H,NP,7H,IR,0.22802246784388,DHS,PhysicalViolence
NP7H+ProfessionalHelp,ProfessionalHelp,NPL7H,NP,7H,IR,0.640484543490835,DHS,ProfessionalHelp
NP7H+SafeSanitation,SafeSanitation,NPL7H,NP,7H,HR,0.617486596079827,DHS,SafeSanitation
NP7H+SecondaryEducation2035,SecondaryEducation2035,NPL7H,NP,7H,PR,0.365244266472633,DHS,SecondaryEducation2035
NP7H+SecondaryEducation35plus,SecondaryEducation35plus,NPL7H,NP,7H,PR,0.123190940320044,DHS,SecondaryEducation35plus
NP7H+SexualPhysicalViolence,SexualPhysicalViolence,NPL7H,NP,7H,IR,0.242907684626805,DHS,SexualPhysicalViolence
NP7H+SexualViolence,SexualViolence,NPL7H,NP,7H,IR,0.070471186827442,DHS,SexualViolence
NP7H+Stunting,Stunting,NPL7H,NP,7H,PR,0.364021489361949,DHS,Stunting
NP7H+Wasting,Wasting,NPL7H,NP,7H,PR,0.097517481920608,DHS,Wasting
PK61+AccessElectricity,AccessElectricity,PAK61,PK,61,HR,0.936155352899652,DHS,AccessElectricity
PK61+BasicWater,BasicWater,PAK61,PK,61,HR,0.872162005734191,DHS,BasicWater
PK61+CleanFuel,CleanFuel,PAK61,PK,61,HR,0.376155660216339,DHS,CleanFuel
PK61+ContraceptiveMethod,ContraceptiveMethod,PAK61,PK,61,IR,0.47031353249966,DHS,ContraceptiveMethod
PK61+HigherEducation2535,HigherEducation2535,PAK61,PK,61,PR,0.170917521534247,DHS,HigherEducation2535
PK61+HigherEducation35plus,HigherEducation35plus,PAK61,PK,61,PR,0.097523309811315,DHS,HigherEducation35plus
PK61+NotOverweight,NotOverweight,PAK61,PK,61,PR,0.967212041104716,DHS,NotOverweight
PK61+NotStunting,NotStunting,PAK61,PK,61,PR,0.549338289507839,DHS,NotStunting
PK61+NotWasting,NotWasting,PAK61,PK,61,PR,0.891734107559728,DHS,NotWasting
PK61+Overweight,Overweight,PAK61,PK,61,PR,0.032787958895284,DHS,Overweight
PK61+ProfessionalHelp,ProfessionalHelp,PAK61,PK,61,IR,0.588540674005961,DHS,ProfessionalHelp
PK61+SafeSanitation,SafeSanitation,PAK61,PK,61,HR,0.588604845815277,DHS,SafeSanitation
PK61+SecondaryEducation2035,SecondaryEducation2035,PAK61,PK,61,PR,0.330941534394041,DHS,SecondaryEducation2035
PK61+SecondaryEducation35plus,SecondaryEducation35plus,PAK61,PK,61,PR,0.193553704605535,DHS,SecondaryEducation35plus
PK61+Stunting,Stunting,PAK61,PK,61,PR,0.450661710492161,DHS,Stunting
PK61+Wasting,Wasting,PAK61,PK,61,PR,0.108265892440272,DHS,Wasting
PK71+AccessElectricity,AccessElectricity,PAK71,PK,71,HR,0.926598667140691,DHS,AccessElectricity
PK71+AllViolence,AllViolence,PAK71,PK,71,IR,0.334733920121001,DHS,AllViolence
PK71+BankAccount,BankAccount,PAK71,PK,71,IR,0.111975889288082,DHS,BankAccount
PK71+BasicWater,BasicWater,PAK71,PK,71,HR,0.869169437295711,DHS,BasicWater
PK71+CleanFuel,CleanFuel,PAK71,PK,71,HR,0.503562137743199,DHS,CleanFuel
PK71+ContraceptiveMethod,ContraceptiveMethod,PAK71,PK,71,IR,0.485897772298242,DHS,ContraceptiveMethod
PK71+Covid,Covid,PAK71,PK,71,PR,0.054857487384561,DHS,Covid
PK71+EmotionalViolence,EmotionalViolence,PAK71,PK,71,IR,0.260796941343969,DHS,EmotionalViolence
PK71+HigherEducation2535,HigherEducation2535,PAK71,PK,71,PR,0.20921095741883,DHS,HigherEducation2535
PK71+HigherEducation35plus,HigherEducation35plus,PAK71,PK,71,PR,0.120526950350559,DHS,HigherEducation35plus
PK71+InternetUse,InternetUse,PAK71,PK,71,IR,0.153368929491181,DHS,InternetUse
PK71+MobilePhone,MobilePhone,PAK71,PK,71,IR,0.391822728414003,DHS,MobilePhone
PK71+NotOverweight,NotOverweight,PAK71,PK,71,PR,0.975110004432095,DHS,NotOverweight
PK71+NotStunting,NotStunting,PAK71,PK,71,PR,0.621596213462707,DHS,NotStunting
PK71+NotWasting,NotWasting,PAK71,PK,71,PR,0.929664790533234,DHS,NotWasting
PK71+Overweight,Overweight,PAK71,PK,71,PR,0.024889995567905,DHS,Overweight
PK71+PhysicalViolence,PhysicalViolence,PAK71,PK,71,IR,0.229226846845855,DHS,PhysicalViolence
PK71+ProfessionalHelp,ProfessionalHelp,PAK71,PK,71,IR,0.717314106147024,DHS,ProfessionalHelp
PK71+SafeSanitation,SafeSanitation,PAK71,PK,71,HR,0.694683995108418,DHS,SafeSanitation
PK71+SecondaryEducation2035,SecondaryEducation2035,PAK71,PK,71,PR,0.369456752083937,DHS,SecondaryEducation2035
PK71+SecondaryEducation35plus,SecondaryEducation35plus,PAK71,PK,71,PR,0.226728951231048,DHS,SecondaryEducation35plus
PK71+SexualPhysicalViolence,SexualPhysicalViolence,PAK71,PK,71,IR,0.236836784135451,DHS,SexualPhysicalViolence
PK71+SexualViolence,SexualViolence,PAK71,PK,71,IR,0.047914802743654,DHS,SexualViolence
PK71+Stunting,Stunting,PAK71,PK,71,PR,0.378403786537293,DHS,Stunting
PK71+Wasting,Wasting,PAK71,PK,71,PR,0.070335209466766,DHS,Wasting
PH61+AccessElectricity,AccessElectricity,PHL61,PH,61,HR,0.875483810756891,DHS,AccessElectricity
PH61+BasicWater,BasicWater,PHL61,PH,61,HR,0.900061959818498,DHS,BasicWater
PH61+CleanFuel,CleanFuel,PHL61,PH,61,HR,0.374355718296313,DHS,CleanFuel
PH61+ContraceptiveMethod,ContraceptiveMethod,PHL61,PH,61,IR,0.514522635160037,DHS,ContraceptiveMethod
PH61+HigherEducation2535,HigherEducation2535,PHL61,PH,61,PR,0.380806985862083,DHS,HigherEducation2535
PH61+HigherEducation35plus,HigherEducation35plus,PHL61,PH,61,PR,0.27127548662516,DHS,HigherEducation35plus
PH61+ProfessionalHelp,ProfessionalHelp,PHL61,PH,61,IR,0.785547385016403,DHS,ProfessionalHelp
PH61+SafeSanitation,SafeSanitation,PHL61,PH,61,HR,0.697776780971943,DHS,SafeSanitation
PH61+SecondaryEducation2035,SecondaryEducation2035,PHL61,PH,61,PR,0.697095266977664,DHS,SecondaryEducation2035
PH61+SecondaryEducation35plus,SecondaryEducation35plus,PHL61,PH,61,PR,0.504477273810349,DHS,SecondaryEducation35plus
PH70+AccessElectricity,AccessElectricity,PHL70,PH,70,HR,0.927116688822514,DHS,AccessElectricity
PH70+AllViolence,AllViolence,PHL70,PH,70,IR,0.243570416052171,DHS,AllViolence
PH70+BankAccount,BankAccount,PHL70,PH,70,IR,0.222655224915026,DHS,BankAccount
PH70+BasicWater,BasicWater,PHL70,PH,70,HR,0.934619497564724,DHS,BasicWater
PH70+CleanFuel,CleanFuel,PHL70,PH,70,HR,0.505275166479844,DHS,CleanFuel
PH70+ContraceptiveMethod,ContraceptiveMethod,PHL70,PH,70,IR,0.561211815811833,DHS,ContraceptiveMethod
PH70+Covid,Covid,PHL70,PH,70,PR,0.231982520929143,DHS,Covid
PH70+EmotionalViolence,EmotionalViolence,PHL70,PH,70,IR,0.203987303344349,DHS,EmotionalViolence
PH70+HigherEducation2535,HigherEducation2535,PHL70,PH,70,PR,0.393611495146236,DHS,HigherEducation2535
PH70+HigherEducation35plus,HigherEducation35plus,PHL70,PH,70,PR,0.300151941839962,DHS,HigherEducation35plus
PH70+InternetUse,InternetUse,PHL70,PH,70,IR,0.678457518201051,DHS,InternetUse
PH70+MobilePhone,MobilePhone,PHL70,PH,70,IR,0.85781364745959,DHS,MobilePhone
PH70+PhysicalViolence,PhysicalViolence,PHL70,PH,70,IR,0.109746289074777,DHS,PhysicalViolence
PH70+ProfessionalHelp,ProfessionalHelp,PHL70,PH,70,IR,0.877643954458912,DHS,ProfessionalHelp
PH70+SafeSanitation,SafeSanitation,PHL70,PH,70,HR,0.759594419925894,DHS,SafeSanitation
PH70+SecondaryEducation2035,SecondaryEducation2035,PHL70,PH,70,PR,0.715558445107397,DHS,SecondaryEducation2035
PH70+SecondaryEducation35plus,SecondaryEducation35plus,PHL70,PH,70,PR,0.541748407762395,DHS,SecondaryEducation35plus
PH70+SexualPhysicalViolence,SexualPhysicalViolence,PHL70,PH,70,IR,0.122054924580907,DHS,SexualPhysicalViolence
PH70+SexualViolence,SexualViolence,PHL70,PH,70,IR,0.039619516555771,DHS,SexualViolence
PG70+AccessElectricity,AccessElectricity,PNG70,PG,70,HR,0.146112940890746,DHS,AccessElectricity
PG70+AllViolence,AllViolence,PNG70,PG,70,IR,0.629433169991211,DHS,AllViolence
PG70+BankAccount,BankAccount,PNG70,PG,70,IR,0.213413394509578,DHS,BankAccount
PG70+BasicWater,BasicWater,PNG70,PG,70,HR,0.394746749039751,DHS,BasicWater
PG70+CleanFuel,CleanFuel,PNG70,PG,70,HR,0.075855058690324,DHS,CleanFuel
PG70+ContraceptiveMethod,ContraceptiveMethod,PNG70,PG,70,IR,0.491632260447366,DHS,ContraceptiveMethod
PG70+Covid,Covid,PNG70,PG,70,PR,0.044438166865384,DHS,Covid
PG70+EmotionalViolence,EmotionalViolence,PNG70,PG,70,IR,0.498344218187381,DHS,EmotionalViolence
PG70+HigherEducation2535,HigherEducation2535,PNG70,PG,70,PR,0.084306554250126,DHS,HigherEducation2535
PG70+HigherEducation35plus,HigherEducation35plus,PNG70,PG,70,PR,0.074635897348809,DHS,HigherEducation35plus
PG70+InternetUse,InternetUse,PNG70,PG,70,IR,0.134406677507179,DHS,InternetUse
PG70+MobilePhone,MobilePhone,PNG70,PG,70,IR,0.341354263599575,DHS,MobilePhone
PG70+NotOverweight,NotOverweight,PNG70,PG,70,PR,0.910939309428406,DHS,NotOverweight
PG70+NotStunting,NotStunting,PNG70,PG,70,PR,0.568003211395534,DHS,NotStunting
PG70+NotWasting,NotWasting,PNG70,PG,70,PR,0.908700997563285,DHS,NotWasting
PG70+Overweight,Overweight,PNG70,PG,70,PR,0.089060690571594,DHS,Overweight
PG70+PhysicalViolence,PhysicalViolence,PNG70,PG,70,IR,0.543976339576341,DHS,PhysicalViolence
PG70+ProfessionalHelp,ProfessionalHelp,PNG70,PG,70,IR,0.608706565281277,DHS,ProfessionalHelp
PG70+SafeSanitation,SafeSanitation,PNG70,PG,70,HR,0.223270354781206,DHS,SafeSanitation
PG70+SecondaryEducation2035,SecondaryEducation2035,PNG70,PG,70,PR,0.15792387403791,DHS,SecondaryEducation2035
PG70+SecondaryEducation35plus,SecondaryEducation35plus,PNG70,PG,70,PR,0.09408634927989,DHS,SecondaryEducation35plus
PG70+SexualPhysicalViolence,SexualPhysicalViolence,PNG70,PG,70,IR,0.570756740052938,DHS,SexualPhysicalViolence
PG70+SexualViolence,SexualViolence,PNG70,PG,70,IR,0.291530468886609,DHS,SexualViolence
PG70+Stunting,Stunting,PNG70,PG,70,PR,0.431996788604466,DHS,Stunting
PG70+Wasting,Wasting,PNG70,PG,70,PR,0.091299002436715,DHS,Wasting
Thailand2012+AccessElectricity,AccessElectricity,THA2012,Thailand,2012,hh,0.991126130649677,MICS,AccessElectricity
Thailand2012+BankCardHH,BankCardHH,THA2012,Thailand,2012,hh,0.884633416595209,MICS,BankCardHH
Thailand2012+BasicWater,BasicWater,THA2012,Thailand,2012,hh,0.98249738398273,MICS,BasicWater
Thailand2012+CleanFuel,CleanFuel,THA2012,Thailand,2012,hh,0.707907262490935,MICS,CleanFuel
Thailand2012+ContraceptiveMethod,ContraceptiveMethod,THA2012,Thailand,2012,wm,0.897350367126219,MICS,ContraceptiveMethod
Thailand2012+HigherEducation2535,HigherEducation2535,THA2012,Thailand,2012,hl,0.330763859839502,MICS,HigherEducation2535
Thailand2012+HigherEducation35plus,HigherEducation35plus,THA2012,Thailand,2012,hl,0.111859996602866,MICS,HigherEducation35plus
Thailand2012+NotOverweight,NotOverweight,THA2012,Thailand,2012,ch,0.890176774905101,MICS,NotOverweight
Thailand2012+NotStunting,NotStunting,THA2012,Thailand,2012,ch,0.835196857980612,MICS,NotStunting
Thailand2012+NotWasting,NotWasting,THA2012,Thailand,2012,ch,0.932778834361405,MICS,NotWasting
Thailand2012+Overweight,Overweight,THA2012,Thailand,2012,ch,0.109823225094899,MICS,Overweight
Thailand2012+ProfessionalHelp,ProfessionalHelp,THA2012,Thailand,2012,wm,0.996649958518753,MICS,ProfessionalHelp
Thailand2012+ReasonBeating,ReasonBeating,THA2012,Thailand,2012,wm,0.130716944602649,MICS,ReasonBeating
Thailand2012+SafeSanitation,SafeSanitation,THA2012,Thailand,2012,hh,0.968922525122704,MICS,SafeSanitation
Thailand2012+SecondaryEducation2035,SecondaryEducation2035,THA2012,Thailand,2012,hl,0.550426979374986,MICS,SecondaryEducation2035
Thailand2012+SecondaryEducation35plus,SecondaryEducation35plus,THA2012,Thailand,2012,hl,0.202917292957955,MICS,SecondaryEducation35plus
Thailand2012+Stunting,Stunting,THA2012,Thailand,2012,ch,0.164803142019388,MICS,Stunting
Thailand2012+Wasting,Wasting,THA2012,Thailand,2012,ch,0.067221165638595,MICS,Wasting
Thailand2015+AccessElectricity,AccessElectricity,THA2015,Thailand,2015,hh,0.995831199731695,MICS,AccessElectricity
Thailand2015+BankCardHH,BankCardHH,THA2015,Thailand,2015,hh,0.899448808370891,MICS,BankCardHH
Thailand2015+BasicWater,BasicWater,THA2015,Thailand,2015,hh,0.990543702519169,MICS,BasicWater
Thailand2015+CleanFuel,CleanFuel,THA2015,Thailand,2015,hh,0.74272988925763,MICS,CleanFuel
Thailand2015+ContraceptiveMethod,ContraceptiveMethod,THA2015,Thailand,2015,wm,0.887732428791499,MICS,ContraceptiveMethod
Thailand2015+HigherEducation2535,HigherEducation2535,THA2015,Thailand,2015,hl,0.400246217434207,MICS,HigherEducation2535
Thailand2015+HigherEducation35plus,HigherEducation35plus,THA2015,Thailand,2015,hl,0.154617192571374,MICS,HigherEducation35plus
Thailand2015+NotOverweight,NotOverweight,THA2015,Thailand,2015,ch,0.91732944396933,MICS,NotOverweight
Thailand2015+NotStunting,NotStunting,THA2015,Thailand,2015,ch,0.894428960319719,MICS,NotStunting
Thailand2015+NotWasting,NotWasting,THA2015,Thailand,2015,ch,0.945936599308675,MICS,NotWasting
Thailand2015+Overweight,Overweight,THA2015,Thailand,2015,ch,0.08267055603067,MICS,Overweight
Thailand2015+ProfessionalHelp,ProfessionalHelp,THA2015,Thailand,2015,wm,0.991335196445027,MICS,ProfessionalHelp
Thailand2015+ReasonBeating,ReasonBeating,THA2015,Thailand,2015,wm,0.086423400644873,MICS,ReasonBeating
Thailand2015+SafeSanitation,SafeSanitation,THA2015,Thailand,2015,hh,0.965736431350733,MICS,SafeSanitation
Thailand2015+SecondaryEducation2035,SecondaryEducation2035,THA2015,Thailand,2015,hl,0.578185256056538,MICS,SecondaryEducation2035
Thailand2015+SecondaryEducation35plus,SecondaryEducation35plus,THA2015,Thailand,2015,hl,0.236158358267495,MICS,SecondaryEducation35plus
Thailand2015+Stunting,Stunting,THA2015,Thailand,2015,ch,0.105571039680281,MICS,Stunting
Thailand2015+Wasting,Wasting,THA2015,Thailand,2015,ch,0.054063400691325,MICS,Wasting
Thailand2019+AccessElectricity,AccessElectricity,THA2019,Thailand,2019,hh,0.998538717758101,MICS,AccessElectricity
Thailand2019+BankCardHH,BankCardHH,THA2019,Thailand,2019,hh,0.944280461542586,MICS,BankCardHH
Thailand2019+BasicWater,BasicWater,THA2019,Thailand,2019,hh,0.995672752703011,MICS,BasicWater
Thailand2019+CleanFuel,CleanFuel,THA2019,Thailand,2019,hh,0.778522784642803,MICS,CleanFuel
Thailand2019+ContraceptiveMethod,ContraceptiveMethod,THA2019,Thailand,2019,wm,0.871496106825998,MICS,ContraceptiveMethod
Thailand2019+Covid,Covid,THA2019,Thailand,2019,hl,0.607237780804198,MICS,Covid
Thailand2019+HigherEducation2535,HigherEducation2535,THA2019,Thailand,2019,hl,0.416082133627744,MICS,HigherEducation2535
Thailand2019+HigherEducation35plus,HigherEducation35plus,THA2019,Thailand,2019,hl,0.187446727872721,MICS,HigherEducation35plus
Thailand2019+NotOverweight,NotOverweight,THA2019,Thailand,2019,ch,0.907697350493154,MICS,NotOverweight
Thailand2019+NotStunting,NotStunting,THA2019,Thailand,2019,ch,0.864996860233377,MICS,NotStunting
Thailand2019+NotWasting,NotWasting,THA2019,Thailand,2019,ch,0.922645215534579,MICS,NotWasting
Thailand2019+NoViolenceJustifiedAgainstWomen,NoViolenceJustifiedAgainstWomen,THA2019,Thailand,2019,wm,0.927865410211724,MICS,NoViolenceJustifiedAgainstWomen
Thailand2019+Overweight,Overweight,THA2019,Thailand,2019,ch,0.092302649506846,MICS,Overweight
Thailand2019+ProfessionalHelp,ProfessionalHelp,THA2019,Thailand,2019,wm,0.991358789386192,MICS,ProfessionalHelp
Thailand2019+ReasonBeating,ReasonBeating,THA2019,Thailand,2019,wm,0.072134589788276,MICS,ReasonBeating
Thailand2019+SafeSanitation,SafeSanitation,THA2019,Thailand,2019,hh,0.965126808811352,MICS,SafeSanitation
Thailand2019+SecondaryEducation2035,SecondaryEducation2035,THA2019,Thailand,2019,hl,0.615534362897047,MICS,SecondaryEducation2035
Thailand2019+SecondaryEducation35plus,SecondaryEducation35plus,THA2019,Thailand,2019,hl,0.271547312184055,MICS,SecondaryEducation35plus
Thailand2019+Stunting,Stunting,THA2019,Thailand,2019,ch,0.135003139766623,MICS,Stunting
Thailand2019+Wasting,Wasting,THA2019,Thailand,2019,ch,0.077354784465421,MICS,Wasting
TJ61+AccessElectricity,AccessElectricity,TJK61,TJ,61,HR,0.991088742077342,DHS,AccessElectricity
TJ61+BasicWater,BasicWater,TJK61,TJ,61,HR,0.724672242007336,DHS,BasicWater
TJ61+CleanFuel,CleanFuel,TJK61,TJ,61,HR,0.705149368487188,DHS,CleanFuel
TJ61+ContraceptiveMethod,ContraceptiveMethod,TJK61,TJ,61,IR,0.510101538444529,DHS,ContraceptiveMethod
TJ61+HigherEducation2535,HigherEducation2535,TJK61,TJ,61,PR,0.223104772431673,DHS,HigherEducation2535
TJ61+HigherEducation35plus,HigherEducation35plus,TJK61,TJ,61,PR,0.270947817419477,DHS,HigherEducation35plus
TJ61+NotOverweight,NotOverweight,TJK61,TJ,61,PR,0.941554027678784,DHS,NotOverweight
TJ61+NotStunting,NotStunting,TJK61,TJ,61,PR,0.736048455436635,DHS,NotStunting
TJ61+NotWasting,NotWasting,TJK61,TJ,61,PR,0.899605234725538,DHS,NotWasting
TJ61+Overweight,Overweight,TJK61,TJ,61,PR,0.058445972321216,DHS,Overweight
TJ61+ProfessionalHelp,ProfessionalHelp,TJK61,TJ,61,IR,0.89208138525298,DHS,ProfessionalHelp
TJ61+SafeSanitation,SafeSanitation,TJK61,TJ,61,HR,0.935763811827361,DHS,SafeSanitation
TJ61+SecondaryEducation2035,SecondaryEducation2035,TJK61,TJ,61,PR,0.634077026579336,DHS,SecondaryEducation2035
TJ61+SecondaryEducation35plus,SecondaryEducation35plus,TJK61,TJ,61,PR,0.774375590664612,DHS,SecondaryEducation35plus
TJ61+Stunting,Stunting,TJK61,TJ,61,PR,0.263951544563365,DHS,Stunting
TJ61+Wasting,Wasting,TJK61,TJ,61,PR,0.100394765274462,DHS,Wasting
TJ70+AccessElectricity,AccessElectricity,TJK70,TJ,70,HR,0.991845700345744,DHS,AccessElectricity
TJ70+AllViolence,AllViolence,TJK70,TJ,70,IR,0.308301981247086,DHS,AllViolence
TJ70+BankAccount,BankAccount,TJK70,TJ,70,IR,0.011019053360969,DHS,BankAccount
TJ70+BasicWater,BasicWater,TJK70,TJ,70,HR,0.760671804337967,DHS,BasicWater
TJ70+CleanFuel,CleanFuel,TJK70,TJ,70,HR,0.835104418656869,DHS,CleanFuel
TJ70+ContraceptiveMethod,ContraceptiveMethod,TJK70,TJ,70,IR,0.522360620131244,DHS,ContraceptiveMethod
TJ70+Covid,Covid,TJK70,TJ,70,PR,0.151296469655855,DHS,Covid
TJ70+EmotionalViolence,EmotionalViolence,TJK70,TJ,70,IR,0.155256495914109,DHS,EmotionalViolence
TJ70+HigherEducation2535,HigherEducation2535,TJK70,TJ,70,PR,0.237889427201392,DHS,HigherEducation2535
TJ70+HigherEducation35plus,HigherEducation35plus,TJK70,TJ,70,PR,0.281130078319475,DHS,HigherEducation35plus
TJ70+InternetUse,InternetUse,TJK70,TJ,70,IR,0.124036340840805,DHS,InternetUse
TJ70+MobilePhone,MobilePhone,TJK70,TJ,70,IR,0.537330997129939,DHS,MobilePhone
TJ70+NotOverweight,NotOverweight,TJK70,TJ,70,PR,0.966631615919552,DHS,NotOverweight
TJ70+NotStunting,NotStunting,TJK70,TJ,70,PR,0.821494044558437,DHS,NotStunting
TJ70+NotWasting,NotWasting,TJK70,TJ,70,PR,0.942973852033922,DHS,NotWasting
TJ70+Overweight,Overweight,TJK70,TJ,70,PR,0.033368384080448,DHS,Overweight
TJ70+PhysicalViolence,PhysicalViolence,TJK70,TJ,70,IR,0.25287662252289,DHS,PhysicalViolence
TJ70+ProfessionalHelp,ProfessionalHelp,TJK70,TJ,70,IR,0.959446938571616,DHS,ProfessionalHelp
TJ70+SafeSanitation,SafeSanitation,TJK70,TJ,70,HR,0.964609202621726,DHS,SafeSanitation
TJ70+SecondaryEducation2035,SecondaryEducation2035,TJK70,TJ,70,PR,0.663522216053426,DHS,SecondaryEducation2035
TJ70+SecondaryEducation35plus,SecondaryEducation35plus,TJK70,TJ,70,PR,0.765656174023972,DHS,SecondaryEducation35plus
TJ70+SexualPhysicalViolence,SexualPhysicalViolence,TJK70,TJ,70,IR,0.256760112167932,DHS,SexualPhysicalViolence
TJ70+SexualViolence,SexualViolence,TJK70,TJ,70,IR,0.01721491375527,DHS,SexualViolence
TJ70+Stunting,Stunting,TJK70,TJ,70,PR,0.178505955441563,DHS,Stunting
TJ70+Wasting,Wasting,TJK70,TJ,70,PR,0.057026147966078,DHS,Wasting
Turkmenistan2015+BankCardHH,BankCardHH,TKM2015,Turkmenistan,2015,hh,0.370125927841556,MICS,BankCardHH
Turkmenistan2015+BasicWater,BasicWater,TKM2015,Turkmenistan,2015,hh,0.838047224049554,MICS,BasicWater
Turkmenistan2015+ContraceptiveMethod,ContraceptiveMethod,TKM2015,Turkmenistan,2015,wm,0.754421814768206,MICS,ContraceptiveMethod
Turkmenistan2015+HigherEducation2535,HigherEducation2535,TKM2015,Turkmenistan,2015,hl,0.061294920565829,MICS,HigherEducation2535
Turkmenistan2015+HigherEducation35plus,HigherEducation35plus,TKM2015,Turkmenistan,2015,hl,0.127732771135205,MICS,HigherEducation35plus
Turkmenistan2015+InternetUse,InternetUse,TKM2015,Turkmenistan,2015,wm,0.392865693028386,MICS,InternetUse
Turkmenistan2015+NotOverweight,NotOverweight,TKM2015,Turkmenistan,2015,ch,0.940876272649539,MICS,NotOverweight
Turkmenistan2015+NotStunting,NotStunting,TKM2015,Turkmenistan,2015,ch,0.884091230701716,MICS,NotStunting
Turkmenistan2015+NotWasting,NotWasting,TKM2015,Turkmenistan,2015,ch,0.958006641745141,MICS,NotWasting
Turkmenistan2015+Overweight,Overweight,TKM2015,Turkmenistan,2015,ch,0.059123727350461,MICS,Overweight
Turkmenistan2015+ReasonBeating,ReasonBeating,TKM2015,Turkmenistan,2015,wm,0.263239893024845,MICS,ReasonBeating
Turkmenistan2015+SafeSanitation,SafeSanitation,TKM2015,Turkmenistan,2015,hh,0.983702847446042,MICS,SafeSanitation
Turkmenistan2015+SecondaryEducation2035,SecondaryEducation2035,TKM2015,Turkmenistan,2015,hl,0.190808947266672,MICS,SecondaryEducation2035
Turkmenistan2015+SecondaryEducation35plus,SecondaryEducation35plus,TKM2015,Turkmenistan,2015,hl,0.347071123368879,MICS,SecondaryEducation35plus
Turkmenistan2015+Stunting,Stunting,TKM2015,Turkmenistan,2015,ch,0.115908769298284,MICS,Stunting
Turkmenistan2015+Wasting,Wasting,TKM2015,Turkmenistan,2015,ch,0.041993358254859,MICS,Wasting
Turkmenistan2019+AccessElectricity,AccessElectricity,TKM2019,Turkmenistan,2019,hh,0.999535513162444,MICS,AccessElectricity
Turkmenistan2019+BankCardHH,BankCardHH,TKM2019,Turkmenistan,2019,hh,0.930014900924725,MICS,BankCardHH
Turkmenistan2019+BasicWater,BasicWater,TKM2019,Turkmenistan,2019,hh,0.999086052151952,MICS,BasicWater
Turkmenistan2019+ContraceptiveMethod,ContraceptiveMethod,TKM2019,Turkmenistan,2019,wm,0.785914130033308,MICS,ContraceptiveMethod
Turkmenistan2019+HigherEducation2535,HigherEducation2535,TKM2019,Turkmenistan,2019,hl,0.102985210711228,MICS,HigherEducation2535
Turkmenistan2019+HigherEducation35plus,HigherEducation35plus,TKM2019,Turkmenistan,2019,hl,0.146809775093443,MICS,HigherEducation35plus
Turkmenistan2019+InternetUse,InternetUse,TKM2019,Turkmenistan,2019,wm,0.526893682176823,MICS,InternetUse
Turkmenistan2019+MobilePhone,MobilePhone,TKM2019,Turkmenistan,2019,wm,0.910630526509325,MICS,MobilePhone
Turkmenistan2019+NotOverweight,NotOverweight,TKM2019,Turkmenistan,2019,ch,0.968768744726638,MICS,NotOverweight
Turkmenistan2019+NotStunting,NotStunting,TKM2019,Turkmenistan,2019,ch,0.928789709318199,MICS,NotStunting
Turkmenistan2019+NotWasting,NotWasting,TKM2019,Turkmenistan,2019,ch,0.958014030079563,MICS,NotWasting
Turkmenistan2019+Overweight,Overweight,TKM2019,Turkmenistan,2019,ch,0.031231255273362,MICS,Overweight
Turkmenistan2019+ReasonBeating,ReasonBeating,TKM2019,Turkmenistan,2019,wm,0.485778563913322,MICS,ReasonBeating
Turkmenistan2019+SafeSanitation,SafeSanitation,TKM2019,Turkmenistan,2019,hh,0.985950908676411,MICS,SafeSanitation
Turkmenistan2019+SecondaryEducation2035,SecondaryEducation2035,TKM2019,Turkmenistan,2019,hl,0.334679665254567,MICS,SecondaryEducation2035
Turkmenistan2019+SecondaryEducation35plus,SecondaryEducation35plus,TKM2019,Turkmenistan,2019,hl,0.362334639643817,MICS,SecondaryEducation35plus
Turkmenistan2019+Stunting,Stunting,TKM2019,Turkmenistan,2019,ch,0.071210290681801,MICS,Stunting
Turkmenistan2019+Wasting,Wasting,TKM2019,Turkmenistan,2019,ch,0.041985969920437,MICS,Wasting
TL61+AccessElectricity,AccessElectricity,TLS61,TL,61,HR,0.379525623806518,DHS,AccessElectricity
TL61+BasicWater,BasicWater,TLS61,TL,61,HR,0.526804592024876,DHS,BasicWater
TL61+CleanFuel,CleanFuel,TLS61,TL,61,HR,0.026270531685621,DHS,CleanFuel
TL61+HigherEducation2535,HigherEducation2535,TLS61,TL,61,PR,0.076294835297741,DHS,HigherEducation2535
TL61+HigherEducation35plus,HigherEducation35plus,TLS61,TL,61,PR,0.021183389581326,DHS,HigherEducation35plus
TL61+NotOverweight,NotOverweight,TLS61,TL,61,PR,0.952199684945174,DHS,NotOverweight
TL61+NotStunting,NotStunting,TLS61,TL,61,PR,0.416499243679111,DHS,NotStunting
TL61+NotWasting,NotWasting,TLS61,TL,61,PR,0.811493406582872,DHS,NotWasting
TL61+Overweight,Overweight,TLS61,TL,61,PR,0.047800315054826,DHS,Overweight
TL61+SafeSanitation,SafeSanitation,TLS61,TL,61,HR,0.413193873054157,DHS,SafeSanitation
TL61+SecondaryEducation2035,SecondaryEducation2035,TLS61,TL,61,PR,0.324744985969926,DHS,SecondaryEducation2035
TL61+SecondaryEducation35plus,SecondaryEducation35plus,TLS61,TL,61,PR,0.113504031838461,DHS,SecondaryEducation35plus
TL61+Stunting,Stunting,TLS61,TL,61,PR,0.583500756320889,DHS,Stunting
TL61+Wasting,Wasting,TLS61,TL,61,PR,0.188506593417128,DHS,Wasting
TL71+AccessElectricity,AccessElectricity,TLS71,TL,71,HR,0.732506841702891,DHS,AccessElectricity
TL71+AllViolence,AllViolence,TLS71,TL,71,IR,0.400881743779541,DHS,AllViolence
TL71+BankAccount,BankAccount,TLS71,TL,71,IR,0.12579554662714,DHS,BankAccount
TL71+BasicWater,BasicWater,TLS71,TL,71,HR,0.71624546264401,DHS,BasicWater
TL71+CleanFuel,CleanFuel,TLS71,TL,71,HR,0.090880922099912,DHS,CleanFuel
TL71+ContraceptiveMethod,ContraceptiveMethod,TLS71,TL,71,IR,0.466247452736753,DHS,ContraceptiveMethod
TL71+Covid,Covid,TLS71,TL,71,PR,0.090708283910361,DHS,Covid
TL71+EmotionalViolence,EmotionalViolence,TLS71,TL,71,IR,0.086814402417985,DHS,EmotionalViolence
TL71+HigherEducation2535,HigherEducation2535,TLS71,TL,71,PR,0.192254427844738,DHS,HigherEducation2535
TL71+HigherEducation35plus,HigherEducation35plus,TLS71,TL,71,PR,0.056752191524114,DHS,HigherEducation35plus
TL71+InternetUse,InternetUse,TLS71,TL,71,IR,0.239245454254863,DHS,InternetUse
TL71+MobilePhone,MobilePhone,TLS71,TL,71,IR,0.655816568946809,DHS,MobilePhone
TL71+NotOverweight,NotOverweight,TLS71,TL,71,PR,0.945043410389499,DHS,NotOverweight
TL71+NotStunting,NotStunting,TLS71,TL,71,PR,0.542691423062408,DHS,NotStunting
TL71+NotWasting,NotWasting,TLS71,TL,71,PR,0.756712855940277,DHS,NotWasting
TL71+Overweight,Overweight,TLS71,TL,71,PR,0.054956589610501,DHS,Overweight
TL71+PhysicalViolence,PhysicalViolence,TLS71,TL,71,IR,0.366162232061842,DHS,PhysicalViolence
TL71+ProfessionalHelp,ProfessionalHelp,TLS71,TL,71,IR,0.619186367832693,DHS,ProfessionalHelp
TL71+SafeSanitation,SafeSanitation,TLS71,TL,71,HR,0.500915938203935,DHS,SafeSanitation
TL71+SecondaryEducation2035,SecondaryEducation2035,TLS71,TL,71,PR,0.479153471160435,DHS,SecondaryEducation2035
TL71+SecondaryEducation35plus,SecondaryEducation35plus,TLS71,TL,71,PR,0.172712550894662,DHS,SecondaryEducation35plus
TL71+SexualPhysicalViolence,SexualPhysicalViolence,TLS71,TL,71,IR,0.380505673938202,DHS,SexualPhysicalViolence
TL71+SexualViolence,SexualViolence,TLS71,TL,71,IR,0.05005962822081,DHS,SexualViolence
TL71+Stunting,Stunting,TLS71,TL,71,PR,0.457308576937592,DHS,Stunting
TL71+Wasting,Wasting,TLS71,TL,71,PR,0.243287144059723,DHS,Wasting
Tonga2019+AccessElectricity,AccessElectricity,TON2019,Tonga,2019,hh,0.982396236359229,MICS,AccessElectricity
Tonga2019+AllViolence,AllViolence,TON2019,Tonga,2019,wm,0.263606622691654,MICS,AllViolence
Tonga2019+BankCardHH,BankCardHH,TON2019,Tonga,2019,hh,0.86102391158961,MICS,BankCardHH
Tonga2019+BasicWater,BasicWater,TON2019,Tonga,2019,hh,0.98746411689792,MICS,BasicWater
Tonga2019+CleanFuel,CleanFuel,TON2019,Tonga,2019,hh,0.839480991283851,MICS,CleanFuel
Tonga2019+ContraceptiveMethod,ContraceptiveMethod,TON2019,Tonga,2019,wm,0.498718826693259,MICS,ContraceptiveMethod
Tonga2019+Covid,Covid,TON2019,Tonga,2019,hl,0.416336149175428,MICS,Covid
Tonga2019+EmotionalViolence,EmotionalViolence,TON2019,Tonga,2019,wm,0.178108743387237,MICS,EmotionalViolence
Tonga2019+HigherEducation2535,HigherEducation2535,TON2019,Tonga,2019,hl,0.207713095618864,MICS,HigherEducation2535
Tonga2019+HigherEducation35plus,HigherEducation35plus,TON2019,Tonga,2019,hl,0.136466531201149,MICS,HigherEducation35plus
Tonga2019+InternetUse,InternetUse,TON2019,Tonga,2019,wm,0.800358435177991,MICS,InternetUse
Tonga2019+MobilePhone,MobilePhone,TON2019,Tonga,2019,wm,0.852765701770561,MICS,MobilePhone
Tonga2019+NoSexualViolence,NoSexualViolence,TON2019,Tonga,2019,wm,0.966752487538124,MICS,NoSexualViolence
Tonga2019+NotOverweight,NotOverweight,TON2019,Tonga,2019,ch,0.884355926481458,MICS,NotOverweight
Tonga2019+NotStunting,NotStunting,TON2019,Tonga,2019,ch,0.977897802672087,MICS,NotStunting
Tonga2019+NotWasting,NotWasting,TON2019,Tonga,2019,ch,0.989392916224609,MICS,NotWasting
Tonga2019+NoViolenceJustifiedAgainstWomen,NoViolenceJustifiedAgainstWomen,TON2019,Tonga,2019,wm,0.61895621621357,MICS,NoViolenceJustifiedAgainstWomen
Tonga2019+Overweight,Overweight,TON2019,Tonga,2019,ch,0.115644073518542,MICS,Overweight
Tonga2019+PhysicalViolence,PhysicalViolence,TON2019,Tonga,2019,wm,0.190970433307358,MICS,PhysicalViolence
Tonga2019+ProfessionalHelp,ProfessionalHelp,TON2019,Tonga,2019,wm,0.978981423574364,MICS,ProfessionalHelp
Tonga2019+ReasonBeating,ReasonBeating,TON2019,Tonga,2019,wm,0.38104378378643,MICS,ReasonBeating
Tonga2019+SafeSanitation,SafeSanitation,TON2019,Tonga,2019,hh,0.917533798895879,MICS,SafeSanitation
Tonga2019+SecondaryEducation2035,SecondaryEducation2035,TON2019,Tonga,2019,hl,0.431983797882538,MICS,SecondaryEducation2035
Tonga2019+SecondaryEducation35plus,SecondaryEducation35plus,TON2019,Tonga,2019,hl,0.227513277241339,MICS,SecondaryEducation35plus
Tonga2019+SexualPhysicalViolence,SexualPhysicalViolence,TON2019,Tonga,2019,wm,0.196532254084645,MICS,SexualPhysicalViolence
Tonga2019+SexualViolence,SexualViolence,TON2019,Tonga,2019,wm,0.033247512461876,MICS,SexualViolence
Tonga2019+Stunting,Stunting,TON2019,Tonga,2019,ch,0.022102197327913,MICS,Stunting
Tonga2019+Wasting,Wasting,TON2019,Tonga,2019,ch,0.010607083775391,MICS,Wasting
TR61+BasicWater,BasicWater,TUR61,TR,61,HR,0.965327678255149,DHS,BasicWater
TR61+ContraceptiveMethod,ContraceptiveMethod,TUR61,TR,61,IR,0.563538547596591,DHS,ContraceptiveMethod
TR61+HigherEducation2535,HigherEducation2535,TUR61,TR,61,PR,0.25074603605382,DHS,HigherEducation2535
TR61+HigherEducation35plus,HigherEducation35plus,TUR61,TR,61,PR,0.104167156764247,DHS,HigherEducation35plus
TR61+ProfessionalHelp,ProfessionalHelp,TUR61,TR,61,IR,0.984339169092028,DHS,ProfessionalHelp
TR61+SafeSanitation,SafeSanitation,TUR61,TR,61,HR,0.965692755837558,DHS,SafeSanitation
TR61+SecondaryEducation2035,SecondaryEducation2035,TUR61,TR,61,PR,0.613573627612264,DHS,SecondaryEducation2035
TR61+SecondaryEducation35plus,SecondaryEducation35plus,TUR61,TR,61,PR,0.288263924429568,DHS,SecondaryEducation35plus
Vietnam2010+AccessElectricity,AccessElectricity,VNM2010,Vietnam,2010,hh,0.988926508202922,MICS,AccessElectricity
Vietnam2010+BankCardHH,BankCardHH,VNM2010,Vietnam,2010,hh,0.228366091068986,MICS,BankCardHH
Vietnam2010+BasicWater,BasicWater,VNM2010,Vietnam,2010,hh,0.932201560540435,MICS,BasicWater
Vietnam2010+CleanFuel,CleanFuel,VNM2010,Vietnam,2010,hh,0.533513517416535,MICS,CleanFuel
Vietnam2010+ContraceptiveMethod,ContraceptiveMethod,VNM2010,Vietnam,2010,wm,0.71735932625885,MICS,ContraceptiveMethod
Vietnam2010+HigherEducation2535,HigherEducation2535,VNM2010,Vietnam,2010,hl,0.149566407083204,MICS,HigherEducation2535
Vietnam2010+HigherEducation35plus,HigherEducation35plus,VNM2010,Vietnam,2010,hl,0.064875224355029,MICS,HigherEducation35plus
Vietnam2010+NotOverweight,NotOverweight,VNM2010,Vietnam,2010,ch,0.954034080448888,MICS,NotOverweight
Vietnam2010+NotStunting,NotStunting,VNM2010,Vietnam,2010,ch,0.769116170809036,MICS,NotStunting
Vietnam2010+NotWasting,NotWasting,VNM2010,Vietnam,2010,ch,0.958090784436285,MICS,NotWasting
Vietnam2010+Overweight,Overweight,VNM2010,Vietnam,2010,ch,0.045965919551112,MICS,Overweight
Vietnam2010+ProfessionalHelp,ProfessionalHelp,VNM2010,Vietnam,2010,wm,0.928759273974707,MICS,ProfessionalHelp
Vietnam2010+ReasonBeating,ReasonBeating,VNM2010,Vietnam,2010,wm,0.358383973573618,MICS,ReasonBeating
Vietnam2010+SafeSanitation,SafeSanitation,VNM2010,Vietnam,2010,hh,0.73529642749639,MICS,SafeSanitation
Vietnam2010+SecondaryEducation2035,SecondaryEducation2035,VNM2010,Vietnam,2010,hl,0.380793175295447,MICS,SecondaryEducation2035
Vietnam2010+SecondaryEducation35plus,SecondaryEducation35plus,VNM2010,Vietnam,2010,hl,0.174427282729593,MICS,SecondaryEducation35plus
Vietnam2010+Stunting,Stunting,VNM2010,Vietnam,2010,ch,0.230883829190964,MICS,Stunting
Vietnam2010+Wasting,Wasting,VNM2010,Vietnam,2010,ch,0.041909215563715,MICS,Wasting
VietNam2013+AccessElectricity,AccessElectricity,VNM2013,VietNam,2013,hh,0.992419868140279,MICS,AccessElectricity
VietNam2013+BankCardHH,BankCardHH,VNM2013,VietNam,2013,hh,0.331215798796911,MICS,BankCardHH
VietNam2013+BasicWater,BasicWater,VNM2013,VietNam,2013,hh,0.928419496919519,MICS,BasicWater
VietNam2013+CleanFuel,CleanFuel,VNM2013,VietNam,2013,hh,0.583309252189824,MICS,CleanFuel
VietNam2013+ContraceptiveMethod,ContraceptiveMethod,VNM2013,VietNam,2013,wm,0.683123454805648,MICS,ContraceptiveMethod
VietNam2013+Covid,Covid,VNM2013,VietNam,2013,hl,0.437437835729284,MICS,Covid
VietNam2013+HigherEducation2535,HigherEducation2535,VNM2013,VietNam,2013,hl,0.183965731383238,MICS,HigherEducation2535
VietNam2013+HigherEducation35plus,HigherEducation35plus,VNM2013,VietNam,2013,hl,0.073777880486186,MICS,HigherEducation35plus
VietNam2013+InternetUse,InternetUse,VNM2013,VietNam,2013,wm,0.666773893936566,MICS,InternetUse
VietNam2013+MobilePhone,MobilePhone,VNM2013,VietNam,2013,wm,0.818863320535432,MICS,MobilePhone
VietNam2013+ProfessionalHelp,ProfessionalHelp,VNM2013,VietNam,2013,wm,0.937590830451782,MICS,ProfessionalHelp
VietNam2013+ReasonBeating,ReasonBeating,VNM2013,VietNam,2013,wm,0.28247184772415,MICS,ReasonBeating
VietNam2013+SafeSanitation,SafeSanitation,VNM2013,VietNam,2013,hh,0.77652319977619,MICS,SafeSanitation
VietNam2013+SecondaryEducation2035,SecondaryEducation2035,VNM2013,VietNam,2013,hl,0.458339057414129,MICS,SecondaryEducation2035
VietNam2013+SecondaryEducation35plus,SecondaryEducation35plus,VNM2013,VietNam,2013,hl,0.180905703404933,MICS,SecondaryEducation35plus
