surveyname,varName,DataType,Major categories,pct of the rest,Total,,2,1,3,4,,,,,,,,,,,,,,,,,,,,,,,,,,,,,,,,,,,,,,,,,,,,,,,,,,,,,,,,,,,,,,
Afghanistan2010,Ethnicity,Code,,,Total,,2,1,3,9,,,,,,,,,,,,,,,,,,,,,,,,,,,,,,,,,,,,,,,,,,,,,,,,,,,,,,,,,,,,,,
Afghanistan2010,Ethnicity,PctByCount,1 + 2,15.7,94.2233442233442,,52.2572023,32.0908821,9.7564598,0.1188001,,,,,,,,,,,,,,,,,,,,,,,,,,,,,,,,,,,,,,,,,,,,,,,,,,,,,,,,,,,,,,
Afghanistan2010,Ethnicity,Name,,,Total,,Dari,Pashto,Uzbek/Turkmen,Missing/DK,,,,,,,,,,,,,,,,,,,,,,,,,,,,,,,,,,,,,,,,,,,,,,,,,,,,,,,,,,,,,,
Afghanistan2010,Ethnicity,PctByCount,,,94.2233442233442,,52.2572023,32.0908821,9.7564598,0.1188001,,,,,,,,,,,,,,,,,,,,,,,,,,,,,,,,,,,,,,,,,,,,,,,,,,,,,,,,,,,,,,
---------- tabulation on  Bangladesh 2019 Religion,,,,,,,,,,,,,,,,,,,,,,,,,,,,,,,,,,,,,,,,,,,,,,,,,,,,,,,,,,,,,,,,,,,,,,,,
Bangladesh2019,Religion,Code,,,Total,,1,2,4,3,,,,,,,,,,,,,,,,,,,,,,,,,,,,,,,,,,,,,,,,,,,,,,,,,,,,,,,,,,,,,,
Bangladesh2019,Religion,PctByCount,1 + 2,7.2,95.0962732919255,,83.8975155,8.9332298,1.7934783,0.4720497,,,,,,,,,,,,,,,,,,,,,,,,,,,,,,,,,,,,,,,,,,,,,,,,,,,,,,,,,,,,,,
Bangladesh2019,Religion,Name,,,Total,,MUSLIM,HINDU,BUDDHISM,CHRISTIANITY,,,,,,,,,,,,,,,,,,,,,,,,,,,,,,,,,,,,,,,,,,,,,,,,,,,,,,,,,,,,,,
Bangladesh2019,Religion,PctByCount,,,95.0962732919255,,83.8975155,8.9332298,1.7934783,0.4720497,,,,,,,,,,,,,,,,,,,,,,,,,,,,,,,,,,,,,,,,,,,,,,,,,,,,,,,,,,,,,,
---------- tabulation on  Bangladesh 2019 Ethnicity,,,,,,,,,,,,,,,,,,,,,,,,,,,,,,,,,,,,,,,,,,,,,,,,,,,,,,,,,,,,,,,,,,,,,,,,
Bangladesh2019,Ethnicity,Code,,,Total,,1,2,,,,,,,,,,,,,,,,,,,,,,,,,,,,,,,,,,,,,,,,,,,,,,,,,,,,,,,,,,,,,,,,
Bangladesh2019,Ethnicity,PctByCount,1,7.3,95.0962732919255,,92.746894,2.349379,,,,,,,,,,,,,,,,,,,,,,,,,,,,,,,,,,,,,,,,,,,,,,,,,,,,,,,,,,,,,,,,
Bangladesh2019,Ethnicity,Name,,,Total,,Bengali,Other,,,,,,,,,,,,,,,,,,,,,,,,,,,,,,,,,,,,,,,,,,,,,,,,,,,,,,,,,,,,,,,,
Bangladesh2019,Ethnicity,PctByCount,,,95.0962732919255,,92.746894,2.349379,,,,,,,,,,,,,,,,,,,,,,,,,,,,,,,,,,,,,,,,,,,,,,,,,,,,,,,,,,,,,,,,
---------- tabulation on  Bangladesh 2019 Language,,,,,,,,,,,,,,,,,,,,,,,,,,,,,,,,,,,,,,,,,,,,,,,,,,,,,,,,,,,,,,,,,,,,,,,,
Bangladesh2019,Language,Code,,,Total,,2,6,,,,,,,,,,,,,,,,,,,,,,,,,,,,,,,,,,,,,,,,,,,,,,,,,,,,,,,,,,,,,,,,
Bangladesh2019,Language,PctByCount,Not used,,95.0962732919255,,93.208075,1.888199,,,,,,,,,,,,,,,,,,,,,,,,,,,,,,,,,,,,,,,,,,,,,,,,,,,,,,,,,,,,,,,,
Bangladesh2019,Language,Name,,,Total,,BANGLA,OTHER LANGUAGE,,,,,,,,,,,,,,,,,,,,,,,,,,,,,,,,,,,,,,,,,,,,,,,,,,,,,,,,,,,,,,,,
Bangladesh2019,Language,PctByCount,,,95.0962732919255,,93.208075,1.888199,,,,,,,,,,,,,,,,,,,,,,,,,,,,,,,,,,,,,,,,,,,,,,,,,,,,,,,,,,,,,,,,
---------- tabulation on  Georgia 2018 Religion,,,,,,,,,,,,,,,,,,,,,,,,,,,,,,,,,,,,,,,,,,,,,,,,,,,,,,,,,,,,,,,,,,,,,,,,
Georgia2018,Religion,Code,,,Total,,1,5,3,7,6,2,9,4,,,,,,,,,,,,,,,,,,,,,,,,,,,,,,,,,,,,,,,,,,,,,,,,,,,,,,,,,,
Georgia2018,Religion,PctByCount,1 + 5,19.2,86.8980169971671,,74.06515581,6.71388102,2.89660057,1.33852691,0.86402266,0.70113314,0.29036827,0.02832861,,,,,,,,,,,,,,,,,,,,,,,,,,,,,,,,,,,,,,,,,,,,,,,,,,,,,,,,,,
Georgia2018,Religion,Name,,,Total,,ORTHODOX,MUSLIM,ARMENIAN APOSTOLIC,NO RELIGION,OTHER RELIGION,CATHOLIC,NO RESPONSE,JUDAISM,,,,,,,,,,,,,,,,,,,,,,,,,,,,,,,,,,,,,,,,,,,,,,,,,,,,,,,,,,
Georgia2018,Religion,PctByCount,,,86.8980169971671,,74.06515581,6.71388102,2.89660057,1.33852691,0.86402266,0.70113314,0.29036827,0.02832861,,,,,,,,,,,,,,,,,,,,,,,,,,,,,,,,,,,,,,,,,,,,,,,,,,,,,,,,,,
---------- tabulation on  Georgia 2018 Ethnicity,,,,,,,,,,,,,,,,,,,,,,,,,,,,,,,,,,,,,,,,,,,,,,,,,,,,,,,,,,,,,,,,,,,,,,,,
Georgia2018,Ethnicity,Code,,,Total,,1,3,2,6,9,,,,,,,,,,,,,,,,,,,,,,,,,,,,,,,,,,,,,,,,,,,,,,,,,,,,,,,,,,,,,
Georgia2018,Ethnicity,PctByCount,1,22.7,86.8980169971671,,77.30878187,4.17847025,2.86827195,2.45750708,0.08498584,,,,,,,,,,,,,,,,,,,,,,,,,,,,,,,,,,,,,,,,,,,,,,,,,,,,,,,,,,,,,
Georgia2018,Ethnicity,Name,,,Total,,Georgian,Armenian,Azeri,Other,Missing,,,,,,,,,,,,,,,,,,,,,,,,,,,,,,,,,,,,,,,,,,,,,,,,,,,,,,,,,,,,,
Georgia2018,Ethnicity,PctByCount,,,86.8980169971671,,77.30878187,4.17847025,2.86827195,2.45750708,0.08498584,,,,,,,,,,,,,,,,,,,,,,,,,,,,,,,,,,,,,,,,,,,,,,,,,,,,,,,,,,,,,
---------- tabulation on  Georgia 2018 Language,,,,,,,,,,,,,,,,,,,,,,,,,,,,,,,,,,,,,,,,,,,,,,,,,,,,,,,,,,,,,,,,,,,,,,,,
Georgia2018,Language,Code,,,Total,,1,3,2,4,6,9,,,,,,,,,,,,,,,,,,,,,,,,,,,,,,,,,,,,,,,,,,,,,,,,,,,,,,,,,,,,
Georgia2018,Language,PctByCount,Not used,,86.8980169971671,,78.32152975,3.6898017,2.75495751,1.28186969,0.75779037,0.09206799,,,,,,,,,,,,,,,,,,,,,,,,,,,,,,,,,,,,,,,,,,,,,,,,,,,,,,,,,,,,
Georgia2018,Language,Name,,,Total,,GEORGIAN,ARMENIAN,AZERBAIJANI,RUSSIAN,OTHER LANGUAGE,NO RESPONSE,,,,,,,,,,,,,,,,,,,,,,,,,,,,,,,,,,,,,,,,,,,,,,,,,,,,,,,,,,,,
Georgia2018,Language,PctByCount,,,86.8980169971671,,78.32152975,3.6898017,2.75495751,1.28186969,0.75779037,0.09206799,,,,,,,,,,,,,,,,,,,,,,,,,,,,,,,,,,,,,,,,,,,,,,,,,,,,,,,,,,,,
---------- tabulation on  Kazakhstan 2010 Religion,,,,,,,,,,,,,,,,,,,,,,,,,,,,,,,,,,,,,,,,,,,,,,,,,,,,,,,,,,,,,,,,,,,,,,,,
Kazakhstan2010,Religion,Code,,,Total,,1,2,7,6,,,,,,,,,,,,,,,,,,,,,,,,,,,,,,,,,,,,,,,,,,,,,,,,,,,,,,,,,,,,,,
Kazakhstan2010,Religion,PctByCount,1 + 2,8.7,96.4590964590965,,57.3076923,33.968254,4.8778999,0.3052503,,,,,,,,,,,,,,,,,,,,,,,,,,,,,,,,,,,,,,,,,,,,,,,,,,,,,,,,,,,,,,
Kazakhstan2010,Religion,Name,,,Total,,Islam,Hristian,No religion,Other religion,,,,,,,,,,,,,,,,,,,,,,,,,,,,,,,,,,,,,,,,,,,,,,,,,,,,,,,,,,,,,,
Kazakhstan2010,Religion,PctByCount,,,96.4590964590965,,57.3076923,33.968254,4.8778999,0.3052503,,,,,,,,,,,,,,,,,,,,,,,,,,,,,,,,,,,,,,,,,,,,,,,,,,,,,,,,,,,,,,
---------- tabulation on  Kazakhstan 2010 Ethnicity,,,,,,,,,,,,,,,,,,,,,,,,,,,,,,,,,,,,,,,,,,,,,,,,,,,,,,,,,,,,,,,,,,,,,,,,
Kazakhstan2010,Ethnicity,Code,,,Total,,1,2,3,,,,,,,,,,,,,,,,,,,,,,,,,,,,,,,,,,,,,,,,,,,,,,,,,,,,,,,,,,,,,,,
Kazakhstan2010,Ethnicity,PctByCount,1 + 2,15.8,96.4590964590965,,53.35775,30.83639,12.26496,,,,,,,,,,,,,,,,,,,,,,,,,,,,,,,,,,,,,,,,,,,,,,,,,,,,,,,,,,,,,,,
Kazakhstan2010,Ethnicity,Name,,,Total,,Kazakh,Russian,Other ethnic group,,,,,,,,,,,,,,,,,,,,,,,,,,,,,,,,,,,,,,,,,,,,,,,,,,,,,,,,,,,,,,,
Kazakhstan2010,Ethnicity,PctByCount,,,96.4590964590965,,53.35775,30.83639,12.26496,,,,,,,,,,,,,,,,,,,,,,,,,,,,,,,,,,,,,,,,,,,,,,,,,,,,,,,,,,,,,,,
---------- tabulation on  Kazakhstan 2015 Ethnicity,,,,,,,,,,,,,,,,,,,,,,,,,,,,,,,,,,,,,,,,,,,,,,,,,,,,,,,,,,,,,,,,,,,,,,,,
Kazakhstan2015,Ethnicity,Code,,,Total,,1,2,3,9,,,,,,,,,,,,,,,,,,,,,,,,,,,,,,,,,,,,,,,,,,,,,,,,,,,,,,,,,,,,,,
Kazakhstan2015,Ethnicity,PctByCount,1 + 2,14.3,98.2669287118099,,55.03543565,30.617592758,12.607944732,0.005955571,,,,,,,,,,,,,,,,,,,,,,,,,,,,,,,,,,,,,,,,,,,,,,,,,,,,,,,,,,,,,,
Kazakhstan2015,Ethnicity,Name,,,Total,,Kazakh,Russian,Other ethnic groups,Missing/DK,,,,,,,,,,,,,,,,,,,,,,,,,,,,,,,,,,,,,,,,,,,,,,,,,,,,,,,,,,,,,,
Kazakhstan2015,Ethnicity,PctByCount,,,98.2669287118099,,55.03543565,30.617592758,12.607944732,0.005955571,,,,,,,,,,,,,,,,,,,,,,,,,,,,,,,,,,,,,,,,,,,,,,,,,,,,,,,,,,,,,,
---------- tabulation on  Kiribati 2019 Religion,,,,,,,,,,,,,,,,,,,,,,,,,,,,,,,,,,,,,,,,,,,,,,,,,,,,,,,,,,,,,,,,,,,,,,,,
Kiribati2019,Religion,Code,,,Total,,1,3,2,4,6,5,7,,,,,,,,,,,,,,,,,,,,,,,,,,,,,,,,,,,,,,,,,,,,,,,,,,,,,,,,,,,
Kiribati2019,Religion,PctByCount,1 +2 +3 +4,12.4,93.6280487804878,,51.2804878,21.6158537,9.5121951,5.2134146,3.7195122,2.0426829,0.2439024,,,,,,,,,,,,,,,,,,,,,,,,,,,,,,,,,,,,,,,,,,,,,,,,,,,,,,,,,,,
Kiribati2019,Religion,Name,,,Total,,ROMAN CATHOLIC,KIRIBATI UNITED CHURCH,KIRIBATI PROTESTANT CHURCH,LATTER DAY SAINTS,OTHER RELIGION,BAHAI,NO RELIGION,,,,,,,,,,,,,,,,,,,,,,,,,,,,,,,,,,,,,,,,,,,,,,,,,,,,,,,,,,,
Kiribati2019,Religion,PctByCount,,,93.6280487804878,,51.2804878,21.6158537,9.5121951,5.2134146,3.7195122,2.0426829,0.2439024,,,,,,,,,,,,,,,,,,,,,,,,,,,,,,,,,,,,,,,,,,,,,,,,,,,,,,,,,,,
---------- tabulation on  Kiribati 2019 Ethnicity,,,,,,,,,,,,,,,,,,,,,,,,,,,,,,,,,,,,,,,,,,,,,,,,,,,,,,,,,,,,,,,,,,,,,,,,
Kiribati2019,Ethnicity,Code,,,Total,,1,3,2,9,,,,,,,,,,,,,,,,,,,,,,,,,,,,,,,,,,,,,,,,,,,,,,,,,,,,,,,,,,,,,,
Kiribati2019,Ethnicity,PctByCount,1,11,93.6280487804878,,89.0243902,2.9573171,1.402439,0.2439024,,,,,,,,,,,,,,,,,,,,,,,,,,,,,,,,,,,,,,,,,,,,,,,,,,,,,,,,,,,,,,
Kiribati2019,Ethnicity,Name,,,Total,,I-Kiribati,I-Kiribati/Mix,I-Kiribati/Tuvalu,Missing/DK,,,,,,,,,,,,,,,,,,,,,,,,,,,,,,,,,,,,,,,,,,,,,,,,,,,,,,,,,,,,,,
Kiribati2019,Ethnicity,PctByCount,,,93.6280487804878,,89.0243902,2.9573171,1.402439,0.2439024,,,,,,,,,,,,,,,,,,,,,,,,,,,,,,,,,,,,,,,,,,,,,,,,,,,,,,,,,,,,,,
---------- tabulation on  Kiribati 2019 Language,,,,,,,,,,,,,,,,,,,,,,,,,,,,,,,,,,,,,,,,,,,,,,,,,,,,,,,,,,,,,,,,,,,,,,,,
Kiribati2019,Language,Code,,,Total,,1,2,6,,,,,,,,,,,,,,,,,,,,,,,,,,,,,,,,,,,,,,,,,,,,,,,,,,,,,,,,,,,,,,,
Kiribati2019,Language,PctByCount,1,7,93.6280487804878,,93.0182927,0.5792683,0.0304878,,,,,,,,,,,,,,,,,,,,,,,,,,,,,,,,,,,,,,,,,,,,,,,,,,,,,,,,,,,,,,,
Kiribati2019,Language,Name,,,Total,,KIRIBATI,ENGLISH,OTHER LANGUAGE,,,,,,,,,,,,,,,,,,,,,,,,,,,,,,,,,,,,,,,,,,,,,,,,,,,,,,,,,,,,,,,
Kiribati2019,Language,PctByCount,,,93.6280487804878,,93.0182927,0.5792683,0.0304878,,,,,,,,,,,,,,,,,,,,,,,,,,,,,,,,,,,,,,,,,,,,,,,,,,,,,,,,,,,,,,,
---------- tabulation on  Kyrgyzstan 2014 Religion,,,,,,,,,,,,,,,,,,,,,,,,,,,,,,,,,,,,,,,,,,,,,,,,,,,,,,,,,,,,,,,,,,,,,,,,
Kyrgyzstan2014,Religion,Code,,,Total,,1,2,7,8,6,3,,,,,,,,,,,,,,,,,,,,,,,,,,,,,,,,,,,,,,,,,,,,,,,,,,,,,,,,,,,,
Kyrgyzstan2014,Religion,PctByCount,1 + 2,4.2,96.4394993045897,,87.49652295,8.27538248,0.40333797,0.15299026,0.08344924,0.02781641,,,,,,,,,,,,,,,,,,,,,,,,,,,,,,,,,,,,,,,,,,,,,,,,,,,,,,,,,,,,
Kyrgyzstan2014,Religion,Name,,,Total,,Islam,Christianity,No religion,Refuse,Other religion,Buddhism,,,,,,,,,,,,,,,,,,,,,,,,,,,,,,,,,,,,,,,,,,,,,,,,,,,,,,,,,,,,
Kyrgyzstan2014,Religion,PctByCount,,,96.4394993045897,,87.49652295,8.27538248,0.40333797,0.15299026,0.08344924,0.02781641,,,,,,,,,,,,,,,,,,,,,,,,,,,,,,,,,,,,,,,,,,,,,,,,,,,,,,,,,,,,
---------- tabulation on  Kyrgyzstan 2018 Ethnicity,,,,,,,,,,,,,,,,,,,,,,,,,,,,,,,,,,,,,,,,,,,,,,,,,,,,,,,,,,,,,,,,,,,,,,,,
Kyrgyzstan2018,Ethnicity,Code,,,Total,,1,2,3,6,,,,,,,,,,,,,,,,,,,,,,,,,,,,,,,,,,,,,,,,,,,,,,,,,,,,,,,,,,,,,,
Kyrgyzstan2018,Ethnicity,PctByCount,1 +2 +3  ,8.1,96.7777777777778,,70.972222,10.652778,10.305556,4.847222,,,,,,,,,,,,,,,,,,,,,,,,,,,,,,,,,,,,,,,,,,,,,,,,,,,,,,,,,,,,,,
Kyrgyzstan2018,Ethnicity,Name,,,Total,,Kyrgyz,Russian,Uzbek,Other ethnicity,,,,,,,,,,,,,,,,,,,,,,,,,,,,,,,,,,,,,,,,,,,,,,,,,,,,,,,,,,,,,,
Kyrgyzstan2018,Ethnicity,PctByCount,,,96.7777777777778,,70.972222,10.652778,10.305556,4.847222,,,,,,,,,,,,,,,,,,,,,,,,,,,,,,,,,,,,,,,,,,,,,,,,,,,,,,,,,,,,,,
---------- tabulation on  Kyrgyzstan 2018 Language,,,,,,,,,,,,,,,,,,,,,,,,,,,,,,,,,,,,,,,,,,,,,,,,,,,,,,,,,,,,,,,,,,,,,,,,
Kyrgyzstan2018,Language,Code,,,Total,,1,2,3,6,96,5,7,4,,,,,,,,,,,,,,,,,,,,,,,,,,,,,,,,,,,,,,,,,,,,,,,,,,,,,,,,,,
Kyrgyzstan2018,Language,PctByCount,Not used,,96.7777777777778,,70.7361111,11.8472222,10.4027778,1.2083333,1.0833333,0.6527778,0.5694444,0.2777778,,,,,,,,,,,,,,,,,,,,,,,,,,,,,,,,,,,,,,,,,,,,,,,,,,,,,,,,,,
Kyrgyzstan2018,Language,Name,,,Total,,KYRGYZ,RUSSIAN,UZBEK,DUNGAN,OTHER LANGUAGE,TAJIK,UYGUR,KAZAKH,,,,,,,,,,,,,,,,,,,,,,,,,,,,,,,,,,,,,,,,,,,,,,,,,,,,,,,,,,
Kyrgyzstan2018,Language,PctByCount,,,96.7777777777778,,70.7361111,11.8472222,10.4027778,1.2083333,1.0833333,0.6527778,0.5694444,0.2777778,,,,,,,,,,,,,,,,,,,,,,,,,,,,,,,,,,,,,,,,,,,,,,,,,,,,,,,,,,
---------- tabulation on  Lao 2011 Religion,,,,,,,,,,,,,,,,,,,,,,,,,,,,,,,,,,,,,,,,,,,,,,,,,,,,,,,,,,,,,,,,,,,,,,,,
Lao2011,Religion,Code,,,Total,,1,2,3,9,,,,,,,,,,,,,,,,,,,,,,,,,,,,,,,,,,,,,,,,,,,,,,,,,,,,,,,,,,,,,,
Lao2011,Religion,PctByCount,1 + 2,6.7,100,,57.5350701,35.7765531,6.5881764,0.1002004,,,,,,,,,,,,,,,,,,,,,,,,,,,,,,,,,,,,,,,,,,,,,,,,,,,,,,,,,,,,,,
Lao2011,Religion,Name,,,Total,,Buddhist,Animist,Other,Missing/DK,,,,,,,,,,,,,,,,,,,,,,,,,,,,,,,,,,,,,,,,,,,,,,,,,,,,,,,,,,,,,,
Lao2011,Religion,PctByCount,,,100,,57.5350701,35.7765531,6.5881764,0.1002004,,,,,,,,,,,,,,,,,,,,,,,,,,,,,,,,,,,,,,,,,,,,,,,,,,,,,,,,,,,,,,
---------- tabulation on  Lao 2011 Ethnicity,,,,,,,,,,,,,,,,,,,,,,,,,,,,,,,,,,,,,,,,,,,,,,,,,,,,,,,,,,,,,,,,,,,,,,,,
Lao2011,Ethnicity,Code,,,Total,,1,4,2,3,9,,,,,,,,,,,,,,,,,,,,,,,,,,,,,,,,,,,,,,,,,,,,,,,,,,,,,,,,,,,,,
Lao2011,Ethnicity,PctByCount,1 + 2 +3,35.1,100,,46.578156,29.298597,11.798597,6.528056,5.796593,,,,,,,,,,,,,,,,,,,,,,,,,,,,,,,,,,,,,,,,,,,,,,,,,,,,,,,,,,,,,
Lao2011,Ethnicity,Name,,,Total,,Lao,Other,Khmu,Hmong,Missing/DK,,,,,,,,,,,,,,,,,,,,,,,,,,,,,,,,,,,,,,,,,,,,,,,,,,,,,,,,,,,,,
Lao2011,Ethnicity,PctByCount,,,100,,46.578156,29.298597,11.798597,6.528056,5.796593,,,,,,,,,,,,,,,,,,,,,,,,,,,,,,,,,,,,,,,,,,,,,,,,,,,,,,,,,,,,,
---------- tabulation on  Lao 2011 Language,,,,,,,,,,,,,,,,,,,,,,,,,,,,,,,,,,,,,,,,,,,,,,,,,,,,,,,,,,,,,,,,,,,,,,,,
Lao2011,Language,Code,,,Total,,1,2,3,9,4,,,,,,,,,,,,,,,,,,,,,,,,,,,,,,,,,,,,,,,,,,,,,,,,,,,,,,,,,,,,,
Lao2011,Language,PctByCount,Not used,,100,,56.798597,25.12024,7.109218,6.142285,4.829659,,,,,,,,,,,,,,,,,,,,,,,,,,,,,,,,,,,,,,,,,,,,,,,,,,,,,,,,,,,,,
Lao2011,Language,Name,,,Total,,Lao-Tai,Mon-Khmer,Hmong-Mien,"Other, Missing, DK",Chinese-Tibetan,,,,,,,,,,,,,,,,,,,,,,,,,,,,,,,,,,,,,,,,,,,,,,,,,,,,,,,,,,,,,
Lao2011,Language,PctByCount,,,100,,56.798597,25.12024,7.109218,6.142285,4.829659,,,,,,,,,,,,,,,,,,,,,,,,,,,,,,,,,,,,,,,,,,,,,,,,,,,,,,,,,,,,,
---------- tabulation on  Lao 2017 Religion,,,,,,,,,,,,,,,,,,,,,,,,,,,,,,,,,,,,,,,,,,,,,,,,,,,,,,,,,,,,,,,,,,,,,,,,
Lao2017,Religion,Code,,,Total,,1,4,2,6,7,3,9,,,,,,,,,,,,,,,,,,,,,,,,,,,,,,,,,,,,,,,,,,,,,,,,,,,,,,,,,,,
Lao2017,Religion,PctByCount,1 + 4,6.2,95.6564659427443,,58.12695824,35.65389072,1.51508648,0.25322975,0.07725653,0.01716812,0.01287609,,,,,,,,,,,,,,,,,,,,,,,,,,,,,,,,,,,,,,,,,,,,,,,,,,,,,,,,,,,
Lao2017,Religion,Name,,,Total,,BUDDHIST,ANIMIST,CHRISTIANITY,OTHER RELIGION,NO RELIGION,ISLAM,NO RESPONSE,,,,,,,,,,,,,,,,,,,,,,,,,,,,,,,,,,,,,,,,,,,,,,,,,,,,,,,,,,,
Lao2017,Religion,PctByCount,,,95.6564659427443,,58.12695824,35.65389072,1.51508648,0.25322975,0.07725653,0.01716812,0.01287609,,,,,,,,,,,,,,,,,,,,,,,,,,,,,,,,,,,,,,,,,,,,,,,,,,,,,,,,,,,
---------- tabulation on  Lao 2017 Ethnicity,,,,,,,,,,,,,,,,,,,,,,,,,,,,,,,,,,,,,,,,,,,,,,,,,,,,,,,,,,,,,,,,,,,,,,,,
Lao2017,Ethnicity,Code,,,Total,,1,2,3,4,9,,,,,,,,,,,,,,,,,,,,,,,,,,,,,,,,,,,,,,,,,,,,,,,,,,,,,,,,,,,,,
Lao2017,Ethnicity,PctByCount,1+2+3,9.6,95.6564659427443,,55.916563,24.576162,9.910297,4.249109,1.004335,,,,,,,,,,,,,,,,,,,,,,,,,,,,,,,,,,,,,,,,,,,,,,,,,,,,,,,,,,,,,
Lao2017,Ethnicity,Name,,,Total,,Lao-Tai,Mon-Khmer,Hmong-Mien,Chinese-Tibetan,"Other, DK, Missing",,,,,,,,,,,,,,,,,,,,,,,,,,,,,,,,,,,,,,,,,,,,,,,,,,,,,,,,,,,,,
Lao2017,Ethnicity,PctByCount,,,95.6564659427443,,55.916563,24.576162,9.910297,4.249109,1.004335,,,,,,,,,,,,,,,,,,,,,,,,,,,,,,,,,,,,,,,,,,,,,,,,,,,,,,,,,,,,,
---------- tabulation on  Lao 2017 Language,,,,,,,,,,,,,,,,,,,,,,,,,,,,,,,,,,,,,,,,,,,,,,,,,,,,,,,,,,,,,,,,,,,,,,,,
Lao2017,Language,Code,,,Total,,1,6,,,,,,,,,,,,,,,,,,,,,,,,,,,,,,,,,,,,,,,,,,,,,,,,,,,,,,,,,,,,,,,,
Lao2017,Language,PctByCount,Not used,,95.6564659427443,,91.85802,3.798446,,,,,,,,,,,,,,,,,,,,,,,,,,,,,,,,,,,,,,,,,,,,,,,,,,,,,,,,,,,,,,,,
Lao2017,Language,Name,,,Total,,LAO,OTHER LANGUAGE,,,,,,,,,,,,,,,,,,,,,,,,,,,,,,,,,,,,,,,,,,,,,,,,,,,,,,,,,,,,,,,,
Lao2017,Language,PctByCount,,,95.6564659427443,,91.85802,3.798446,,,,,,,,,,,,,,,,,,,,,,,,,,,,,,,,,,,,,,,,,,,,,,,,,,,,,,,,,,,,,,,,
---------- tabulation on  Mongolia 2013 Religion,,,,,,,,,,,,,,,,,,,,,,,,,,,,,,,,,,,,,,,,,,,,,,,,,,,,,,,,,,,,,,,,,,,,,,,,
Mongolia2013,Religion,Code,,,Total,,2,1,4,9,3,,,,,,,,,,,,,,,,,,,,,,,,,,,,,,,,,,,,,,,,,,,,,,,,,,,,,,,,,,,,,
Mongolia2013,Religion,PctByCount,1 +2,11.4,100,,47.096774,41.503226,5.135484,4.625806,1.63871,,,,,,,,,,,,,,,,,,,,,,,,,,,,,,,,,,,,,,,,,,,,,,,,,,,,,,,,,,,,,
Mongolia2013,Religion,Name,,,Total,,Buddhist,No religion,Other,Missing/DK,Muslim,,,,,,,,,,,,,,,,,,,,,,,,,,,,,,,,,,,,,,,,,,,,,,,,,,,,,,,,,,,,,
Mongolia2013,Religion,PctByCount,,,100,,47.096774,41.503226,5.135484,4.625806,1.63871,,,,,,,,,,,,,,,,,,,,,,,,,,,,,,,,,,,,,,,,,,,,,,,,,,,,,,,,,,,,,
---------- tabulation on  Mongolia 2013 Ethnicity,,,,,,,,,,,,,,,,,,,,,,,,,,,,,,,,,,,,,,,,,,,,,,,,,,,,,,,,,,,,,,,,,,,,,,,,
Mongolia2013,Ethnicity,Code,,,Total,,1,3,9,2,,,,,,,,,,,,,,,,,,,,,,,,,,,,,,,,,,,,,,,,,,,,,,,,,,,,,,,,,,,,,,
Mongolia2013,Ethnicity,PctByCount,1,23.2,100,,76.774194,15.496774,4.696774,3.032258,,,,,,,,,,,,,,,,,,,,,,,,,,,,,,,,,,,,,,,,,,,,,,,,,,,,,,,,,,,,,,
Mongolia2013,Ethnicity,Name,,,Total,,Khalkh,Other,Missing/DK,Kazakh,,,,,,,,,,,,,,,,,,,,,,,,,,,,,,,,,,,,,,,,,,,,,,,,,,,,,,,,,,,,,,
Mongolia2013,Ethnicity,PctByCount,,,100,,76.774194,15.496774,4.696774,3.032258,,,,,,,,,,,,,,,,,,,,,,,,,,,,,,,,,,,,,,,,,,,,,,,,,,,,,,,,,,,,,,
---------- tabulation on  Mongolia 2018 Religion,,,,,,,,,,,,,,,,,,,,,,,,,,,,,,,,,,,,,,,,,,,,,,,,,,,,,,,,,,,,,,,,,,,,,,,,
Mongolia2018,Religion,Code,,,Total,,2,1,3,6,9,,,,,,,,,,,,,,,,,,,,,,,,,,,,,,,,,,,,,,,,,,,,,,,,,,,,,,,,,,,,,
Mongolia2018,Religion,PctByCount,1+2+3,,95.1586206896552,,47.6068966,36.8551724,7.0275862,3.3793103,0.2896552,,,,,,,,,,,,,,,,,,,,,,,,,,,,,,,,,,,,,,,,,,,,,,,,,,,,,,,,,,,,,
Mongolia2018,Religion,Name,,,Total,,Buddhist,No religion,Muslim,Other,Missing/DK,,,,,,,,,,,,,,,,,,,,,,,,,,,,,,,,,,,,,,,,,,,,,,,,,,,,,,,,,,,,,
Mongolia2018,Religion,PctByCount,,,95.1586206896552,,47.6068966,36.8551724,7.0275862,3.3793103,0.2896552,,,,,,,,,,,,,,,,,,,,,,,,,,,,,,,,,,,,,,,,,,,,,,,,,,,,,,,,,,,,,
---------- tabulation on  Mongolia 2018 Ethnicity,,,,,,,,,,,,,,,,,,,,,,,,,,,,,,,,,,,,,,,,,,,,,,,,,,,,,,,,,,,,,,,,,,,,,,,,
Mongolia2018,Ethnicity,Code,,,Total,,1,6,2,9,,,,,,,,,,,,,,,,,,,,,,,,,,,,,,,,,,,,,,,,,,,,,,,,,,,,,,,,,,,,,,
Mongolia2018,Ethnicity,PctByCount,1 +2,18.1,95.1586206896552,,73.9724138,12.9931034,7.8965517,0.2965517,,,,,,,,,,,,,,,,,,,,,,,,,,,,,,,,,,,,,,,,,,,,,,,,,,,,,,,,,,,,,,
Mongolia2018,Ethnicity,Name,,,Total,,Khalkh,Other,Kazakh,Missing/DK,,,,,,,,,,,,,,,,,,,,,,,,,,,,,,,,,,,,,,,,,,,,,,,,,,,,,,,,,,,,,,
Mongolia2018,Ethnicity,PctByCount,,,95.1586206896552,,73.9724138,12.9931034,7.8965517,0.2965517,,,,,,,,,,,,,,,,,,,,,,,,,,,,,,,,,,,,,,,,,,,,,,,,,,,,,,,,,,,,,,
---------- tabulation on  Mongolia 2018 Language,,,,,,,,,,,,,,,,,,,,,,,,,,,,,,,,,,,,,,,,,,,,,,,,,,,,,,,,,,,,,,,,,,,,,,,,
Mongolia2018,Language,Code,,,Total,,1,2,3,,,,,,,,,,,,,,,,,,,,,,,,,,,,,,,,,,,,,,,,,,,,,,,,,,,,,,,,,,,,,,,
Mongolia2018,Language,PctByCount,Not used,,95.1586206896552,,88.33103448,6.77931034,0.04827586,,,,,,,,,,,,,,,,,,,,,,,,,,,,,,,,,,,,,,,,,,,,,,,,,,,,,,,,,,,,,,,
Mongolia2018,Language,Name,,,Total,,MONGOLIAN,KAZAKH,TUVA,,,,,,,,,,,,,,,,,,,,,,,,,,,,,,,,,,,,,,,,,,,,,,,,,,,,,,,,,,,,,,,
Mongolia2018,Language,PctByCount,,,95.1586206896552,,88.33103448,6.77931034,0.04827586,,,,,,,,,,,,,,,,,,,,,,,,,,,,,,,,,,,,,,,,,,,,,,,,,,,,,,,,,,,,,,,
---------- tabulation on  Nepal 2019 Religion,,,,,,,,,,,,,,,,,,,,,,,,,,,,,,,,,,,,,,,,,,,,,,,,,,,,,,,,,,,,,,,,,,,,,,,,
Nepal2019,Religion,Code,,,Total,,1,2,3,5,4,7,96,8,11,6,,,,,,,,,,,,,,,,,,,,,,,,,,,,,,,,,,,,,,,,,,,,,,,,,,,,,,,,
Nepal2019,Religion,PctByCount,1 +2,7.6,98.8671875,,85.09375,7.296875,2.671875,1.7890625,1.75,0.078125,0.0625,0.0546875,0.0390625,0.03125,,,,,,,,,,,,,,,,,,,,,,,,,,,,,,,,,,,,,,,,,,,,,,,,,,,,,,,,
Nepal2019,Religion,Name,,,Total,,HINDU,BUDDHIST,ISLAM,CHRISTIAN,KIRAT,BON,OTHERS,JAIN,NO RELIGION,PRAKRITI,,,,,,,,,,,,,,,,,,,,,,,,,,,,,,,,,,,,,,,,,,,,,,,,,,,,,,,,
Nepal2019,Religion,PctByCount,,,98.8671875,,85.09375,7.296875,2.671875,1.7890625,1.75,0.078125,0.0625,0.0546875,0.0390625,0.03125,,,,,,,,,,,,,,,,,,,,,,,,,,,,,,,,,,,,,,,,,,,,,,,,,,,,,,,,
---------- tabulation on  Nepal 2019 Language,,,,,,,,,,,,,,,,,,,,,,,,,,,,,,,,,,,,,,,,,,,,,,,,,,,,,,,,,,,,,,,,,,,,,,,,
Nepal2019,Language,Code,,,Total,,1,2,4,5,3,7,6,110,8,105,10,98,11,12,996,112,93,121,14,120,119,16,15,58,18,94,9,13,19,96,20,70,17,21,37,24,27,31,23,28,25,104,97,22,32,38,50,51,60,33,35,36,117,26,34,42,44,45,48,54,55,71,85,87,95,116
Nepal2019,Language,PctByCount,1 +2 +4+5,30.6,98.8671875,,49.421875,9.03125,5.75,5.2421875,4.90625,2.9921875,2.515625,1.7734375,1.6328125,1.6171875,1.5703125,1.5390625,1.3828125,1.28125,1.109375,0.890625,0.8515625,0.8359375,0.515625,0.3828125,0.3515625,0.3359375,0.28125,0.265625,0.21875,0.21875,0.1875,0.1875,0.1796875,0.1796875,0.140625,0.140625,0.0859375,0.078125,0.078125,0.0625,0.0625,0.0625,0.046875,0.046875,0.0390625,0.0390625,0.03125,0.0234375,0.0234375,0.0234375,0.0234375,0.0234375,0.0234375,0.015625,0.015625,0.015625,0.015625,0.0078125,0.0078125,0.0078125,0.0078125,0.0078125,0.0078125,0.0078125,0.0078125,0.0078125,0.0078125,0.0078125,0.0078125,0.0078125
Nepal2019,Language,Name,,,Total,,Nepali,Maithili,Tharu,Tamang,Bhojpuri,Magar,Newar,Baitadeli,Avadhi,Doteli,Gurung,Achhami,Limbu,Bajjika,Others,Bajhangi,Rai,Darchuleli,Rajbanshi,Bajureli,Dadeldhuri,Hindi,Sherpa,Ghale,Santhali,Tajpuriya,Bantawa,Urdu,Chepang,Athpariya,Danuwar,Musalman,Chamling,Uranw/Urau,Thakali,Rajsthani,Kulung,Thulung,Bangla,Dhimal,Majhi,Russian,Ganagai,Sunuwar,Sampang,Chhantyal,Lapcha,Bote,Chhiling,Bhujel,Khaling,Kumal,Dailekhi,Thami,Darai,Jirel,Puma,Hyolmo/Yholmo,Meche,Raji,Hayu/Vayu,Baram,Dzonkha,Chhintang,Khash,Jumli
Nepal2019,Language,PctByCount,,,98.8671875,,49.421875,9.03125,5.75,5.2421875,4.90625,2.9921875,2.515625,1.7734375,1.6328125,1.6171875,1.5703125,1.5390625,1.3828125,1.28125,1.109375,0.890625,0.8515625,0.8359375,0.515625,0.3828125,0.3515625,0.3359375,0.28125,0.265625,0.21875,0.21875,0.1875,0.1875,0.1796875,0.1796875,0.140625,0.140625,0.0859375,0.078125,0.078125,0.0625,0.0625,0.0625,0.046875,0.046875,0.0390625,0.0390625,0.03125,0.0234375,0.0234375,0.0234375,0.0234375,0.0234375,0.0234375,0.015625,0.015625,0.015625,0.015625,0.0078125,0.0078125,0.0078125,0.0078125,0.0078125,0.0078125,0.0078125,0.0078125,0.0078125,0.0078125,0.0078125,0.0078125,0.0078125
---------- tabulation on  Thailand 2012 Religion,,,,,,,,,,,,,,,,,,,,,,,,,,,,,,,,,,,,,,,,,,,,,,,,,,,,,,,,,,,,,,,,,,,,,,,,
Thailand2012,Religion,Code,,,Total,,1,2,3,7,6,9,,,,,,,,,,,,,,,,,,,,,,,,,,,,,,,,,,,,,,,,,,,,,,,,,,,,,,,,,,,,
Thailand2012,Religion,PctByCount,1,16.6,89.828677839851,,83.389199255,4.242085661,2.137802607,0.040968343,0.014897579,0.003724395,,,,,,,,,,,,,,,,,,,,,,,,,,,,,,,,,,,,,,,,,,,,,,,,,,,,,,,,,,,,
Thailand2012,Religion,Name,,,Total,,Buddhism,Islam,Christianity,No religion,Other religion,Missing,,,,,,,,,,,,,,,,,,,,,,,,,,,,,,,,,,,,,,,,,,,,,,,,,,,,,,,,,,,,
Thailand2012,Religion,PctByCount,,,89.828677839851,,83.389199255,4.242085661,2.137802607,0.040968343,0.014897579,0.003724395,,,,,,,,,,,,,,,,,,,,,,,,,,,,,,,,,,,,,,,,,,,,,,,,,,,,,,,,,,,,
---------- tabulation on  Thailand 2012 Ethnicity,,,,,,,,,,,,,,,,,,,,,,,,,,,,,,,,,,,,,,,,,,,,,,,,,,,,,,,,,,,,,,,,,,,,,,,,
Thailand2012,Ethnicity,Code,,,Total,,1,2,9,,,,,,,,,,,,,,,,,,,,,,,,,,,,,,,,,,,,,,,,,,,,,,,,,,,,,,,,,,,,,,,
Thailand2012,Ethnicity,PctByCount,1,11.9,89.828677839851,,88.12662942,1.61638734,0.08566108,,,,,,,,,,,,,,,,,,,,,,,,,,,,,,,,,,,,,,,,,,,,,,,,,,,,,,,,,,,,,,,
Thailand2012,Ethnicity,Name,,,Total,,Thai,Non Thai,Missing/DK,,,,,,,,,,,,,,,,,,,,,,,,,,,,,,,,,,,,,,,,,,,,,,,,,,,,,,,,,,,,,,,
Thailand2012,Ethnicity,PctByCount,,,89.828677839851,,88.12662942,1.61638734,0.08566108,,,,,,,,,,,,,,,,,,,,,,,,,,,,,,,,,,,,,,,,,,,,,,,,,,,,,,,,,,,,,,,
---------- tabulation on  Thailand 2015 Religion,,,,,,,,,,,,,,,,,,,,,,,,,,,,,,,,,,,,,,,,,,,,,,,,,,,,,,,,,,,,,,,,,,,,,,,,
Thailand2015,Religion,Code,,,Total,,1,2,3,6,,,,,,,,,,,,,,,,,,,,,,,,,,,,,,,,,,,,,,,,,,,,,,,,,,,,,,,,,,,,,,
Thailand2015,Religion,PctByCount,1 +2,8.8,92.3960012899065,,77.271847791,13.937439536,1.177039665,0.009674299,,,,,,,,,,,,,,,,,,,,,,,,,,,,,,,,,,,,,,,,,,,,,,,,,,,,,,,,,,,,,,
Thailand2015,Religion,Name,,,Total,,Buddhism,Islam,Christianity,Other religion,,,,,,,,,,,,,,,,,,,,,,,,,,,,,,,,,,,,,,,,,,,,,,,,,,,,,,,,,,,,,,
Thailand2015,Religion,PctByCount,,,92.3960012899065,,77.271847791,13.937439536,1.177039665,0.009674299,,,,,,,,,,,,,,,,,,,,,,,,,,,,,,,,,,,,,,,,,,,,,,,,,,,,,,,,,,,,,,
---------- tabulation on  Thailand 2015 Language,,,,,,,,,,,,,,,,,,,,,,,,,,,,,,,,,,,,,,,,,,,,,,,,,,,,,,,,,,,,,,,,,,,,,,,,
Thailand2015,Language,Code,,,Total,,1,2,,,,,,,,,,,,,,,,,,,,,,,,,,,,,,,,,,,,,,,,,,,,,,,,,,,,,,,,,,,,,,,,
Thailand2015,Language,PctByCount,1,20.9,92.3960012899065,,79.08094,13.31506,,,,,,,,,,,,,,,,,,,,,,,,,,,,,,,,,,,,,,,,,,,,,,,,,,,,,,,,,,,,,,,,
Thailand2015,Language,Name,,,Total,,Thai,Non-Thai,,,,,,,,,,,,,,,,,,,,,,,,,,,,,,,,,,,,,,,,,,,,,,,,,,,,,,,,,,,,,,,,
Thailand2015,Language,PctByCount,,,92.3960012899065,,79.08094,13.31506,,,,,,,,,,,,,,,,,,,,,,,,,,,,,,,,,,,,,,,,,,,,,,,,,,,,,,,,,,,,,,,,
---------- tabulation on  Thailand 2019 Religion,,,,,,,,,,,,,,,,,,,,,,,,,,,,,,,,,,,,,,,,,,,,,,,,,,,,,,,,,,,,,,,,,,,,,,,,
Thailand2019,Religion,Code,,,Total,,1,2,3,7,6,9,,,,,,,,,,,,,,,,,,,,,,,,,,,,,,,,,,,,,,,,,,,,,,,,,,,,,,,,,,,,
Thailand2019,Religion,PctByCount,1+2,13.3,87.56517461879,,78.502213478,8.165272996,0.831283817,0.039350713,0.022134776,0.004918839,,,,,,,,,,,,,,,,,,,,,,,,,,,,,,,,,,,,,,,,,,,,,,,,,,,,,,,,,,,,
Thailand2019,Religion,Name,,,Total,,BUDDHISM,ISLAM,CHRISTIANITY,NO RELIGION,OTHER RELIGION,NO RESPONSE,,,,,,,,,,,,,,,,,,,,,,,,,,,,,,,,,,,,,,,,,,,,,,,,,,,,,,,,,,,,
Thailand2019,Religion,PctByCount,,,87.56517461879,,78.502213478,8.165272996,0.831283817,0.039350713,0.022134776,0.004918839,,,,,,,,,,,,,,,,,,,,,,,,,,,,,,,,,,,,,,,,,,,,,,,,,,,,,,,,,,,,
---------- tabulation on  Thailand 2019 Language,,,,,,,,,,,,,,,,,,,,,,,,,,,,,,,,,,,,,,,,,,,,,,,,,,,,,,,,,,,,,,,,,,,,,,,,
Thailand2019,Language,Code,,,Total,,1,2,,,,,,,,,,,,,,,,,,,,,,,,,,,,,,,,,,,,,,,,,,,,,,,,,,,,,,,,,,,,,,,,
Thailand2019,Language,PctByCount,1,20.8,87.56517461879,,79.19577,8.369405,,,,,,,,,,,,,,,,,,,,,,,,,,,,,,,,,,,,,,,,,,,,,,,,,,,,,,,,,,,,,,,,
Thailand2019,Language,Name,,,Total,,Thai,Non-Thai,,,,,,,,,,,,,,,,,,,,,,,,,,,,,,,,,,,,,,,,,,,,,,,,,,,,,,,,,,,,,,,,
Thailand2019,Language,PctByCount,,,87.56517461879,,79.19577,8.369405,,,,,,,,,,,,,,,,,,,,,,,,,,,,,,,,,,,,,,,,,,,,,,,,,,,,,,,,,,,,,,,,
---------- tabulation on  Tonga 2019 Religion,,,,,,,,,,,,,,,,,,,,,,,,,,,,,,,,,,,,,,,,,,,,,,,,,,,,,,,,,,,,,,,,,,,,,,,,
Tonga2019,Religion,Code,,,Total,,1,5,2,3,4,,,,,,,,,,,,,,,,,,,,,,,,,,,,,,,,,,,,,,,,,,,,,,,,,,,,,,,,,,,,,
Tonga2019,Religion,PctByCount,1 + 2 +3 +4,28.1,90.8033442384587,,31.58851,18.93857,15.12177,14.32206,10.83242,,,,,,,,,,,,,,,,,,,,,,,,,,,,,,,,,,,,,,,,,,,,,,,,,,,,,,,,,,,,,
Tonga2019,Religion,Name,,,Total,,Free Wesleyan Church,Other religion,Latter Day Saints,Roman Catholic,Free Church of Tonga,,,,,,,,,,,,,,,,,,,,,,,,,,,,,,,,,,,,,,,,,,,,,,,,,,,,,,,,,,,,,
Tonga2019,Religion,PctByCount,,,90.8033442384587,,31.58851,18.93857,15.12177,14.32206,10.83242,,,,,,,,,,,,,,,,,,,,,,,,,,,,,,,,,,,,,,,,,,,,,,,,,,,,,,,,,,,,,
---------- tabulation on  Tonga 2019 Ethnicity,,,,,,,,,,,,,,,,,,,,,,,,,,,,,,,,,,,,,,,,,,,,,,,,,,,,,,,,,,,,,,,,,,,,,,,,
Tonga2019,Ethnicity,Code,,,Total,,1,2,4,,,,,,,,,,,,,,,,,,,,,,,,,,,,,,,,,,,,,,,,,,,,,,,,,,,,,,,,,,,,,,,
Tonga2019,Ethnicity,PctByCount,1,11.9,90.8033442384587,,88.077063,1.454017,1.272265,,,,,,,,,,,,,,,,,,,,,,,,,,,,,,,,,,,,,,,,,,,,,,,,,,,,,,,,,,,,,,,
Tonga2019,Ethnicity,Name,,,Total,,Tongan,Chinese,Other ethnicity,,,,,,,,,,,,,,,,,,,,,,,,,,,,,,,,,,,,,,,,,,,,,,,,,,,,,,,,,,,,,,,
Tonga2019,Ethnicity,PctByCount,,,90.8033442384587,,88.077063,1.454017,1.272265,,,,,,,,,,,,,,,,,,,,,,,,,,,,,,,,,,,,,,,,,,,,,,,,,,,,,,,,,,,,,,,
---------- tabulation on  Tonga 2019 Language,,,,,,,,,,,,,,,,,,,,,,,,,,,,,,,,,,,,,,,,,,,,,,,,,,,,,,,,,,,,,,,,,,,,,,,,
Tonga2019,Language,Code,,,Total,,1,2,3,6,4,5,,,,,,,,,,,,,,,,,,,,,,,,,,,,,,,,,,,,,,,,,,,,,,,,,,,,,,,,,,,,
Tonga2019,Language,PctByCount,Not used,,90.8033442384587,,87.53180662,1.38131589,1.38131589,0.25445293,0.18175209,0.07270084,,,,,,,,,,,,,,,,,,,,,,,,,,,,,,,,,,,,,,,,,,,,,,,,,,,,,,,,,,,,
Tonga2019,Language,Name,,,Total,,TONGAN,ENGLISH,CHINESE,OTHER (specify),HINDI,FIJIAN,,,,,,,,,,,,,,,,,,,,,,,,,,,,,,,,,,,,,,,,,,,,,,,,,,,,,,,,,,,,
Tonga2019,Language,PctByCount,,,90.8033442384587,,87.53180662,1.38131589,1.38131589,0.25445293,0.18175209,0.07270084,,,,,,,,,,,,,,,,,,,,,,,,,,,,,,,,,,,,,,,,,,,,,,,,,,,,,,,,,,,,
---------- tabulation on  Turkmenistan 2019 Language,,,,,,,,,,,,,,,,,,,,,,,,,,,,,,,,,,,,,,,,,,,,,,,,,,,,,,,,,,,,,,,,,,,,,,,,
Turkmenistan2019,Language,Code,,,Total,,1,3,2,6,,,,,,,,,,,,,,,,,,,,,,,,,,,,,,,,,,,,,,,,,,,,,,,,,,,,,,,,,,,,,,
Turkmenistan2019,Language,PctByCount,1 + 2 + 3,5.5,97.3903474296494,,80.962113,7.152963,6.414086,2.861185,,,,,,,,,,,,,,,,,,,,,,,,,,,,,,,,,,,,,,,,,,,,,,,,,,,,,,,,,,,,,,
Turkmenistan2019,Language,Name,,,Total,,Turkmen,Russian,Uzbek,Other language,,,,,,,,,,,,,,,,,,,,,,,,,,,,,,,,,,,,,,,,,,,,,,,,,,,,,,,,,,,,,,
Turkmenistan2019,Language,PctByCount,,,97.3903474296494,,80.962113,7.152963,6.414086,2.861185,,,,,,,,,,,,,,,,,,,,,,,,,,,,,,,,,,,,,,,,,,,,,,,,,,,,,,,,,,,,,,
,,,,,,,,,,,,,,,,,,,,,,,,,,,,,,,,,,,,,,,,,,,,,,,,,,,,,,,,,,,,,,,,,,,,,,,,
,,,,,,,,,,,,,,,,,,,,,,,,,,,,,,,,,,,,,,,,,,,,,,,,,,,,,,,,,,,,,,,,,,,,,,,,
,,,,,,,,,,,,,,,,,,,,,,,,,,,,,,,,,,,,,,,,,,,,,,,,,,,,,,,,,,,,,,,,,,,,,,,,
,,,,,,,,,,,,,,,,,,,,,,,,,,,,,,,,,,,,,,,,,,,,,,,,,,,,,,,,,,,,,,,,,,,,,,,,
,,,,,,,,,,,,,,,,,,,,,,,,,,,,,,,,,,,,,,,,,,,,,,,,,,,,,,,,,,,,,,,,,,,,,,,,
---------- tabulation on  Tuvalu 2019 Religion,,,,,,,,,,,,,,,,,,,,,,,,,,,,,,,,,,,,,,,,,,,,,,,,,,,,,,,,,,,,,,,,,,,,,,,,
Tuvalu2019,Religion,Code,,,Total,,1,6,,,,,,,,,,,,,,,,,,,,,,,,,,,,,,,,,,,,,,,,,,,,,,,,,,,,,,,,,,,,,,,,
Tuvalu2019,Religion,PctByCount,,,82.2485207100592,,68.52071,13.72781,,,,,,,,,,,,,,,,,,,,,,,,,,,,,,,,,,,,,,,,,,,,,,,,,,,,,,,,,,,,,,,,
Tuvalu2019,Religion,Name,,,Total,,Ekalesia Kelisiano Tuvalu - EKT,Other religion,,,,,,,,,,,,,,,,,,,,,,,,,,,,,,,,,,,,,,,,,,,,,,,,,,,,,,,,,,,,,,,,
Tuvalu2019,Religion,PctByCount,,,82.2485207100592,,68.52071,13.72781,,,,,,,,,,,,,,,,,,,,,,,,,,,,,,,,,,,,,,,,,,,,,,,,,,,,,,,,,,,,,,,,
---------- tabulation on  Tuvalu 2019 Ethnicity,,,,,,,,,,,,,,,,,,,,,,,,,,,,,,,,,,,,,,,,,,,,,,,,,,,,,,,,,,,,,,,,,,,,,,,,
Tuvalu2019,Ethnicity,Code,,,Total,,1,6,,,,,,,,,,,,,,,,,,,,,,,,,,,,,,,,,,,,,,,,,,,,,,,,,,,,,,,,,,,,,,,,
Tuvalu2019,Ethnicity,PctByCount,,,82.2485207100592,,75.147929,7.100592,,,,,,,,,,,,,,,,,,,,,,,,,,,,,,,,,,,,,,,,,,,,,,,,,,,,,,,,,,,,,,,,
Tuvalu2019,Ethnicity,Name,,,Total,,Tuvaluan,Other ethnicity,,,,,,,,,,,,,,,,,,,,,,,,,,,,,,,,,,,,,,,,,,,,,,,,,,,,,,,,,,,,,,,,
Tuvalu2019,Ethnicity,PctByCount,,,82.2485207100592,,75.147929,7.100592,,,,,,,,,,,,,,,,,,,,,,,,,,,,,,,,,,,,,,,,,,,,,,,,,,,,,,,,,,,,,,,,
---------- tabulation on  Tuvalu 2019 Language,,,,,,,,,,,,,,,,,,,,,,,,,,,,,,,,,,,,,,,,,,,,,,,,,,,,,,,,,,,,,,,,,,,,,,,,
Tuvalu2019,Language,Code,,,Total,,1,2,6,,,,,,,,,,,,,,,,,,,,,,,,,,,,,,,,,,,,,,,,,,,,,,,,,,,,,,,,,,,,,,,
Tuvalu2019,Language,PctByCount,,,82.2485207100592,,74.4378698,6.8639053,0.9467456,,,,,,,,,,,,,,,,,,,,,,,,,,,,,,,,,,,,,,,,,,,,,,,,,,,,,,,,,,,,,,,
Tuvalu2019,Language,Name,,,Total,,TUVALUAN,I-KIRIBATI,OTHER LANGUAGE,,,,,,,,,,,,,,,,,,,,,,,,,,,,,,,,,,,,,,,,,,,,,,,,,,,,,,,,,,,,,,,
Tuvalu2019,Language,PctByCount,,,82.2485207100592,,74.4378698,6.8639053,0.9467456,,,,,,,,,,,,,,,,,,,,,,,,,,,,,,,,,,,,,,,,,,,,,,,,,,,,,,,,,,,,,,,
---------- tabulation on  Vietnam 2010 Religion,,,,,,,,,,,,,,,,,,,,,,,,,,,,,,,,,,,,,,,,,,,,,,,,,,,,,,,,,,,,,,,,,,,,,,,,
Vietnam2010,Religion,Code,,,Total,,7,1,5,3,4,9,6,99,,,,,,,,,,,,,,,,,,,,,,,,,,,,,,,,,,,,,,,,,,,,,,,,,,,,,,,,,,
Vietnam2010,Religion,PctByCount,,,97.8103419235304,,66.71719724,19.43742631,7.52905508,1.64224356,1.25484251,1.09482904,0.11790467,0.01684352,,,,,,,,,,,,,,,,,,,,,,,,,,,,,,,,,,,,,,,,,,,,,,,,,,,,,,,,,,
Vietnam2010,Religion,Name,,,Total,,No religion,Buddhism,Christian Catholic,Cao Dai,Hoa Hao,Christian Protestant,Other religion,Missing,,,,,,,,,,,,,,,,,,,,,,,,,,,,,,,,,,,,,,,,,,,,,,,,,,,,,,,,,,
Vietnam2010,Religion,PctByCount,,,97.8103419235304,,66.71719724,19.43742631,7.52905508,1.64224356,1.25484251,1.09482904,0.11790467,0.01684352,,,,,,,,,,,,,,,,,,,,,,,,,,,,,,,,,,,,,,,,,,,,,,,,,,,,,,,,,,
---------- tabulation on  Vietnam 2010 Ethnicity,,,,,,,,,,,,,,,,,,,,,,,,,,,,,,,,,,,,,,,,,,,,,,,,,,,,,,,,,,,,,,,,,,,,,,,,
Vietnam2010,Ethnicity,Code,,,Total,,1,2,9,,,,,,,,,,,,,,,,,,,,,,,,,,,,,,,,,,,,,,,,,,,,,,,,,,,,,,,,,,,,,,,
Vietnam2010,Ethnicity,PctByCount,,,100,,84.790298,13.020044,2.189658,,,,,,,,,,,,,,,,,,,,,,,,,,,,,,,,,,,,,,,,,,,,,,,,,,,,,,,,,,,,,,,
Vietnam2010,Ethnicity,Name,,,Total,,Kinh,Non-Kinh,Missing/DK,,,,,,,,,,,,,,,,,,,,,,,,,,,,,,,,,,,,,,,,,,,,,,,,,,,,,,,,,,,,,,,
Vietnam2010,Ethnicity,PctByCount,,,100,,84.790298,13.020044,2.189658,,,,,,,,,,,,,,,,,,,,,,,,,,,,,,,,,,,,,,,,,,,,,,,,,,,,,,,,,,,,,,,
---------- tabulation on  VietNam 2013 Religion,,,,,,,,,,,,,,,,,,,,,,,,,,,,,,,,,,,,,,,,,,,,,,,,,,,,,,,,,,,,,,,,,,,,,,,,
VietNam2013,Religion,Code,,,Total,,97,1,5,6,3,4,96,2,,,,,,,,,,,,,,,,,,,,,,,,,,,,,,,,,,,,,,,,,,,,,,,,,,,,,,,,,,
VietNam2013,Religion,PctByCount,,,97.8333333333333,,72.25490196,13.11764706,8.18627451,1.3627451,1.34313725,1.15686275,0.35294118,0.05882353,,,,,,,,,,,,,,,,,,,,,,,,,,,,,,,,,,,,,,,,,,,,,,,,,,,,,,,,,,
VietNam2013,Religion,Name,,,Total,,No religion,Buddhism,Christian Catholic,Christian Protestant,Cao Dai,Hoa Hao,Other religion,Muslim,,,,,,,,,,,,,,,,,,,,,,,,,,,,,,,,,,,,,,,,,,,,,,,,,,,,,,,,,,
VietNam2013,Religion,PctByCount,,,97.8333333333333,,72.25490196,13.11764706,8.18627451,1.3627451,1.34313725,1.15686275,0.35294118,0.05882353,,,,,,,,,,,,,,,,,,,,,,,,,,,,,,,,,,,,,,,,,,,,,,,,,,,,,,,,,,
---------- tabulation on  VietNam 2013 Ethnicity,,,,,,,,,,,,,,,,,,,,,,,,,,,,,,,,,,,,,,,,,,,,,,,,,,,,,,,,,,,,,,,,,,,,,,,,
VietNam2013,Ethnicity,Code,,,Total,,1,2,,,,,,,,,,,,,,,,,,,,,,,,,,,,,,,,,,,,,,,,,,,,,,,,,,,,,,,,,,,,,,,,
VietNam2013,Ethnicity,PctByCount,,,97.8333333333333,,82.27451,15.55882,,,,,,,,,,,,,,,,,,,,,,,,,,,,,,,,,,,,,,,,,,,,,,,,,,,,,,,,,,,,,,,,
VietNam2013,Ethnicity,Name,,,Total,,Kinh,Non-Kinh,,,,,,,,,,,,,,,,,,,,,,,,,,,,,,,,,,,,,,,,,,,,,,,,,,,,,,,,,,,,,,,,
VietNam2013,Ethnicity,PctByCount,,,97.8333333333333,,82.27451,15.55882,,,,,,,,,,,,,,,,,,,,,,,,,,,,,,,,,,,,,,,,,,,,,,,,,,,,,,,,,,,,,,,,
---------- tabulation on  Turkmenistan 2015 Language,,,,,,,,,,,,,,,,,,,,,,,,,,,,,,,,,,,,,,,,,,,,,,,,,,,,,,,,,,,,,,,,,,,,,,,,
Turkmenistan2015,Language,Code,Total,1,3,2,4,,,,,,,,,,,,,,,,,,,,,,,,,,,,,,,,,,,,,,,,,,,,,,,,,,,,,,,,,,,,,,,,,
Turkmenistan2015,Language,PctByCount,96.0662186526799,79.839371,8.392067,5.835109,1.999672,,,,,,,,,,,,,,,,,,,,,,,,,,,,,,,,,,,,,,,,,,,,,,,,,,,,,,,,,,,,,,,,,
Turkmenistan2015,Language,Name,Total,Turkmen,Russian,Uzbek,Other,,,,,,,,,,,,,,,,,,,,,,,,,,,,,,,,,,,,,,,,,,,,,,,,,,,,,,,,,,,,,,,,,
Turkmenistan2015,Language,PctByCount,96.0662186526799,79.839371,8.392067,5.835109,1.999672,,,,,,,,,,,,,,,,,,,,,,,,,,,,,,,,,,,,,,,,,,,,,,,,,,,,,,,,,,,,,,,,,
---------- tabulation on  Samoa 2019 Religion,,,,,,,,,,,,,,,,,,,,,,,,,,,,,,,,,,,,,,,,,,,,,,,,,,,,,,,,,,,,,,,,,,,,,,,,
Samoa2019,Religion,Code,Total,1,3,2,6,5,4,7,9,,,,,,,,,,,,,,,,,,,,,,,,,,,,,,,,,,,,,,,,,,,,,,,,,,,,,,,,,,,,,
Samoa2019,Religion,PctByCount,86.97,25.09,15.40,14.97,10.99,10.18,9.90,0.38,0.05,,,,,,,,,,,,,,,,,,,,,,,,,,,,,,,,,,,,,,,,,,,,,,,,,,,,,,,,,,,,,
Samoa2019,Religion,Name,Total,Congregational Christian Church /Ekalesia Faapotopotoga Kerisiano Samoa,Later Day Saints/ Mamona,Roman Catholic,Other religion,Assembly of God,Methodist,No religion,DK/Missing,,,,,,,,,,,,,,,,,,,,,,,,,,,,,,,,,,,,,,,,,,,,,,,,,,,,,,,,,,,,,
Samoa2019,Religion,PctByCount,86.97,25.09,15.40,14.97,10.99,10.18,9.90,0.38,0.05,,,,,,,,,,,,,,,,,,,,,,,,,,,,,,,,,,,,,,,,,,,,,,,,,,,,,,,,,,,,,
---------- tabulation on  Samoa 2019 Ethnicity,,,,,,,,,,,,,,,,,,,,,,,,,,,,,,,,,,,,,,,,,,,,,,,,,,,,,,,,,,,,,,,,,,,,,,,,
Samoa2019,Ethnicity,Code,Total,1,5,3,2,6,4,,,,,,,,,,,,,,,,,,,,,,,,,,,,,,,,,,,,,,,,,,,,,,,,,,,,,,,,,,,,,,,
Samoa2019,Ethnicity,PctByCount,86.97,78.61,3.35,2.20,1.41,1.17,0.22,,,,,,,,,,,,,,,,,,,,,,,,,,,,,,,,,,,,,,,,,,,,,,,,,,,,,,,,,,,,,,,
Samoa2019,Ethnicity,Name,Total,Samoan,Samoan Mix,Samoan/ German,Samoan/ Chinese,Other ethnicity,Samoan/ Tokelauan,,,,,,,,,,,,,,,,,,,,,,,,,,,,,,,,,,,,,,,,,,,,,,,,,,,,,,,,,,,,,,,
Samoa2019,Ethnicity,PctByCount,86.97,78.61,3.35,2.20,1.41,1.17,0.22,,,,,,,,,,,,,,,,,,,,,,,,,,,,,,,,,,,,,,,,,,,,,,,,,,,,,,,,,,,,,,,
---------- tabulation on  Samoa 2019 Language,,,,,,,,,,,,,,,,,,,,,,,,,,,,,,,,,,,,,,,,,,,,,,,,,,,,,,,,,,,,,,,,,,,,,,,,
Samoa2019,Language,Code,Total,1,2,6,3,,,,,,,,,,,,,,,,,,,,,,,,,,,,,,,,,,,,,,,,,,,,,,,,,,,,,,,,,,,,,,,,,
Samoa2019,Language,PctByCount,86.9659863945578,85.0612245,1.4693878,0.2993197,0.1360544,,,,,,,,,,,,,,,,,,,,,,,,,,,,,,,,,,,,,,,,,,,,,,,,,,,,,,,,,,,,,,,,,
Samoa2019,Language,Name,Total,SAMOAN,ENGLISH,OTHER LANGUAGE ,CHINESE,,,,,,,,,,,,,,,,,,,,,,,,,,,,,,,,,,,,,,,,,,,,,,,,,,,,,,,,,,,,,,,,,
Samoa2019,Language,PctByCount,86.9659863945578,85.0612245,1.4693878,0.2993197,0.1360544,,,,,,,,,,,,,,,,,,,,,,,,,,,,,,,,,,,,,,,,,,,,,,,,,,,,,,,,,,,,,,,,,
